dataset,relative_path,absolute_path,size_bytes,extension,mime_type,sha256,archive_contents,parse_info,issues
construction_bim_core,Cerebrum-Blocks/block_store/kits/construction_bim_core/CONTRIBUTING.md,C:/Users/shimm/Cerebrum-Blocks/block_store/kits/construction_bim_core/CONTRIBUTING.md,3350,.md,application/octet-stream,5f2d3e072efefe76b0a01cc2fb8eb7a32ae5cd1bf356c666d2c7927ad0540106,null,"{""encoding"": ""ascii"", ""sample_lines"": 5}",
construction_bim_core,Cerebrum-Blocks/block_store/kits/construction_bim_core/ifc-bench-v1.csv,C:/Users/shimm/Cerebrum-Blocks/block_store/kits/construction_bim_core/ifc-bench-v1.csv,17143,.csv,application/vnd.ms-excel,f67a48770d74b6e0ff0868c923c3e1d976110350b2c439564d7ceccc16a46f35,null,"{""rows"": 105, ""columns"": 4, ""header"": [""question"", ""answer"", ""ifc_model"", ""project""]}",
construction_bim_core,Cerebrum-Blocks/block_store/kits/construction_bim_core/ifc-bench-v2.csv,C:/Users/shimm/Cerebrum-Blocks/block_store/kits/construction_bim_core/ifc-bench-v2.csv,469100,.csv,application/vnd.ms-excel,e47ccd097306f5bca49b9c8ac0b4cd72f296df9f7ff7a02625b3f06c1691da9b,null,"{""rows"": 1026, ""columns"": 6, ""header"": [""id"", ""question"", ""ground_truth"", ""ifc_model"", ""project"", ""category""]}",
construction_bim_core,Cerebrum-Blocks/block_store/kits/construction_bim_core/LICENSE,C:/Users/shimm/Cerebrum-Blocks/block_store/kits/construction_bim_core/LICENSE,1800,,application/octet-stream,458a6aea35d8fc3abdcd22e36a94ff2ae1053a9eabc6719192dac20880cb5c41,null,{},
construction_bim_core,Cerebrum-Blocks/block_store/kits/construction_bim_core/README.md,C:/Users/shimm/Cerebrum-Blocks/block_store/kits/construction_bim_core/README.md,17951,.md,application/octet-stream,cce411b1451c348b88e5988316b2e0431b25b9bd0794c1789d7419cab1a00329,null,"{""encoding"": ""utf-8"", ""sample_lines"": 5}",
construction_bim_core,Cerebrum-Blocks/block_store/kits/construction_bim_core/projects/4351/license.txt,C:/Users/shimm/Cerebrum-Blocks/block_store/kits/construction_bim_core/projects/4351/license.txt,664,.txt,text/plain,47ae3548194e4defc3400ba1b54a71966f5bc913211cd3a348c68235d8d4b19b,null,"{""encoding"": ""ascii"", ""sample_lines"": 5}",
construction_bim_core,Cerebrum-Blocks/block_store/kits/construction_bim_core/projects/4351/model_card.md,C:/Users/shimm/Cerebrum-Blocks/block_store/kits/construction_bim_core/projects/4351/model_card.md,453,.md,application/octet-stream,67eab980fad3cba4db40ff31c41b7759e5701c46a138b56d100b799ce8b08113,null,"{""encoding"": ""ascii"", ""sample_lines"": 5}",
construction_bim_core,Cerebrum-Blocks/block_store/kits/construction_bim_core/projects/ac20/license.txt,C:/Users/shimm/Cerebrum-Blocks/block_store/kits/construction_bim_core/projects/ac20/license.txt,355,.txt,text/plain,df953f8d88f873720f4b819fc580b1dc9c3f4f1ff5e16c946d7bd4c35bcf3cf6,null,"{""encoding"": ""ascii"", ""sample_lines"": 4}",
construction_bim_core,Cerebrum-Blocks/block_store/kits/construction_bim_core/projects/ac20/model_card.md,C:/Users/shimm/Cerebrum-Blocks/block_store/kits/construction_bim_core/projects/ac20/model_card.md,506,.md,application/octet-stream,19d0cd1f59f81cd15484df2c71ad307fb76cf3088eb6d1cb2e92511e2a7b00ef,null,"{""encoding"": ""ascii"", ""sample_lines"": 5}",
construction_bim_core,Cerebrum-Blocks/block_store/kits/construction_bim_core/projects/city_house_munich/license.txt,C:/Users/shimm/Cerebrum-Blocks/block_store/kits/construction_bim_core/projects/city_house_munich/license.txt,489,.txt,text/plain,6bdede1ac7ac323cd438618282ae21e7c42e4e7576171b588fecc260cc0ae393,null,"{""encoding"": ""ascii"", ""sample_lines"": 5}",
construction_bim_core,Cerebrum-Blocks/block_store/kits/construction_bim_core/projects/city_house_munich/model_card.md,C:/Users/shimm/Cerebrum-Blocks/block_store/kits/construction_bim_core/projects/city_house_munich/model_card.md,419,.md,application/octet-stream,1145240580cedde9f90985f11c144ea261170c622d8d15ad99143b9189982512,null,"{""encoding"": ""ascii"", ""sample_lines"": 5}",
construction_bim_core,Cerebrum-Blocks/block_store/kits/construction_bim_core/projects/dental_clinic/license.txt,C:/Users/shimm/Cerebrum-Blocks/block_store/kits/construction_bim_core/projects/dental_clinic/license.txt,404,.txt,text/plain,9e3e0deafee61941c22d85bd744e9ab0e870691017600a97f24e5fa2a9b62298,null,"{""encoding"": ""ascii"", ""sample_lines"": 4}",
construction_bim_core,Cerebrum-Blocks/block_store/kits/construction_bim_core/projects/dental_clinic/model_card.md,C:/Users/shimm/Cerebrum-Blocks/block_store/kits/construction_bim_core/projects/dental_clinic/model_card.md,931,.md,application/octet-stream,ed324f3c923673e16b5c96de6ef5f5dc30ad0490fdaa4af1e331000cbcd299ae,null,"{""encoding"": ""ascii"", ""sample_lines"": 5}",
construction_bim_core,Cerebrum-Blocks/block_store/kits/construction_bim_core/projects/digital_hub/license.txt,C:/Users/shimm/Cerebrum-Blocks/block_store/kits/construction_bim_core/projects/digital_hub/license.txt,1141,.txt,text/plain,232af45af192ff1f35f230333091b2b222b559073e800849cb0f0e11092d924a,null,"{""encoding"": ""ascii"", ""sample_lines"": 5}",
construction_bim_core,Cerebrum-Blocks/block_store/kits/construction_bim_core/projects/digital_hub/model_card.md,C:/Users/shimm/Cerebrum-Blocks/block_store/kits/construction_bim_core/projects/digital_hub/model_card.md,1005,.md,application/octet-stream,511ca0519f101edc73740be4892eaa3273db0db1b559ae8fb385d428d46edd1f,null,"{""encoding"": ""ascii"", ""sample_lines"": 5}",
construction_bim_core,Cerebrum-Blocks/block_store/kits/construction_bim_core/projects/duplex/arc.ifc,C:/Users/shimm/Cerebrum-Blocks/block_store/kits/construction_bim_core/projects/duplex/arc.ifc,1656153,.ifc,application/octet-stream,707a032566dee8e969a44d95509be46d646440e2443624709f8d3ae2b45f4656,null,{},
construction_bim_core,Cerebrum-Blocks/block_store/kits/construction_bim_core/projects/duplex/license.txt,C:/Users/shimm/Cerebrum-Blocks/block_store/kits/construction_bim_core/projects/duplex/license.txt,401,.txt,text/plain,0fa6d676189799f0f7bd260b3d8b240bd097b41685d701b937fde7067456a1fe,null,"{""encoding"": ""ascii"", ""sample_lines"": 4}",
construction_bim_core,Cerebrum-Blocks/block_store/kits/construction_bim_core/projects/duplex/model_card.md,C:/Users/shimm/Cerebrum-Blocks/block_store/kits/construction_bim_core/projects/duplex/model_card.md,794,.md,application/octet-stream,52dad64cb8064d0d3bf37ab131b3bb26332349abb8c77038f10e66f45f5bdd90,null,"{""encoding"": ""utf-8"", ""sample_lines"": 5}",
construction_bim_core,Cerebrum-Blocks/block_store/kits/construction_bim_core/projects/ettenheim_gis/license.txt,C:/Users/shimm/Cerebrum-Blocks/block_store/kits/construction_bim_core/projects/ettenheim_gis/license.txt,664,.txt,text/plain,47ae3548194e4defc3400ba1b54a71966f5bc913211cd3a348c68235d8d4b19b,null,"{""encoding"": ""ascii"", ""sample_lines"": 5}",
construction_bim_core,Cerebrum-Blocks/block_store/kits/construction_bim_core/projects/ettenheim_gis/model_card.md,C:/Users/shimm/Cerebrum-Blocks/block_store/kits/construction_bim_core/projects/ettenheim_gis/model_card.md,433,.md,application/octet-stream,3b2d69988c209e7c9c4fde290bdd6809cdeae88aed19e67c8fb004151cb72cc3,null,"{""encoding"": ""ascii"", ""sample_lines"": 5}",
construction_bim_core,Cerebrum-Blocks/block_store/kits/construction_bim_core/projects/fantasy_hotel_1/license.txt,C:/Users/shimm/Cerebrum-Blocks/block_store/kits/construction_bim_core/projects/fantasy_hotel_1/license.txt,1094,.txt,text/plain,4ed1230e1a64393492643218e984c08b37dc2ae1369c56c85804effc311459d5,null,"{""encoding"": ""ascii"", ""sample_lines"": 5}",
construction_bim_core,Cerebrum-Blocks/block_store/kits/construction_bim_core/projects/fantasy_hotel_1/model_card.md,C:/Users/shimm/Cerebrum-Blocks/block_store/kits/construction_bim_core/projects/fantasy_hotel_1/model_card.md,429,.md,application/octet-stream,3f55ce8326c5d00ad578e16824bea7b0aaa1fa514e771aee46290d30b9b03be8,null,"{""encoding"": ""ascii"", ""sample_lines"": 5}",
construction_bim_core,Cerebrum-Blocks/block_store/kits/construction_bim_core/projects/fantasy_hotel_2/license.txt,C:/Users/shimm/Cerebrum-Blocks/block_store/kits/construction_bim_core/projects/fantasy_hotel_2/license.txt,1094,.txt,text/plain,4ed1230e1a64393492643218e984c08b37dc2ae1369c56c85804effc311459d5,null,"{""encoding"": ""ascii"", ""sample_lines"": 5}",
construction_bim_core,Cerebrum-Blocks/block_store/kits/construction_bim_core/projects/fantasy_hotel_2/model_card.md,C:/Users/shimm/Cerebrum-Blocks/block_store/kits/construction_bim_core/projects/fantasy_hotel_2/model_card.md,429,.md,application/octet-stream,70af190364ac590b6c100a0b3510de372f41df2404a7582b9ba4b51c92913f59,null,"{""encoding"": ""ascii"", ""sample_lines"": 5}",
construction_bim_core,Cerebrum-Blocks/block_store/kits/construction_bim_core/projects/fantasy_office_building_1/license.txt,C:/Users/shimm/Cerebrum-Blocks/block_store/kits/construction_bim_core/projects/fantasy_office_building_1/license.txt,1094,.txt,text/plain,4ed1230e1a64393492643218e984c08b37dc2ae1369c56c85804effc311459d5,null,"{""encoding"": ""ascii"", ""sample_lines"": 5}",
construction_bim_core,Cerebrum-Blocks/block_store/kits/construction_bim_core/projects/fantasy_office_building_1/model_card.md,C:/Users/shimm/Cerebrum-Blocks/block_store/kits/construction_bim_core/projects/fantasy_office_building_1/model_card.md,446,.md,application/octet-stream,6a970661835ae5464b677eba400d3a2da468850cf9e232e24041392740195b1e,null,"{""encoding"": ""ascii"", ""sample_lines"": 5}",
construction_bim_core,Cerebrum-Blocks/block_store/kits/construction_bim_core/projects/fantasy_office_building_2/license.txt,C:/Users/shimm/Cerebrum-Blocks/block_store/kits/construction_bim_core/projects/fantasy_office_building_2/license.txt,1094,.txt,text/plain,4ed1230e1a64393492643218e984c08b37dc2ae1369c56c85804effc311459d5,null,"{""encoding"": ""ascii"", ""sample_lines"": 5}",
construction_bim_core,Cerebrum-Blocks/block_store/kits/construction_bim_core/projects/fantasy_office_building_2/model_card.md,C:/Users/shimm/Cerebrum-Blocks/block_store/kits/construction_bim_core/projects/fantasy_office_building_2/model_card.md,446,.md,application/octet-stream,eb85c3e69a6d9f40e51b6a2d090d812c88b27dc9b62fe8abb50aeb3cc900b306,null,"{""encoding"": ""ascii"", ""sample_lines"": 5}",
construction_bim_core,Cerebrum-Blocks/block_store/kits/construction_bim_core/projects/fantasy_office_building_3/license.txt,C:/Users/shimm/Cerebrum-Blocks/block_store/kits/construction_bim_core/projects/fantasy_office_building_3/license.txt,1094,.txt,text/plain,4ed1230e1a64393492643218e984c08b37dc2ae1369c56c85804effc311459d5,null,"{""encoding"": ""ascii"", ""sample_lines"": 5}",
construction_bim_core,Cerebrum-Blocks/block_store/kits/construction_bim_core/projects/fantasy_office_building_3/model_card.md,C:/Users/shimm/Cerebrum-Blocks/block_store/kits/construction_bim_core/projects/fantasy_office_building_3/model_card.md,446,.md,application/octet-stream,691ac34810483889c05cbebfe60d99ac2cb53de8ab220f5804ecd32a30450e27,null,"{""encoding"": ""ascii"", ""sample_lines"": 5}",
construction_bim_core,Cerebrum-Blocks/block_store/kits/construction_bim_core/projects/fantasy_residential_building_1/license.txt,C:/Users/shimm/Cerebrum-Blocks/block_store/kits/construction_bim_core/projects/fantasy_residential_building_1/license.txt,1094,.txt,text/plain,4ed1230e1a64393492643218e984c08b37dc2ae1369c56c85804effc311459d5,null,"{""encoding"": ""ascii"", ""sample_lines"": 5}",
construction_bim_core,Cerebrum-Blocks/block_store/kits/construction_bim_core/projects/fantasy_residential_building_1/model_card.md,C:/Users/shimm/Cerebrum-Blocks/block_store/kits/construction_bim_core/projects/fantasy_residential_building_1/model_card.md,466,.md,application/octet-stream,dcf432728a5278b7f68b5955ad6e0a69fe8041c608ec30f212a0192f33ae8105,null,"{""encoding"": ""ascii"", ""sample_lines"": 5}",
construction_bim_core,Cerebrum-Blocks/block_store/kits/construction_bim_core/projects/fzk_house/license.txt,C:/Users/shimm/Cerebrum-Blocks/block_store/kits/construction_bim_core/projects/fzk_house/license.txt,355,.txt,text/plain,df953f8d88f873720f4b819fc580b1dc9c3f4f1ff5e16c946d7bd4c35bcf3cf6,null,"{""encoding"": ""ascii"", ""sample_lines"": 4}",
construction_bim_core,Cerebrum-Blocks/block_store/kits/construction_bim_core/projects/fzk_house/model_card.md,C:/Users/shimm/Cerebrum-Blocks/block_store/kits/construction_bim_core/projects/fzk_house/model_card.md,496,.md,application/octet-stream,e5b793e318e012d4f207b82f66544ed582bc3f0a7b33e4eb0f65309eead503dd,null,"{""encoding"": ""ascii"", ""sample_lines"": 5}",
construction_bim_core,Cerebrum-Blocks/block_store/kits/construction_bim_core/projects/hitos/license.txt,C:/Users/shimm/Cerebrum-Blocks/block_store/kits/construction_bim_core/projects/hitos/license.txt,664,.txt,text/plain,47ae3548194e4defc3400ba1b54a71966f5bc913211cd3a348c68235d8d4b19b,null,"{""encoding"": ""ascii"", ""sample_lines"": 5}",
construction_bim_core,Cerebrum-Blocks/block_store/kits/construction_bim_core/projects/hitos/model_card.md,C:/Users/shimm/Cerebrum-Blocks/block_store/kits/construction_bim_core/projects/hitos/model_card.md,433,.md,application/octet-stream,bedc042a2e3d4201f37d5fddaed9c35f391f74e6f9ecba86cc370490062ad124,null,"{""encoding"": ""ascii"", ""sample_lines"": 5}",
construction_bim_core,Cerebrum-Blocks/block_store/kits/construction_bim_core/projects/molio/license.txt,C:/Users/shimm/Cerebrum-Blocks/block_store/kits/construction_bim_core/projects/molio/license.txt,328,.txt,text/plain,0e7810040d1aff5bd870bef7cf5c4675a6fb11a49113c7115152b4a8b8efd810,null,"{""encoding"": ""ascii"", ""sample_lines"": 4}",
construction_bim_core,Cerebrum-Blocks/block_store/kits/construction_bim_core/projects/molio/model_card.md,C:/Users/shimm/Cerebrum-Blocks/block_store/kits/construction_bim_core/projects/molio/model_card.md,478,.md,application/octet-stream,098d46b0529b39575ec4aac4d675c727f97a57a5d6f86864fa04b0da398b99a5,null,"{""encoding"": ""ascii"", ""sample_lines"": 5}",
construction_bim_core,Cerebrum-Blocks/block_store/kits/construction_bim_core/projects/samuel_macalister_sample_house/license.txt,C:/Users/shimm/Cerebrum-Blocks/block_store/kits/construction_bim_core/projects/samuel_macalister_sample_house/license.txt,664,.txt,text/plain,47ae3548194e4defc3400ba1b54a71966f5bc913211cd3a348c68235d8d4b19b,null,"{""encoding"": ""ascii"", ""sample_lines"": 5}",
construction_bim_core,Cerebrum-Blocks/block_store/kits/construction_bim_core/projects/samuel_macalister_sample_house/model_card.md,C:/Users/shimm/Cerebrum-Blocks/block_store/kits/construction_bim_core/projects/samuel_macalister_sample_house/model_card.md,618,.md,application/octet-stream,a5f11ef2fbf20950bac35cce3c8deeb927da2d4deda0ac0249e38b7391f325f5,null,"{""encoding"": ""ascii"", ""sample_lines"": 5}",
construction_bim_core,Cerebrum-Blocks/block_store/kits/construction_bim_core/projects/schependomlaan/license.txt,C:/Users/shimm/Cerebrum-Blocks/block_store/kits/construction_bim_core/projects/schependomlaan/license.txt,216,.txt,text/plain,aec3da830db52f4a331d6b2252e038c245749879f90570da1eb023c61e3d9e5e,null,"{""encoding"": ""ascii"", ""sample_lines"": 3}",
construction_bim_core,Cerebrum-Blocks/block_store/kits/construction_bim_core/projects/schependomlaan/model_card.md,C:/Users/shimm/Cerebrum-Blocks/block_store/kits/construction_bim_core/projects/schependomlaan/model_card.md,439,.md,application/octet-stream,4feb14232157b80c6ef4cec7a474dace40229a32a6a948d0178fa878be5b1004,null,"{""encoding"": ""ascii"", ""sample_lines"": 5}",
construction_bim_core,Cerebrum-Blocks/block_store/kits/construction_bim_core/projects/sixty5/license.txt,C:/Users/shimm/Cerebrum-Blocks/block_store/kits/construction_bim_core/projects/sixty5/license.txt,335,.txt,text/plain,6cf6c9c5da2e192d888b3727eb23632c17096f0fae23f8295d853cc3a71c4d41,null,"{""encoding"": ""ascii"", ""sample_lines"": 4}",
construction_bim_core,Cerebrum-Blocks/block_store/kits/construction_bim_core/projects/sixty5/model_card.md,C:/Users/shimm/Cerebrum-Blocks/block_store/kits/construction_bim_core/projects/sixty5/model_card.md,1441,.md,application/octet-stream,8abb1b6f1b78644f6c87b9af7cedc52c41806a586d60df721a84666adaf170a9,null,"{""encoding"": ""ascii"", ""sample_lines"": 5}",
construction_bim_core,Cerebrum-Blocks/block_store/kits/construction_bim_core/projects/smiley_west/license.txt,C:/Users/shimm/Cerebrum-Blocks/block_store/kits/construction_bim_core/projects/smiley_west/license.txt,355,.txt,text/plain,df953f8d88f873720f4b819fc580b1dc9c3f4f1ff5e16c946d7bd4c35bcf3cf6,null,"{""encoding"": ""ascii"", ""sample_lines"": 4}",
construction_bim_core,Cerebrum-Blocks/block_store/kits/construction_bim_core/projects/smiley_west/model_card.md,C:/Users/shimm/Cerebrum-Blocks/block_store/kits/construction_bim_core/projects/smiley_west/model_card.md,500,.md,application/octet-stream,af90de55afe7b0a4c0521db74934b3bcfebe2cc1069a90770d06a8807823f119,null,"{""encoding"": ""ascii"", ""sample_lines"": 5}",
construction_bim_core,Cerebrum-Blocks/block_store/kits/construction_bim_core/projects/wbdg_office/license.txt,C:/Users/shimm/Cerebrum-Blocks/block_store/kits/construction_bim_core/projects/wbdg_office/license.txt,404,.txt,text/plain,9e3e0deafee61941c22d85bd744e9ab0e870691017600a97f24e5fa2a9b62298,null,"{""encoding"": ""ascii"", ""sample_lines"": 4}",
construction_bim_core,Cerebrum-Blocks/block_store/kits/construction_bim_core/projects/wbdg_office/model_card.md,C:/Users/shimm/Cerebrum-Blocks/block_store/kits/construction_bim_core/projects/wbdg_office/model_card.md,771,.md,application/octet-stream,0087e82d8d795560c6c0078aa03fc107a4d13a42c3e8f9fe45e4c6730a5373cf,null,"{""encoding"": ""ascii"", ""sample_lines"": 5}",
construction_bim_core,Cerebrum-Blocks/block_store/kits/construction_bim_core/projects/west_riverside_hospital/license.txt,C:/Users/shimm/Cerebrum-Blocks/block_store/kits/construction_bim_core/projects/west_riverside_hospital/license.txt,1059,.txt,text/plain,2d7d4e28831e12cc6ae47ec03560d602e139f1f73617bb2ed3dfe1782e8c97f4,null,"{""encoding"": ""ascii"", ""sample_lines"": 5}",
construction_bim_core,Cerebrum-Blocks/block_store/kits/construction_bim_core/projects/west_riverside_hospital/model_card.md,C:/Users/shimm/Cerebrum-Blocks/block_store/kits/construction_bim_core/projects/west_riverside_hospital/model_card.md,4571,.md,application/octet-stream,3513e60bbaa3202fb9c54a014bdcbe38b46ba7b426e3ecc45f3b11d33ef4b6ff,null,"{""encoding"": ""ascii"", ""sample_lines"": 5}",
legal_general_retrieval_eval,Cerebrum-Blocks/block_store/kits/legal_general_retrieval_eval/LICENSE,C:/Users/shimm/Cerebrum-Blocks/block_store/kits/legal_general_retrieval_eval/LICENSE,1078,,application/octet-stream,f96e875092ca8ab29cf198697cc98289ae9df4e7f9de300f060b3b3e03e8bcaa,null,{},
legal_general_retrieval_eval,Cerebrum-Blocks/block_store/kits/legal_general_retrieval_eval/README.md,C:/Users/shimm/Cerebrum-Blocks/block_store/kits/legal_general_retrieval_eval/README.md,5734,.md,application/octet-stream,bb89ce40b68f0803b1bfdfb48ae176a5f29d3ed874bcb1cbbdf52ead0e0d9871,null,"{""encoding"": ""utf-8"", ""sample_lines"": 5}",
legal_general_retrieval_eval,Cerebrum-Blocks/block_store/kits/legal_general_retrieval_eval/benchmarks/contractnli.json,C:/Users/shimm/Cerebrum-Blocks/block_store/kits/legal_general_retrieval_eval/benchmarks/contractnli.json,1079894,.json,application/json,bc60963c4880e3db3141e96f3a7b75e1dbe195cba8f10f0658872f43430fc77a,null,"{""rows"": null, ""type"": ""dict"", ""keys"": [""tests""]}",
legal_general_retrieval_eval,Cerebrum-Blocks/block_store/kits/legal_general_retrieval_eval/benchmarks/cuad.json,C:/Users/shimm/Cerebrum-Blocks/block_store/kits/legal_general_retrieval_eval/benchmarks/cuad.json,5331921,.json,application/json,8e0405b15fb8869c631da424372b488e274f253a81634b78803b21c72c0601f9,null,"{""rows"": null, ""type"": ""dict"", ""keys"": [""tests""]}",
legal_general_retrieval_eval,Cerebrum-Blocks/block_store/kits/legal_general_retrieval_eval/benchmarks/maud.json,C:/Users/shimm/Cerebrum-Blocks/block_store/kits/legal_general_retrieval_eval/benchmarks/maud.json,3259893,.json,application/json,82ef159b87f73a9c68e7143fac88bf47ac212713b56617d7e87d6f1f0a781daf,null,"{""rows"": null, ""type"": ""dict"", ""keys"": [""tests""]}",
legal_general_retrieval_eval,Cerebrum-Blocks/block_store/kits/legal_general_retrieval_eval/benchmarks/privacy_qa.json,C:/Users/shimm/Cerebrum-Blocks/block_store/kits/legal_general_retrieval_eval/benchmarks/privacy_qa.json,376390,.json,application/json,12c7afcb0e6e84cdff59914495c3bce005d10bb4665cae12b64a9b57af8fb7b6,null,"{""rows"": null, ""type"": ""dict"", ""keys"": [""tests""]}",
legal_general_retrieval_eval,Cerebrum-Blocks/block_store/kits/legal_general_retrieval_eval/corpus/contractnli/01_Bosch-Automotive-Service-Solutions-Mutual-Non-Disclosure-Agreement-7-12-17.txt,C:/Users/shimm/Cerebrum-Blocks/block_store/kits/legal_general_retrieval_eval/corpus/contractnli/01_Bosch-Automotive-Service-Solutions-Mutual-Non-Disclosure-Agreement-7-12-17.txt,15363,.txt,text/plain,2fde4ae3dcf8c49f2c0a819ddc2d4ed33c96141fc25a0cc2d34afe5576558f79,null,"{""encoding"": ""utf-8"", ""sample_lines"": 5}",
legal_general_retrieval_eval,Cerebrum-Blocks/block_store/kits/legal_general_retrieval_eval/corpus/contractnli/12032018_NDA_The%20Munt_EN.txt,C:/Users/shimm/Cerebrum-Blocks/block_store/kits/legal_general_retrieval_eval/corpus/contractnli/12032018_NDA_The%20Munt_EN.txt,6933,.txt,text/plain,4a7b721fbe26c187b45a136f743905fc88cd090e88ecad8f2e692d5ac1cd0ec1,null,"{""encoding"": ""utf-8"", ""sample_lines"": 5}",
legal_general_retrieval_eval,Cerebrum-Blocks/block_store/kits/legal_general_retrieval_eval/corpus/contractnli/5-NSK-Confidentiality-Agreement-for-Suppliers.txt,C:/Users/shimm/Cerebrum-Blocks/block_store/kits/legal_general_retrieval_eval/corpus/contractnli/5-NSK-Confidentiality-Agreement-for-Suppliers.txt,12526,.txt,text/plain,51bc00059fc8a1982718dde0fca6cbc0bcf65db899041a1b22c940d776ed79fd,null,"{""encoding"": ""utf-8"", ""sample_lines"": 5}",
legal_general_retrieval_eval,Cerebrum-Blocks/block_store/kits/legal_general_retrieval_eval/corpus/contractnli/ADVANIDE-NON-DISCLOSURE-AGREEMENT.txt,C:/Users/shimm/Cerebrum-Blocks/block_store/kits/legal_general_retrieval_eval/corpus/contractnli/ADVANIDE-NON-DISCLOSURE-AGREEMENT.txt,6201,.txt,text/plain,c1e6dc2b50e0a8f05fb1ec94e9937e46a8d3d7344e18fde4d88d70cb96a00ac4,null,"{""encoding"": ""utf-8"", ""sample_lines"": 5}",
legal_general_retrieval_eval,Cerebrum-Blocks/block_store/kits/legal_general_retrieval_eval/corpus/contractnli/AfriGIS_Client-NDA_Template_2019.txt,C:/Users/shimm/Cerebrum-Blocks/block_store/kits/legal_general_retrieval_eval/corpus/contractnli/AfriGIS_Client-NDA_Template_2019.txt,24308,.txt,text/plain,e813f936d17b5794f00dcf335ce2bdd23dbf4596114dfc2ecbf3fe6cf24808a9,null,"{""encoding"": ""utf-8"", ""sample_lines"": 5}",
legal_general_retrieval_eval,Cerebrum-Blocks/block_store/kits/legal_general_retrieval_eval/corpus/contractnli/AGProjects-NDA.txt,C:/Users/shimm/Cerebrum-Blocks/block_store/kits/legal_general_retrieval_eval/corpus/contractnli/AGProjects-NDA.txt,8436,.txt,text/plain,af8288e85baeb727e176bbfa849aab989e2a8d0bc9f89a171ffec9faa4ff44e8,null,"{""encoding"": ""utf-8"", ""sample_lines"": 5}",
legal_general_retrieval_eval,Cerebrum-Blocks/block_store/kits/legal_general_retrieval_eval/corpus/contractnli/amc-general-mutual-non-disclosure-agreement-en-gb.txt,C:/Users/shimm/Cerebrum-Blocks/block_store/kits/legal_general_retrieval_eval/corpus/contractnli/amc-general-mutual-non-disclosure-agreement-en-gb.txt,10471,.txt,text/plain,a4408000dd6c9b4bf17ff9f3228da188cdbf6b13f9e6bab83feb3bd1e6e1615b,null,"{""encoding"": ""utf-8"", ""sample_lines"": 5}",
legal_general_retrieval_eval,Cerebrum-Blocks/block_store/kits/legal_general_retrieval_eval/corpus/contractnli/Aspiegel_NDA_template.txt,C:/Users/shimm/Cerebrum-Blocks/block_store/kits/legal_general_retrieval_eval/corpus/contractnli/Aspiegel_NDA_template.txt,12931,.txt,text/plain,35dffa175515e10f3a4c9bbe61c49bae5f8a1e6d619336613273fbe0ce0e78b1,null,"{""encoding"": ""utf-8"", ""sample_lines"": 5}",
legal_general_retrieval_eval,Cerebrum-Blocks/block_store/kits/legal_general_retrieval_eval/corpus/contractnli/BCG-Mutual-NDA.txt,C:/Users/shimm/Cerebrum-Blocks/block_store/kits/legal_general_retrieval_eval/corpus/contractnli/BCG-Mutual-NDA.txt,8683,.txt,text/plain,6cd0c1665fefd68f7d01891ea6461f143dea30bf36fa8ef72d45c593f248febc,null,"{""encoding"": ""utf-8"", ""sample_lines"": 5}",
legal_general_retrieval_eval,Cerebrum-Blocks/block_store/kits/legal_general_retrieval_eval/corpus/contractnli/BT_NDA.txt,C:/Users/shimm/Cerebrum-Blocks/block_store/kits/legal_general_retrieval_eval/corpus/contractnli/BT_NDA.txt,10602,.txt,text/plain,3515f51a7c25a9eb5991dc3a9e3421b8b6d99d50dcde21abcbeb17652d84da43,null,"{""encoding"": ""utf-8"", ""sample_lines"": 5}",
legal_general_retrieval_eval,Cerebrum-Blocks/block_store/kits/legal_general_retrieval_eval/corpus/contractnli/CBP%20Non-Disclosure%20Form_October2018.txt,C:/Users/shimm/Cerebrum-Blocks/block_store/kits/legal_general_retrieval_eval/corpus/contractnli/CBP%20Non-Disclosure%20Form_October2018.txt,12938,.txt,text/plain,e357bc04d41e4165e97d7579f04446517ad74675de15204d6988751560e6dd25,null,"{""encoding"": ""utf-8"", ""sample_lines"": 5}",
legal_general_retrieval_eval,Cerebrum-Blocks/block_store/kits/legal_general_retrieval_eval/corpus/contractnli/ceii-and-nda.txt,C:/Users/shimm/Cerebrum-Blocks/block_store/kits/legal_general_retrieval_eval/corpus/contractnli/ceii-and-nda.txt,16687,.txt,text/plain,772d7e864c838149da4b5b0074f5954fcaafac9648ae4578522cec208d703ed9,null,"{""encoding"": ""utf-8"", ""sample_lines"": 5}",
legal_general_retrieval_eval,Cerebrum-Blocks/block_store/kits/legal_general_retrieval_eval/corpus/contractnli/CopAcc_NDA-and-ToP-Mentors_2.0_2017.txt,C:/Users/shimm/Cerebrum-Blocks/block_store/kits/legal_general_retrieval_eval/corpus/contractnli/CopAcc_NDA-and-ToP-Mentors_2.0_2017.txt,14977,.txt,text/plain,189543a6b7b162609cd8de15730b6f7084b8956a666a2befaca102013226f3d3,null,"{""encoding"": ""utf-8"", ""sample_lines"": 5}",
legal_general_retrieval_eval,Cerebrum-Blocks/block_store/kits/legal_general_retrieval_eval/corpus/contractnli/Data Use Agreement New York City.txt,C:/Users/shimm/Cerebrum-Blocks/block_store/kits/legal_general_retrieval_eval/corpus/contractnli/Data Use Agreement New York City.txt,23456,.txt,text/plain,3d830d33723fdde4bfb52cf398295b597b9e5b61814641b9d93b6996a846dc00,null,"{""encoding"": ""utf-8"", ""sample_lines"": 5}",
legal_general_retrieval_eval,Cerebrum-Blocks/block_store/kits/legal_general_retrieval_eval/corpus/contractnli/Data_Use_and_Non_Disclosure_Data_Disclosed_to_MDCH_Trauma_Registry_Final_465518_7.txt,C:/Users/shimm/Cerebrum-Blocks/block_store/kits/legal_general_retrieval_eval/corpus/contractnli/Data_Use_and_Non_Disclosure_Data_Disclosed_to_MDCH_Trauma_Registry_Final_465518_7.txt,4457,.txt,text/plain,de4392dfcd5415a9cec4de1669d68072efa291ca1d324fea1d2e65a5cac99d21,null,"{""encoding"": ""utf-8"", ""sample_lines"": 5}",
legal_general_retrieval_eval,Cerebrum-Blocks/block_store/kits/legal_general_retrieval_eval/corpus/contractnli/DBT%20Mutual%20NDA.txt,C:/Users/shimm/Cerebrum-Blocks/block_store/kits/legal_general_retrieval_eval/corpus/contractnli/DBT%20Mutual%20NDA.txt,7553,.txt,text/plain,c96bfb12addbdb0952834346d4efe6fa1afff775f5246b8819d30e4d46a23169,null,"{""encoding"": ""utf-8"", ""sample_lines"": 5}",
legal_general_retrieval_eval,Cerebrum-Blocks/block_store/kits/legal_general_retrieval_eval/corpus/contractnli/dhs-nda.txt,C:/Users/shimm/Cerebrum-Blocks/block_store/kits/legal_general_retrieval_eval/corpus/contractnli/dhs-nda.txt,12938,.txt,text/plain,e357bc04d41e4165e97d7579f04446517ad74675de15204d6988751560e6dd25,null,"{""encoding"": ""utf-8"", ""sample_lines"": 5}",
legal_general_retrieval_eval,Cerebrum-Blocks/block_store/kits/legal_general_retrieval_eval/corpus/contractnli/DoiT-ICN-NonDisclosure-Agreement.txt,C:/Users/shimm/Cerebrum-Blocks/block_store/kits/legal_general_retrieval_eval/corpus/contractnli/DoiT-ICN-NonDisclosure-Agreement.txt,4036,.txt,text/plain,e063b664ecf05d00ee38a68e5c29959049d2e4456f188e5c8075b3d54a06457a,null,"{""encoding"": ""utf-8"", ""sample_lines"": 5}",
legal_general_retrieval_eval,Cerebrum-Blocks/block_store/kits/legal_general_retrieval_eval/corpus/contractnli/EFCAConfidentialityAgreement.txt,C:/Users/shimm/Cerebrum-Blocks/block_store/kits/legal_general_retrieval_eval/corpus/contractnli/EFCAConfidentialityAgreement.txt,6770,.txt,text/plain,bb61871a9162d3dd50d148b378286a79d3dece7463a899bc705fbcd28f0cfc0e,null,"{""encoding"": ""utf-8"", ""sample_lines"": 5}",
legal_general_retrieval_eval,Cerebrum-Blocks/block_store/kits/legal_general_retrieval_eval/corpus/contractnli/eHandshake_Non_Disclosure_Agreement.txt,C:/Users/shimm/Cerebrum-Blocks/block_store/kits/legal_general_retrieval_eval/corpus/contractnli/eHandshake_Non_Disclosure_Agreement.txt,6953,.txt,text/plain,55a10eb6836aa786d23a0f8e818febb2b6cbbfe17c90bb181bc5b5251e83f944,null,"{""encoding"": ""utf-8"", ""sample_lines"": 5}",
legal_general_retrieval_eval,Cerebrum-Blocks/block_store/kits/legal_general_retrieval_eval/corpus/contractnli/epsteen_nda.txt,C:/Users/shimm/Cerebrum-Blocks/block_store/kits/legal_general_retrieval_eval/corpus/contractnli/epsteen_nda.txt,6516,.txt,text/plain,09364a4fdc1e1088018d35d1e3f80ed03016d852ff76bfb3f027ee27611b1c07,null,"{""encoding"": ""utf-8"", ""sample_lines"": 5}",
legal_general_retrieval_eval,Cerebrum-Blocks/block_store/kits/legal_general_retrieval_eval/corpus/contractnli/Eskom%20Template%20Confidentiality%20and%20Non-disclosure%20Agreement%20Rev%204%20Effective%20August%202017_11.txt,C:/Users/shimm/Cerebrum-Blocks/block_store/kits/legal_general_retrieval_eval/corpus/contractnli/Eskom%20Template%20Confidentiality%20and%20Non-disclosure%20Agreement%20Rev%204%20Effective%20August%202017_11.txt,19039,.txt,text/plain,8dc0a9679b4184b334e6b0dad03d5a65a1f987a23515570067327befd16838ae,null,"{""encoding"": ""utf-8"", ""sample_lines"": 5}",
legal_general_retrieval_eval,Cerebrum-Blocks/block_store/kits/legal_general_retrieval_eval/corpus/contractnli/eulerhermes-nda.txt,C:/Users/shimm/Cerebrum-Blocks/block_store/kits/legal_general_retrieval_eval/corpus/contractnli/eulerhermes-nda.txt,6138,.txt,text/plain,90536a2f55a6750f9ccfe59a7c35ae62b10ae37a638a0a063cea25e7a702832c,null,"{""encoding"": ""utf-8"", ""sample_lines"": 5}",
legal_general_retrieval_eval,Cerebrum-Blocks/block_store/kits/legal_general_retrieval_eval/corpus/contractnli/Evelozcity%20OESA%20NDA.txt,C:/Users/shimm/Cerebrum-Blocks/block_store/kits/legal_general_retrieval_eval/corpus/contractnli/Evelozcity%20OESA%20NDA.txt,7884,.txt,text/plain,342cbc0e10cdda7227ef401765cc90656b24cf3637a01bcaf1121938a5458acd,null,"{""encoding"": ""utf-8"", ""sample_lines"": 5}",
legal_general_retrieval_eval,Cerebrum-Blocks/block_store/kits/legal_general_retrieval_eval/corpus/contractnli/ExcelerateStandardNDAFormat.txt,C:/Users/shimm/Cerebrum-Blocks/block_store/kits/legal_general_retrieval_eval/corpus/contractnli/ExcelerateStandardNDAFormat.txt,10723,.txt,text/plain,48730c8d5d8e8a3c67cf301b8da0a8cfc26652834cc3d8091c8f95e7b87000be,null,"{""encoding"": ""utf-8"", ""sample_lines"": 5}",
legal_general_retrieval_eval,Cerebrum-Blocks/block_store/kits/legal_general_retrieval_eval/corpus/contractnli/FNHA-2019RFP-02-NDA-form.txt,C:/Users/shimm/Cerebrum-Blocks/block_store/kits/legal_general_retrieval_eval/corpus/contractnli/FNHA-2019RFP-02-NDA-form.txt,5237,.txt,text/plain,14806d16eaf7837a82cd975ef5f442a84552bb341255aa4f983d2bfa9d2380a5,null,"{""encoding"": ""utf-8"", ""sample_lines"": 5}",
legal_general_retrieval_eval,Cerebrum-Blocks/block_store/kits/legal_general_retrieval_eval/corpus/contractnli/Focus-Group-APIC-Seattle-Confidentiality-Agreement-031115.txt,C:/Users/shimm/Cerebrum-Blocks/block_store/kits/legal_general_retrieval_eval/corpus/contractnli/Focus-Group-APIC-Seattle-Confidentiality-Agreement-031115.txt,2925,.txt,text/plain,d5017321972e0e683aa327e986cb708d14ea1e3e7f203561b3800924872db168,null,"{""encoding"": ""utf-8"", ""sample_lines"": 5}",
legal_general_retrieval_eval,Cerebrum-Blocks/block_store/kits/legal_general_retrieval_eval/corpus/contractnli/Geheimhaltungsvereinbarung_Abschlussarbeiten_HFU_englisch.txt,C:/Users/shimm/Cerebrum-Blocks/block_store/kits/legal_general_retrieval_eval/corpus/contractnli/Geheimhaltungsvereinbarung_Abschlussarbeiten_HFU_englisch.txt,5297,.txt,text/plain,0f91b1dfdd771f4f5c1eab5fe5cb1ad4eeb41f14d324aa6e6213bc2a2b09787d,null,"{""encoding"": ""utf-8"", ""sample_lines"": 5}",
legal_general_retrieval_eval,Cerebrum-Blocks/block_store/kits/legal_general_retrieval_eval/corpus/contractnli/GreenStorm%20NDCSC.txt,C:/Users/shimm/Cerebrum-Blocks/block_store/kits/legal_general_retrieval_eval/corpus/contractnli/GreenStorm%20NDCSC.txt,10987,.txt,text/plain,b4d8826bb1fd902812d67ae8f1effd3276fe6a54eee264a96d23bd9c9c08019d,null,"{""encoding"": ""utf-8"", ""sample_lines"": 5}",
legal_general_retrieval_eval,Cerebrum-Blocks/block_store/kits/legal_general_retrieval_eval/corpus/contractnli/Grindrod%20SA%20Confidentiality%20and%20Non-Disclosure%20Undertaking.txt,C:/Users/shimm/Cerebrum-Blocks/block_store/kits/legal_general_retrieval_eval/corpus/contractnli/Grindrod%20SA%20Confidentiality%20and%20Non-Disclosure%20Undertaking.txt,5549,.txt,text/plain,b9b7a580c0b5acfddc732d5cf745f4f4eae81eaa74f2dc5f784cddd68cfcdddf,null,"{""encoding"": ""utf-8"", ""sample_lines"": 5}",
legal_general_retrieval_eval,Cerebrum-Blocks/block_store/kits/legal_general_retrieval_eval/corpus/contractnli/helpjuice_production%2Fuploads%2Fupload%2Fimage%2F2329%2Fdirect%2F1526996160411-FullStory+Mutual+Non-Disclosure+Agreement+2018.txt,C:/Users/shimm/Cerebrum-Blocks/block_store/kits/legal_general_retrieval_eval/corpus/contractnli/helpjuice_production%2Fuploads%2Fupload%2Fimage%2F2329%2Fdirect%2F1526996160411-FullStory+Mutual+Non-Disclosure+Agreement+2018.txt,10208,.txt,text/plain,5d32262c5895bf15aa80b1a3a9c513291c16e7970d5cbaca6c672fa5cd51501e,null,"{""encoding"": ""utf-8"", ""sample_lines"": 5}",
legal_general_retrieval_eval,Cerebrum-Blocks/block_store/kits/legal_general_retrieval_eval/corpus/contractnli/HNBA-2017-18-Confidentiality-Agreement.txt,C:/Users/shimm/Cerebrum-Blocks/block_store/kits/legal_general_retrieval_eval/corpus/contractnli/HNBA-2017-18-Confidentiality-Agreement.txt,9839,.txt,text/plain,2a748cb1888853a0f5bf6dccc7f8b2e0c2fc0ec303e3349ae24af04181485c58,null,"{""encoding"": ""utf-8"", ""sample_lines"": 5}",
legal_general_retrieval_eval,Cerebrum-Blocks/block_store/kits/legal_general_retrieval_eval/corpus/contractnli/IBC-PMS-NDA-agreement.txt,C:/Users/shimm/Cerebrum-Blocks/block_store/kits/legal_general_retrieval_eval/corpus/contractnli/IBC-PMS-NDA-agreement.txt,19847,.txt,text/plain,3c55c524fdb02d8a9a40d321c7f139d35bcc02ce4f4ac78b8dcd24965ebdc5b2,null,"{""encoding"": ""utf-8"", ""sample_lines"": 5}",
legal_general_retrieval_eval,Cerebrum-Blocks/block_store/kits/legal_general_retrieval_eval/corpus/contractnli/IGC-Non-Disclosure-Agreement-LSE-Sample.txt,C:/Users/shimm/Cerebrum-Blocks/block_store/kits/legal_general_retrieval_eval/corpus/contractnli/IGC-Non-Disclosure-Agreement-LSE-Sample.txt,17113,.txt,text/plain,209e9849fee114a9608d2b3804608ae25f514508875c66adf981daba2259e438,null,"{""encoding"": ""utf-8"", ""sample_lines"": 5}",
legal_general_retrieval_eval,Cerebrum-Blocks/block_store/kits/legal_general_retrieval_eval/corpus/contractnli/Inaturals_NDA.txt,C:/Users/shimm/Cerebrum-Blocks/block_store/kits/legal_general_retrieval_eval/corpus/contractnli/Inaturals_NDA.txt,5229,.txt,text/plain,0c0d79650b7e0090a7a06bfd607372c3182bee308827cae8cb31b8b16bba6413,null,"{""encoding"": ""utf-8"", ""sample_lines"": 5}",
legal_general_retrieval_eval,Cerebrum-Blocks/block_store/kits/legal_general_retrieval_eval/corpus/contractnli/INFOMAGNET%20NDA.txt,C:/Users/shimm/Cerebrum-Blocks/block_store/kits/legal_general_retrieval_eval/corpus/contractnli/INFOMAGNET%20NDA.txt,8293,.txt,text/plain,2dce30f2633692f12a986e8961ff4d60831333f2347d618bdaa79a21f01fbcbd,null,"{""encoding"": ""utf-8"", ""sample_lines"": 5}",
legal_general_retrieval_eval,Cerebrum-Blocks/block_store/kits/legal_general_retrieval_eval/corpus/contractnli/ingram-non-disclosure.txt,C:/Users/shimm/Cerebrum-Blocks/block_store/kits/legal_general_retrieval_eval/corpus/contractnli/ingram-non-disclosure.txt,4612,.txt,text/plain,6b6eac7fa9ef979aa571a6c4ac1f81fdb0c7b5269ea7dd999203d4898449145a,null,"{""encoding"": ""utf-8"", ""sample_lines"": 5}",
legal_general_retrieval_eval,Cerebrum-Blocks/block_store/kits/legal_general_retrieval_eval/corpus/contractnli/IPTK-CO-MutualNon-DisclosureAgreement.txt,C:/Users/shimm/Cerebrum-Blocks/block_store/kits/legal_general_retrieval_eval/corpus/contractnli/IPTK-CO-MutualNon-DisclosureAgreement.txt,13619,.txt,text/plain,5c11c09af1308351085efdd5fb47029440881010622ed3bb08198954181b7ed7,null,"{""encoding"": ""utf-8"", ""sample_lines"": 5}",
legal_general_retrieval_eval,Cerebrum-Blocks/block_store/kits/legal_general_retrieval_eval/corpus/contractnli/JB-Machine-LLC-NDA-1.txt,C:/Users/shimm/Cerebrum-Blocks/block_store/kits/legal_general_retrieval_eval/corpus/contractnli/JB-Machine-LLC-NDA-1.txt,17362,.txt,text/plain,59d697feb007ed957899126dbb1ae16ff58548a47f5c07cb8ca0add194fd8a05,null,"{""encoding"": ""utf-8"", ""sample_lines"": 5}",
legal_general_retrieval_eval,Cerebrum-Blocks/block_store/kits/legal_general_retrieval_eval/corpus/contractnli/JBF_NDA_rev-2017033-1.txt,C:/Users/shimm/Cerebrum-Blocks/block_store/kits/legal_general_retrieval_eval/corpus/contractnli/JBF_NDA_rev-2017033-1.txt,10718,.txt,text/plain,12e0522f592a38c1eedd837d0e633fc5068b196bc3a013ae233c3e802242327d,null,"{""encoding"": ""utf-8"", ""sample_lines"": 5}",
legal_general_retrieval_eval,Cerebrum-Blocks/block_store/kits/legal_general_retrieval_eval/corpus/contractnli/Kenway-NDA-Form-Blank.txt,C:/Users/shimm/Cerebrum-Blocks/block_store/kits/legal_general_retrieval_eval/corpus/contractnli/Kenway-NDA-Form-Blank.txt,19083,.txt,text/plain,3dff6905cdc6ba5263a025b509f5c989ad4a3108a3ca726c753f1f9bf8072fb6,null,"{""encoding"": ""utf-8"", ""sample_lines"": 5}",
legal_general_retrieval_eval,Cerebrum-Blocks/block_store/kits/legal_general_retrieval_eval/corpus/contractnli/Kerber_Non_Disclosure_Agreement.txt,C:/Users/shimm/Cerebrum-Blocks/block_store/kits/legal_general_retrieval_eval/corpus/contractnli/Kerber_Non_Disclosure_Agreement.txt,4862,.txt,text/plain,98573c2897fbc94b79bcc0078d39a35aee35cf3594d639c0c7cc27dca89c5f2e,null,"{""encoding"": ""utf-8"", ""sample_lines"": 5}",
legal_general_retrieval_eval,Cerebrum-Blocks/block_store/kits/legal_general_retrieval_eval/corpus/contractnli/khronos-mutual-nda.txt,C:/Users/shimm/Cerebrum-Blocks/block_store/kits/legal_general_retrieval_eval/corpus/contractnli/khronos-mutual-nda.txt,7263,.txt,text/plain,7cccfcb1ca7831333830d685e4d558e7258524341436b609692e28f06ba33a8f,null,"{""encoding"": ""utf-8"", ""sample_lines"": 5}",
legal_general_retrieval_eval,Cerebrum-Blocks/block_store/kits/legal_general_retrieval_eval/corpus/contractnli/LiiON%20NDA%202-27-2015%20v1.0.txt,C:/Users/shimm/Cerebrum-Blocks/block_store/kits/legal_general_retrieval_eval/corpus/contractnli/LiiON%20NDA%202-27-2015%20v1.0.txt,12290,.txt,text/plain,e138d11288291cdf8abdfcaa2bf4f98fd280c4ddc72c4a5cedd17f43c4abf3a2,null,"{""encoding"": ""utf-8"", ""sample_lines"": 5}",
legal_general_retrieval_eval,Cerebrum-Blocks/block_store/kits/legal_general_retrieval_eval/corpus/contractnli/lti-two-way-cda-template.txt,C:/Users/shimm/Cerebrum-Blocks/block_store/kits/legal_general_retrieval_eval/corpus/contractnli/lti-two-way-cda-template.txt,8971,.txt,text/plain,a8a6f1f7fe67a90ce8853c79f1b618e114ce281d86a1e19848d17104513a2d42,null,"{""encoding"": ""utf-8"", ""sample_lines"": 5}",
legal_general_retrieval_eval,Cerebrum-Blocks/block_store/kits/legal_general_retrieval_eval/corpus/contractnli/mcgill_mitacs_terms-january2013.txt,C:/Users/shimm/Cerebrum-Blocks/block_store/kits/legal_general_retrieval_eval/corpus/contractnli/mcgill_mitacs_terms-january2013.txt,24388,.txt,text/plain,ccf049c89e2971d30ffb235b79fa5e0c97a006ce598ceda3962f6254d7c99ed2,null,"{""encoding"": ""utf-8"", ""sample_lines"": 5}",
legal_general_retrieval_eval,Cerebrum-Blocks/block_store/kits/legal_general_retrieval_eval/corpus/contractnli/Model%20NDA%20(recommended%20by%20SWA).txt,C:/Users/shimm/Cerebrum-Blocks/block_store/kits/legal_general_retrieval_eval/corpus/contractnli/Model%20NDA%20(recommended%20by%20SWA).txt,11287,.txt,text/plain,501af7c9de42ad420858d2b8d0e7259180e66ac971c3ff1e30ef3e120ead5dc4,null,"{""encoding"": ""utf-8"", ""sample_lines"": 5}",
legal_general_retrieval_eval,Cerebrum-Blocks/block_store/kits/legal_general_retrieval_eval/corpus/contractnli/Mutual-Non-Disclosure-Agreement-Inventor-Product-Development-Experts-Inc..txt,C:/Users/shimm/Cerebrum-Blocks/block_store/kits/legal_general_retrieval_eval/corpus/contractnli/Mutual-Non-Disclosure-Agreement-Inventor-Product-Development-Experts-Inc..txt,8752,.txt,text/plain,3c1ab3de6177de462f47495c0bf6e2f815c88088f41bccc698b92e00c35b3492,null,"{""encoding"": ""utf-8"", ""sample_lines"": 5}",
legal_general_retrieval_eval,Cerebrum-Blocks/block_store/kits/legal_general_retrieval_eval/corpus/contractnli/MutualNDA_The_Knights_of_Unity.txt,C:/Users/shimm/Cerebrum-Blocks/block_store/kits/legal_general_retrieval_eval/corpus/contractnli/MutualNDA_The_Knights_of_Unity.txt,12651,.txt,text/plain,cccc7f2602cf62c8fce6a69d54273c1e124f9704fc1294a6c2204f64cc2b5893,null,"{""encoding"": ""utf-8"", ""sample_lines"": 5}",
legal_general_retrieval_eval,Cerebrum-Blocks/block_store/kits/legal_general_retrieval_eval/corpus/contractnli/NCDG_Non-disclosure-agreement.txt,C:/Users/shimm/Cerebrum-Blocks/block_store/kits/legal_general_retrieval_eval/corpus/contractnli/NCDG_Non-disclosure-agreement.txt,13499,.txt,text/plain,73639a97589705c797234f822b23a60f4c998bb2d8b5f886cfa8c3e02d401f54,null,"{""encoding"": ""utf-8"", ""sample_lines"": 5}",
legal_general_retrieval_eval,Cerebrum-Blocks/block_store/kits/legal_general_retrieval_eval/corpus/contractnli/NDA-Artop-Inno-2017.txt,C:/Users/shimm/Cerebrum-Blocks/block_store/kits/legal_general_retrieval_eval/corpus/contractnli/NDA-Artop-Inno-2017.txt,7325,.txt,text/plain,4a5f15b8bdf2e7094faef40bc657ab397f76b54230e29276e3fa7ecad322e3df,null,"{""encoding"": ""utf-8"", ""sample_lines"": 5}",
legal_general_retrieval_eval,Cerebrum-Blocks/block_store/kits/legal_general_retrieval_eval/corpus/contractnli/NDA-Dollar-General-Portfolio.txt,C:/Users/shimm/Cerebrum-Blocks/block_store/kits/legal_general_retrieval_eval/corpus/contractnli/NDA-Dollar-General-Portfolio.txt,8422,.txt,text/plain,debad79b13e97c77359f2b3564f2adba2770f1ca0dba0b9a3f35114f53ab1316,null,"{""encoding"": ""utf-8"", ""sample_lines"": 5}",
legal_general_retrieval_eval,Cerebrum-Blocks/block_store/kits/legal_general_retrieval_eval/corpus/contractnli/nda-employee-template.txt,C:/Users/shimm/Cerebrum-Blocks/block_store/kits/legal_general_retrieval_eval/corpus/contractnli/nda-employee-template.txt,11539,.txt,text/plain,f6efd7c2a57b240a2e2c824f636724ecfe444b77df0ce335821b6e3efec46fb4,null,"{""encoding"": ""utf-8"", ""sample_lines"": 5}",
legal_general_retrieval_eval,Cerebrum-Blocks/block_store/kits/legal_general_retrieval_eval/corpus/contractnli/NDA-Fintricity-Blank.txt,C:/Users/shimm/Cerebrum-Blocks/block_store/kits/legal_general_retrieval_eval/corpus/contractnli/NDA-Fintricity-Blank.txt,11753,.txt,text/plain,99b51f33866f322013342219e7998f471cf0807e5e4e5c389f0dcffa81a53cd3,null,"{""encoding"": ""utf-8"", ""sample_lines"": 5}",
legal_general_retrieval_eval,Cerebrum-Blocks/block_store/kits/legal_general_retrieval_eval/corpus/contractnli/NDA-for-Gar-Kenyon-Suppliers.txt,C:/Users/shimm/Cerebrum-Blocks/block_store/kits/legal_general_retrieval_eval/corpus/contractnli/NDA-for-Gar-Kenyon-Suppliers.txt,5273,.txt,text/plain,286a8b688a3868f535833f3ce1a14c233d0301567c6bb336f91fe1379e5363c6,null,"{""encoding"": ""utf-8"", ""sample_lines"": 5}",
legal_general_retrieval_eval,Cerebrum-Blocks/block_store/kits/legal_general_retrieval_eval/corpus/contractnli/NDA-M5-Systems.txt,C:/Users/shimm/Cerebrum-Blocks/block_store/kits/legal_general_retrieval_eval/corpus/contractnli/NDA-M5-Systems.txt,6366,.txt,text/plain,17fb4e224310e05ff5b8c7be519c9aa5a0ce93c2192cc9a595db3f1c21ae1309,null,"{""encoding"": ""ascii"", ""sample_lines"": 5}",
legal_general_retrieval_eval,Cerebrum-Blocks/block_store/kits/legal_general_retrieval_eval/corpus/contractnli/NDA-ONSemi_IndustryAnalystConf-2011.txt,C:/Users/shimm/Cerebrum-Blocks/block_store/kits/legal_general_retrieval_eval/corpus/contractnli/NDA-ONSemi_IndustryAnalystConf-2011.txt,9381,.txt,text/plain,bfa84996e7570279c786f660911d0756f8710f7a2dd517a27e6a8f1401c81599,null,"{""encoding"": ""utf-8"", ""sample_lines"": 5}",
legal_general_retrieval_eval,Cerebrum-Blocks/block_store/kits/legal_general_retrieval_eval/corpus/contractnli/NDA-ROI-Corporation.txt,C:/Users/shimm/Cerebrum-Blocks/block_store/kits/legal_general_retrieval_eval/corpus/contractnli/NDA-ROI-Corporation.txt,4836,.txt,text/plain,17305b33b9f0b8883e8a39f71e7a7bdb5932f681367cfd8cf2b98ca213eea9c1,null,"{""encoding"": ""utf-8"", ""sample_lines"": 5}",
legal_general_retrieval_eval,Cerebrum-Blocks/block_store/kits/legal_general_retrieval_eval/corpus/contractnli/NDA-Seeed.txt,C:/Users/shimm/Cerebrum-Blocks/block_store/kits/legal_general_retrieval_eval/corpus/contractnli/NDA-Seeed.txt,10977,.txt,text/plain,9e73bb0ed580414ffa6c9260dd5288832b00d7a5c55e38733bd8a3d0380cf461,null,"{""encoding"": ""utf-8"", ""sample_lines"": 5}",
legal_general_retrieval_eval,Cerebrum-Blocks/block_store/kits/legal_general_retrieval_eval/corpus/contractnli/NDA-SqillerBetaTesters.txt,C:/Users/shimm/Cerebrum-Blocks/block_store/kits/legal_general_retrieval_eval/corpus/contractnli/NDA-SqillerBetaTesters.txt,8020,.txt,text/plain,d6858ffd18255abc7a2b572f228d2cc0df488e07b606d573c197ed396937efc6,null,"{""encoding"": ""utf-8"", ""sample_lines"": 5}",
legal_general_retrieval_eval,Cerebrum-Blocks/block_store/kits/legal_general_retrieval_eval/corpus/contractnli/NDA-Template-Media-News-Group-inc.txt,C:/Users/shimm/Cerebrum-Blocks/block_store/kits/legal_general_retrieval_eval/corpus/contractnli/NDA-Template-Media-News-Group-inc.txt,10247,.txt,text/plain,662222369a29fac7440426e9d76ad8199b53d317e49cd6a6e215a76aa3b6335c,null,"{""encoding"": ""utf-8"", ""sample_lines"": 5}",
legal_general_retrieval_eval,Cerebrum-Blocks/block_store/kits/legal_general_retrieval_eval/corpus/contractnli/NDA_-_GWI_-_Technohubs_version_V1.txt,C:/Users/shimm/Cerebrum-Blocks/block_store/kits/legal_general_retrieval_eval/corpus/contractnli/NDA_-_GWI_-_Technohubs_version_V1.txt,6625,.txt,text/plain,6b0589b2cb3d069e93486ee78f03bc6ff0e9ecefe38271bb3f6306c834bc1ede,null,"{""encoding"": ""utf-8"", ""sample_lines"": 5}",
legal_general_retrieval_eval,Cerebrum-Blocks/block_store/kits/legal_general_retrieval_eval/corpus/contractnli/nda_form_motorola.txt,C:/Users/shimm/Cerebrum-Blocks/block_store/kits/legal_general_retrieval_eval/corpus/contractnli/nda_form_motorola.txt,3263,.txt,text/plain,fc0ef67323684685f8991162953c3e781d9da78a080be6e799f5caf019da66dd,null,"{""encoding"": ""utf-8"", ""sample_lines"": 5}",
legal_general_retrieval_eval,Cerebrum-Blocks/block_store/kits/legal_general_retrieval_eval/corpus/contractnli/nda_gtl_inria.txt,C:/Users/shimm/Cerebrum-Blocks/block_store/kits/legal_general_retrieval_eval/corpus/contractnli/nda_gtl_inria.txt,4583,.txt,text/plain,678b57faf51993d6304b1d0cd61b9859b337552d5849c32f3b863e895accbcff,null,"{""encoding"": ""utf-8"", ""sample_lines"": 5}",
legal_general_retrieval_eval,Cerebrum-Blocks/block_store/kits/legal_general_retrieval_eval/corpus/contractnli/NDA_ResConnect.txt,C:/Users/shimm/Cerebrum-Blocks/block_store/kits/legal_general_retrieval_eval/corpus/contractnli/NDA_ResConnect.txt,3458,.txt,text/plain,6be0a660f3cf16dd3a0803c12e0aa6c038c527380ac59e295f218db2caf244a0,null,"{""encoding"": ""utf-8"", ""sample_lines"": 5}",
legal_general_retrieval_eval,Cerebrum-Blocks/block_store/kits/legal_general_retrieval_eval/corpus/contractnli/NDA_Street_Stream_Franchise.txt,C:/Users/shimm/Cerebrum-Blocks/block_store/kits/legal_general_retrieval_eval/corpus/contractnli/NDA_Street_Stream_Franchise.txt,20864,.txt,text/plain,c3919a2c25cadacc2ec54900ada3b87f324846059f8cf9878d4ae1fb35e824a5,null,"{""encoding"": ""utf-8"", ""sample_lines"": 5}",
legal_general_retrieval_eval,Cerebrum-Blocks/block_store/kits/legal_general_retrieval_eval/corpus/contractnli/New_York_City_Bar_Association_Model_Form_of_Non-Disclosure_Agreement_2015.txt,C:/Users/shimm/Cerebrum-Blocks/block_store/kits/legal_general_retrieval_eval/corpus/contractnli/New_York_City_Bar_Association_Model_Form_of_Non-Disclosure_Agreement_2015.txt,33549,.txt,text/plain,2a9447b39efc2465e466323759645df3698fa3d64a995bc1812c134f42d999fb,null,"{""encoding"": ""utf-8"", ""sample_lines"": 5}",
legal_general_retrieval_eval,Cerebrum-Blocks/block_store/kits/legal_general_retrieval_eval/corpus/contractnli/Non-Disclosure-NDA-UW-Oshkosh_FINALV2.txt,C:/Users/shimm/Cerebrum-Blocks/block_store/kits/legal_general_retrieval_eval/corpus/contractnli/Non-Disclosure-NDA-UW-Oshkosh_FINALV2.txt,8079,.txt,text/plain,ad4d318cc76e84e15871177047881c9a1b3878b152a68e972a9f10a62fb0a1de,null,"{""encoding"": ""utf-8"", ""sample_lines"": 5}",
legal_general_retrieval_eval,Cerebrum-Blocks/block_store/kits/legal_general_retrieval_eval/corpus/contractnli/NU%20Confidentiality%20Non-Disclosure%20%20Information%20Security%20Agreement%20Final%20....txt,C:/Users/shimm/Cerebrum-Blocks/block_store/kits/legal_general_retrieval_eval/corpus/contractnli/NU%20Confidentiality%20Non-Disclosure%20%20Information%20Security%20Agreement%20Final%20....txt,6166,.txt,text/plain,8d9524dd2bf24732ad1c6c7533d10da5b957904d047a335b9782d44240f982dd,null,"{""encoding"": ""utf-8"", ""sample_lines"": 5}",
legal_general_retrieval_eval,Cerebrum-Blocks/block_store/kits/legal_general_retrieval_eval/corpus/contractnli/oceaneering-non-disclosure-agreement.txt,C:/Users/shimm/Cerebrum-Blocks/block_store/kits/legal_general_retrieval_eval/corpus/contractnli/oceaneering-non-disclosure-agreement.txt,5749,.txt,text/plain,ae35d4ef7cefa9a12f2609e88a500b3bd2dbf00604593099e1cc115732fcaf0e,null,"{""encoding"": ""utf-8"", ""sample_lines"": 5}",
legal_general_retrieval_eval,Cerebrum-Blocks/block_store/kits/legal_general_retrieval_eval/corpus/contractnli/Petrolube_NDA.txt,C:/Users/shimm/Cerebrum-Blocks/block_store/kits/legal_general_retrieval_eval/corpus/contractnli/Petrolube_NDA.txt,10698,.txt,text/plain,5ec780e0b76f8271a470185af4b9bc554b6b6624accba2eb28f37b76e71823f7,null,"{""encoding"": ""utf-8"", ""sample_lines"": 5}",
legal_general_retrieval_eval,Cerebrum-Blocks/block_store/kits/legal_general_retrieval_eval/corpus/contractnli/QEP-Williston-Form-of-Confidentiality-Agreement-BMO.txt,C:/Users/shimm/Cerebrum-Blocks/block_store/kits/legal_general_retrieval_eval/corpus/contractnli/QEP-Williston-Form-of-Confidentiality-Agreement-BMO.txt,22219,.txt,text/plain,13b9a38fc4644ce6f5eca11cba96564c595b4c9fa35ad58d77d2007b776d4d0c,null,"{""encoding"": ""utf-8"", ""sample_lines"": 5}",
legal_general_retrieval_eval,Cerebrum-Blocks/block_store/kits/legal_general_retrieval_eval/corpus/contractnli/QuickBooks-NDA-template.txt,C:/Users/shimm/Cerebrum-Blocks/block_store/kits/legal_general_retrieval_eval/corpus/contractnli/QuickBooks-NDA-template.txt,8131,.txt,text/plain,2a31e966331c82dd0041cef3c434a8e10e2f5d73152bb2f3cf57e084ac6ade92,null,"{""encoding"": ""utf-8"", ""sample_lines"": 5}",
legal_general_retrieval_eval,Cerebrum-Blocks/block_store/kits/legal_general_retrieval_eval/corpus/contractnli/Roundhouse-Creative-Mutual-NDA.txt,C:/Users/shimm/Cerebrum-Blocks/block_store/kits/legal_general_retrieval_eval/corpus/contractnli/Roundhouse-Creative-Mutual-NDA.txt,6815,.txt,text/plain,ea470881a0efae63ef30fcd4f00653b4d8d35be5f33c8255c686d22db49aa059,null,"{""encoding"": ""utf-8"", ""sample_lines"": 5}",
legal_general_retrieval_eval,Cerebrum-Blocks/block_store/kits/legal_general_retrieval_eval/corpus/contractnli/RROI_Confidentiality_Agreement_Final.txt,C:/Users/shimm/Cerebrum-Blocks/block_store/kits/legal_general_retrieval_eval/corpus/contractnli/RROI_Confidentiality_Agreement_Final.txt,23687,.txt,text/plain,2c63ebea5ebfc840262bc9a7b9507f287794d2a1a6c4133211251ef5be82d156,null,"{""encoding"": ""utf-8"", ""sample_lines"": 5}",
legal_general_retrieval_eval,Cerebrum-Blocks/block_store/kits/legal_general_retrieval_eval/corpus/contractnli/SAMED%20confidentiality%20non%20disclosure%20and%20conflict%20of%20interest%20agreement%20for%20board%20and%20committee%20members%20ver%201.txt,C:/Users/shimm/Cerebrum-Blocks/block_store/kits/legal_general_retrieval_eval/corpus/contractnli/SAMED%20confidentiality%20non%20disclosure%20and%20conflict%20of%20interest%20agreement%20for%20board%20and%20committee%20members%20ver%201.txt,11563,.txt,text/plain,529aae214d25b2be270bacb8b4e7ed75caea9b41171ebbc80514921c6920fe8a,null,"{""encoding"": ""utf-8"", ""sample_lines"": 5}",
legal_general_retrieval_eval,Cerebrum-Blocks/block_store/kits/legal_general_retrieval_eval/corpus/contractnli/sample-nrel-bilateral-nda-template.txt,C:/Users/shimm/Cerebrum-Blocks/block_store/kits/legal_general_retrieval_eval/corpus/contractnli/sample-nrel-bilateral-nda-template.txt,9357,.txt,text/plain,5941d3aad1b5b7e82f5dd24b2dc67825f4976f00b70a8b9b081caaefd3cf3b06,null,"{""encoding"": ""utf-8"", ""sample_lines"": 5}",
legal_general_retrieval_eval,Cerebrum-Blocks/block_store/kits/legal_general_retrieval_eval/corpus/contractnli/SE_NDCA_and_PRE-QUAL_PACKAGE_March-2016.txt,C:/Users/shimm/Cerebrum-Blocks/block_store/kits/legal_general_retrieval_eval/corpus/contractnli/SE_NDCA_and_PRE-QUAL_PACKAGE_March-2016.txt,14090,.txt,text/plain,9f6d27e0a294d79ea1bb094e82f4a675f1a646852aca18a8a96cee7946002089,null,"{""encoding"": ""utf-8"", ""sample_lines"": 5}",
legal_general_retrieval_eval,Cerebrum-Blocks/block_store/kits/legal_general_retrieval_eval/corpus/contractnli/simply-fashion---standard-nda.txt,C:/Users/shimm/Cerebrum-Blocks/block_store/kits/legal_general_retrieval_eval/corpus/contractnli/simply-fashion---standard-nda.txt,12695,.txt,text/plain,86cd35474987801a5c9cf203160077b25711d344cfadad1b4f4f330d53926bff,null,"{""encoding"": ""utf-8"", ""sample_lines"": 5}",
legal_general_retrieval_eval,Cerebrum-Blocks/block_store/kits/legal_general_retrieval_eval/corpus/contractnli/SINTEC-UK-LTD-Non-disclosure-agreement-2017.txt,C:/Users/shimm/Cerebrum-Blocks/block_store/kits/legal_general_retrieval_eval/corpus/contractnli/SINTEC-UK-LTD-Non-disclosure-agreement-2017.txt,7930,.txt,text/plain,b11c0ddbd214563472fe2613876565144b7b921a1a4b58120bef4ee74ec15417,null,"{""encoding"": ""ascii"", ""sample_lines"": 5}",
legal_general_retrieval_eval,Cerebrum-Blocks/block_store/kits/legal_general_retrieval_eval/corpus/contractnli/Sony%20Pictures%20Television%20NDA%20(Executed).txt,C:/Users/shimm/Cerebrum-Blocks/block_store/kits/legal_general_retrieval_eval/corpus/contractnli/Sony%20Pictures%20Television%20NDA%20(Executed).txt,28362,.txt,text/plain,1ac8600bc7d67141ccc43d1de7214e79ac4b346a41d73ff54086976063e85801,null,"{""encoding"": ""utf-8"", ""sample_lines"": 5}",
legal_general_retrieval_eval,Cerebrum-Blocks/block_store/kits/legal_general_retrieval_eval/corpus/contractnli/Standard%20NDA%20by%20Axial.txt,C:/Users/shimm/Cerebrum-Blocks/block_store/kits/legal_general_retrieval_eval/corpus/contractnli/Standard%20NDA%20by%20Axial.txt,11401,.txt,text/plain,ebb3c254ea6a6ee0144d756454c679eee83db4b22310541607163d3318ee48ba,null,"{""encoding"": ""utf-8"", ""sample_lines"": 5}",
legal_general_retrieval_eval,Cerebrum-Blocks/block_store/kits/legal_general_retrieval_eval/corpus/contractnli/stony_hill_buyer_nda.txt,C:/Users/shimm/Cerebrum-Blocks/block_store/kits/legal_general_retrieval_eval/corpus/contractnli/stony_hill_buyer_nda.txt,9277,.txt,text/plain,db5a47aed48803127f948ab8a7f973ca08dc9b840db85c46edc0c3a397431b37,null,"{""encoding"": ""utf-8"", ""sample_lines"": 5}",
legal_general_retrieval_eval,Cerebrum-Blocks/block_store/kits/legal_general_retrieval_eval/corpus/contractnli/SupplementOne-NDA.txt,C:/Users/shimm/Cerebrum-Blocks/block_store/kits/legal_general_retrieval_eval/corpus/contractnli/SupplementOne-NDA.txt,9005,.txt,text/plain,12af642c368961c7ed38fb345fe0614207e9fbbc42324def22ec868681116fc0,null,"{""encoding"": ""utf-8"", ""sample_lines"": 5}",
legal_general_retrieval_eval,Cerebrum-Blocks/block_store/kits/legal_general_retrieval_eval/corpus/contractnli/TabunKitchenInvestments-NDA.txt,C:/Users/shimm/Cerebrum-Blocks/block_store/kits/legal_general_retrieval_eval/corpus/contractnli/TabunKitchenInvestments-NDA.txt,9912,.txt,text/plain,d9812b3173fa7ced187b4e951d11ec40f5532dc8f68f7029d7f3708c140fe5ac,null,"{""encoding"": ""utf-8"", ""sample_lines"": 5}",
legal_general_retrieval_eval,Cerebrum-Blocks/block_store/kits/legal_general_retrieval_eval/corpus/contractnli/Tazza-CAFFE-Confidentiality-Agreement.txt,C:/Users/shimm/Cerebrum-Blocks/block_store/kits/legal_general_retrieval_eval/corpus/contractnli/Tazza-CAFFE-Confidentiality-Agreement.txt,8517,.txt,text/plain,82c94094ef6a99c4d1c92e4569100078195ad88cd4a7e0b67dfb804d33aa0c7e,null,"{""encoding"": ""utf-8"", ""sample_lines"": 5}",
legal_general_retrieval_eval,Cerebrum-Blocks/block_store/kits/legal_general_retrieval_eval/corpus/contractnli/thoughtbot-mutual-nda.txt,C:/Users/shimm/Cerebrum-Blocks/block_store/kits/legal_general_retrieval_eval/corpus/contractnli/thoughtbot-mutual-nda.txt,6140,.txt,text/plain,95b83e8a2e139aa28f548d75f6958ac2321343f71af52d2fd604c2cf0f16c6a5,null,"{""encoding"": ""utf-8"", ""sample_lines"": 5}",
legal_general_retrieval_eval,Cerebrum-Blocks/block_store/kits/legal_general_retrieval_eval/corpus/contractnli/tpi-non-disclosure-agreement_1.txt,C:/Users/shimm/Cerebrum-Blocks/block_store/kits/legal_general_retrieval_eval/corpus/contractnli/tpi-non-disclosure-agreement_1.txt,11050,.txt,text/plain,f193b1ebb619626d830729bd8c044372e6a46b5d94781bb200d6a3451398cfcd,null,"{""encoding"": ""utf-8"", ""sample_lines"": 5}",
legal_general_retrieval_eval,Cerebrum-Blocks/block_store/kits/legal_general_retrieval_eval/corpus/contractnli/TSE-TSE-OK-WHK-Mutual-NDA-Fill-in-Blanks-4-29-2019.txt,C:/Users/shimm/Cerebrum-Blocks/block_store/kits/legal_general_retrieval_eval/corpus/contractnli/TSE-TSE-OK-WHK-Mutual-NDA-Fill-in-Blanks-4-29-2019.txt,11684,.txt,text/plain,2c4735b8e53f89a9f9c5310786a773d7fba47abcd94402f1c01bef45b86f673c,null,"{""encoding"": ""utf-8"", ""sample_lines"": 5}",
legal_general_retrieval_eval,Cerebrum-Blocks/block_store/kits/legal_general_retrieval_eval/corpus/contractnli/UALR-Standard-Non-disclosure-AgreementTemplate.txt,C:/Users/shimm/Cerebrum-Blocks/block_store/kits/legal_general_retrieval_eval/corpus/contractnli/UALR-Standard-Non-disclosure-AgreementTemplate.txt,4975,.txt,text/plain,393b75bb849fbbf2ad660f27ee2df452478962fddfaf899876ca8c52a67e9213,null,"{""encoding"": ""utf-8"", ""sample_lines"": 5}",
legal_general_retrieval_eval,Cerebrum-Blocks/block_store/kits/legal_general_retrieval_eval/corpus/contractnli/VELCO%20NDA%20rev0%20Dec%2014%202015.txt,C:/Users/shimm/Cerebrum-Blocks/block_store/kits/legal_general_retrieval_eval/corpus/contractnli/VELCO%20NDA%20rev0%20Dec%2014%202015.txt,11749,.txt,text/plain,99892055adecc0fe92983540e4532f5e31f7c072b185973178a13609cfeb4455,null,"{""encoding"": ""utf-8"", ""sample_lines"": 5}",
legal_general_retrieval_eval,Cerebrum-Blocks/block_store/kits/legal_general_retrieval_eval/corpus/contractnli/vmw-certification-conduct-policy.txt,C:/Users/shimm/Cerebrum-Blocks/block_store/kits/legal_general_retrieval_eval/corpus/contractnli/vmw-certification-conduct-policy.txt,3442,.txt,text/plain,5a0a547e5dac0aa6e4dc8b465ddfc3314ce6e7ba30aa2deb25ce26365fd662ad,null,"{""encoding"": ""utf-8"", ""sample_lines"": 5}",
legal_general_retrieval_eval,Cerebrum-Blocks/block_store/kits/legal_general_retrieval_eval/corpus/contractnli/wayne-fueling-systems-mutual-non-disclosure-agreement-final.txt,C:/Users/shimm/Cerebrum-Blocks/block_store/kits/legal_general_retrieval_eval/corpus/contractnli/wayne-fueling-systems-mutual-non-disclosure-agreement-final.txt,12963,.txt,text/plain,30ecdc3fdab3ab136f278c20ee1afced03c6267c35eb62aefb759438c8f46786,null,"{""encoding"": ""utf-8"", ""sample_lines"": 5}",
legal_general_retrieval_eval,Cerebrum-Blocks/block_store/kits/legal_general_retrieval_eval/corpus/contractnli/WEB-NDA-Mutual-Customer-and-Allazo-Electronics-v2.txt,C:/Users/shimm/Cerebrum-Blocks/block_store/kits/legal_general_retrieval_eval/corpus/contractnli/WEB-NDA-Mutual-Customer-and-Allazo-Electronics-v2.txt,12031,.txt,text/plain,b3f1e91359bf42f1fd457b20aeeb389cbaa5937bb2520abe1bfa6c648b6a2ae1,null,"{""encoding"": ""utf-8"", ""sample_lines"": 5}",
legal_general_retrieval_eval,Cerebrum-Blocks/block_store/kits/legal_general_retrieval_eval/corpus/contractnli/WECC_Confidentiality_Agreement.txt,C:/Users/shimm/Cerebrum-Blocks/block_store/kits/legal_general_retrieval_eval/corpus/contractnli/WECC_Confidentiality_Agreement.txt,8673,.txt,text/plain,046713c6bdeb5cf7fe4132eedee7507782b1958076741d9f21064520eb0e252c,null,"{""encoding"": ""utf-8"", ""sample_lines"": 5}",
legal_general_retrieval_eval,Cerebrum-Blocks/block_store/kits/legal_general_retrieval_eval/corpus/cuad/2ThemartComInc_19990826_10-12G_EX-10.10_6700288_EX-10.10_Co-Branding Agreement_ Agency Agreement.txt,C:/Users/shimm/Cerebrum-Blocks/block_store/kits/legal_general_retrieval_eval/corpus/cuad/2ThemartComInc_19990826_10-12G_EX-10.10_6700288_EX-10.10_Co-Branding Agreement_ Agency Agreement.txt,29454,.txt,text/plain,6cdfab95eb5b30c0d2d4860c8204b96b36a54cb9e2025c5ceb1457d223afac41,null,"{""encoding"": ""ascii"", ""sample_lines"": 5}",
legal_general_retrieval_eval,Cerebrum-Blocks/block_store/kits/legal_general_retrieval_eval/corpus/cuad/ABILITYINC_06_15_2020-EX-4.25-SERVICES AGREEMENT.txt,C:/Users/shimm/Cerebrum-Blocks/block_store/kits/legal_general_retrieval_eval/corpus/cuad/ABILITYINC_06_15_2020-EX-4.25-SERVICES AGREEMENT.txt,26346,.txt,text/plain,e335c24cfd77dd661c0c18aa9277ea3f526ac9540b7d3af96ef0deaa0fd2938a,null,"{""encoding"": ""ascii"", ""sample_lines"": 5}",
legal_general_retrieval_eval,Cerebrum-Blocks/block_store/kits/legal_general_retrieval_eval/corpus/cuad/ACCELERATEDTECHNOLOGIESHOLDINGCORP_04_24_2003-EX-10.13-JOINT VENTURE AGREEMENT.txt,C:/Users/shimm/Cerebrum-Blocks/block_store/kits/legal_general_retrieval_eval/corpus/cuad/ACCELERATEDTECHNOLOGIESHOLDINGCORP_04_24_2003-EX-10.13-JOINT VENTURE AGREEMENT.txt,13038,.txt,text/plain,85182a8d5506adf149a0c8ea479167d6c11b979a821fa33a5da2ce1cdcd13c31,null,"{""encoding"": ""ascii"", ""sample_lines"": 5}",
legal_general_retrieval_eval,Cerebrum-Blocks/block_store/kits/legal_general_retrieval_eval/corpus/cuad/ACCURAYINC_09_01_2010-EX-10.31-DISTRIBUTOR AGREEMENT.txt,C:/Users/shimm/Cerebrum-Blocks/block_store/kits/legal_general_retrieval_eval/corpus/cuad/ACCURAYINC_09_01_2010-EX-10.31-DISTRIBUTOR AGREEMENT.txt,89564,.txt,text/plain,14932c769a7ac61cb1a4d639aa2bdc3c85a88037f54b478d117d62cbc49e8321,null,"{""encoding"": ""utf-8"", ""sample_lines"": 5}",
legal_general_retrieval_eval,Cerebrum-Blocks/block_store/kits/legal_general_retrieval_eval/corpus/cuad/ADAMSGOLFINC_03_21_2005-EX-10.17-ENDORSEMENT AGREEMENT.txt,C:/Users/shimm/Cerebrum-Blocks/block_store/kits/legal_general_retrieval_eval/corpus/cuad/ADAMSGOLFINC_03_21_2005-EX-10.17-ENDORSEMENT AGREEMENT.txt,24632,.txt,text/plain,ca9acda7d2710198107402f632ede2a69f365f8dd8417f13e9a2e463d3ecdad8,null,"{""encoding"": ""ascii"", ""sample_lines"": 5}",
legal_general_retrieval_eval,Cerebrum-Blocks/block_store/kits/legal_general_retrieval_eval/corpus/cuad/ADAPTIMMUNETHERAPEUTICSPLC_04_06_2017-EX-10.11-STRATEGIC ALLIANCE AGREEMENT.txt,C:/Users/shimm/Cerebrum-Blocks/block_store/kits/legal_general_retrieval_eval/corpus/cuad/ADAPTIMMUNETHERAPEUTICSPLC_04_06_2017-EX-10.11-STRATEGIC ALLIANCE AGREEMENT.txt,101190,.txt,text/plain,f20f55c32b8c30c720f2aabb614592e0cf8beb74e9e6fa25ad78a3295bb0db56,null,"{""encoding"": ""utf-8"", ""sample_lines"": 5}",
legal_general_retrieval_eval,"Cerebrum-Blocks/block_store/kits/legal_general_retrieval_eval/corpus/cuad/ADIANUTRITION,INC_04_01_2005-EX-10.D2-RESELLER AGREEMENT.txt","C:/Users/shimm/Cerebrum-Blocks/block_store/kits/legal_general_retrieval_eval/corpus/cuad/ADIANUTRITION,INC_04_01_2005-EX-10.D2-RESELLER AGREEMENT.txt",26347,.txt,text/plain,c757bb1d6007551134d3831a8e3ee3ef1491c59513844f80a61989cac2b0897c,null,"{""encoding"": ""ascii"", ""sample_lines"": 5}",
legal_general_retrieval_eval,"Cerebrum-Blocks/block_store/kits/legal_general_retrieval_eval/corpus/cuad/ADMA BioManufacturing, LLC -  Amendment #3 to Manufacturing Agreement .txt","C:/Users/shimm/Cerebrum-Blocks/block_store/kits/legal_general_retrieval_eval/corpus/cuad/ADMA BioManufacturing, LLC -  Amendment #3 to Manufacturing Agreement .txt",15312,.txt,text/plain,bce002bc4b17df3b0ccdeb12ce4e75d4005815a430ea0adab7845489a366c0a9,null,"{""encoding"": ""ascii"", ""sample_lines"": 5}",
legal_general_retrieval_eval,"Cerebrum-Blocks/block_store/kits/legal_general_retrieval_eval/corpus/cuad/ADUROBIOTECH,INC_06_02_2020-EX-10.7-CONSULTING AGREEMENT(1).txt","C:/Users/shimm/Cerebrum-Blocks/block_store/kits/legal_general_retrieval_eval/corpus/cuad/ADUROBIOTECH,INC_06_02_2020-EX-10.7-CONSULTING AGREEMENT(1).txt",12027,.txt,text/plain,23255988c8f39e0b67d7ff8a2b316a17c3bf4cc0557141d6a7e6e9cc7d770ad3,null,"{""encoding"": ""utf-8"", ""sample_lines"": 5}",
legal_general_retrieval_eval,"Cerebrum-Blocks/block_store/kits/legal_general_retrieval_eval/corpus/cuad/ADUROBIOTECH,INC_06_02_2020-EX-10.7-CONSULTING AGREEMENT.txt","C:/Users/shimm/Cerebrum-Blocks/block_store/kits/legal_general_retrieval_eval/corpus/cuad/ADUROBIOTECH,INC_06_02_2020-EX-10.7-CONSULTING AGREEMENT.txt",12027,.txt,text/plain,23255988c8f39e0b67d7ff8a2b316a17c3bf4cc0557141d6a7e6e9cc7d770ad3,null,"{""encoding"": ""utf-8"", ""sample_lines"": 5}",
legal_general_retrieval_eval,Cerebrum-Blocks/block_store/kits/legal_general_retrieval_eval/corpus/cuad/AFSALABANCORPINC_08_01_1996-EX-1.1-AGENCY AGREEMENT.txt,C:/Users/shimm/Cerebrum-Blocks/block_store/kits/legal_general_retrieval_eval/corpus/cuad/AFSALABANCORPINC_08_01_1996-EX-1.1-AGENCY AGREEMENT.txt,121559,.txt,text/plain,ba14c927c1ceb18f63958108bc80a98fb5de63a2071808f5873dfa9940109da9,null,"{""encoding"": ""ascii"", ""sample_lines"": 5}",
legal_general_retrieval_eval,Cerebrum-Blocks/block_store/kits/legal_general_retrieval_eval/corpus/cuad/AgapeAtpCorp_20191202_10-KA_EX-10.1_11911128_EX-10.1_Supply Agreement.txt,C:/Users/shimm/Cerebrum-Blocks/block_store/kits/legal_general_retrieval_eval/corpus/cuad/AgapeAtpCorp_20191202_10-KA_EX-10.1_11911128_EX-10.1_Supply Agreement.txt,20693,.txt,text/plain,6d43065ff242642866da6be6b83f9849ad898e6eea9c1e71b0c2853dd3822c5a,null,"{""encoding"": ""ascii"", ""sample_lines"": 5}",
legal_general_retrieval_eval,Cerebrum-Blocks/block_store/kits/legal_general_retrieval_eval/corpus/cuad/AimmuneTherapeuticsInc_20200205_8-K_EX-10.3_11967170_EX-10.3_Development Agreement.txt,C:/Users/shimm/Cerebrum-Blocks/block_store/kits/legal_general_retrieval_eval/corpus/cuad/AimmuneTherapeuticsInc_20200205_8-K_EX-10.3_11967170_EX-10.3_Development Agreement.txt,168025,.txt,text/plain,3060a01d1ea3766e43cfc623f3aa3d5563bccac7c2364fffb84cbd7d49dee1ad,null,"{""encoding"": ""utf-8"", ""sample_lines"": 5}",
legal_general_retrieval_eval,Cerebrum-Blocks/block_store/kits/legal_general_retrieval_eval/corpus/cuad/AIRSPANNETWORKSINC_04_11_2000-EX-10.5-Distributor Agreement.txt,C:/Users/shimm/Cerebrum-Blocks/block_store/kits/legal_general_retrieval_eval/corpus/cuad/AIRSPANNETWORKSINC_04_11_2000-EX-10.5-Distributor Agreement.txt,70444,.txt,text/plain,ef5d06f1cc291342f84bfff8a40d561cdd843a025475ec71d78ebbd5b687f0b8,null,"{""encoding"": ""utf-8"", ""sample_lines"": 5}",
legal_general_retrieval_eval,Cerebrum-Blocks/block_store/kits/legal_general_retrieval_eval/corpus/cuad/AIRTECHINTERNATIONALGROUPINC_05_08_2000-EX-10.4-FRANCHISE AGREEMENT.txt,C:/Users/shimm/Cerebrum-Blocks/block_store/kits/legal_general_retrieval_eval/corpus/cuad/AIRTECHINTERNATIONALGROUPINC_05_08_2000-EX-10.4-FRANCHISE AGREEMENT.txt,73869,.txt,text/plain,c9a4d1006bce3890bb04151d0bf1f791b43012e7322ac550813e855461ba3da8,null,"{""encoding"": ""ascii"", ""sample_lines"": 5}",
legal_general_retrieval_eval,Cerebrum-Blocks/block_store/kits/legal_general_retrieval_eval/corpus/cuad/ALAMOGORDOFINANCIALCORP_12_16_1999-EX-1-AGENCY AGREEMENT.txt,C:/Users/shimm/Cerebrum-Blocks/block_store/kits/legal_general_retrieval_eval/corpus/cuad/ALAMOGORDOFINANCIALCORP_12_16_1999-EX-1-AGENCY AGREEMENT.txt,143307,.txt,text/plain,3c70a981a2107097efddcf6fdba26d5d4b3d7eb458d826a10002d5dcc767fad7,null,"{""encoding"": ""ascii"", ""sample_lines"": 5}",
legal_general_retrieval_eval,Cerebrum-Blocks/block_store/kits/legal_general_retrieval_eval/corpus/cuad/ALCOSTORESINC_12_14_2005-EX-10.26-AGENCY AGREEMENT.txt,C:/Users/shimm/Cerebrum-Blocks/block_store/kits/legal_general_retrieval_eval/corpus/cuad/ALCOSTORESINC_12_14_2005-EX-10.26-AGENCY AGREEMENT.txt,11361,.txt,text/plain,0d8be99620d364c5dc920fdbce6ccdbdec070aa58db2e9550ad6432b29f7e731,null,"{""encoding"": ""utf-8"", ""sample_lines"": 5}",
legal_general_retrieval_eval,Cerebrum-Blocks/block_store/kits/legal_general_retrieval_eval/corpus/cuad/ALLIANCEBANCORPINCOFPENNSYLVANIA_10_18_2006-EX-1.2-AGENCY AGREEMENT.txt,C:/Users/shimm/Cerebrum-Blocks/block_store/kits/legal_general_retrieval_eval/corpus/cuad/ALLIANCEBANCORPINCOFPENNSYLVANIA_10_18_2006-EX-1.2-AGENCY AGREEMENT.txt,130258,.txt,text/plain,d22c5d084ff7502d7c26a83a243846a710547c26b117ec82d3a0ec60f2f896c7,null,"{""encoding"": ""utf-8"", ""sample_lines"": 5}",
legal_general_retrieval_eval,Cerebrum-Blocks/block_store/kits/legal_general_retrieval_eval/corpus/cuad/AlliedEsportsEntertainmentInc_20190815_8-K_EX-10.19_11788293_EX-10.19_Content License Agreement.txt,C:/Users/shimm/Cerebrum-Blocks/block_store/kits/legal_general_retrieval_eval/corpus/cuad/AlliedEsportsEntertainmentInc_20190815_8-K_EX-10.19_11788293_EX-10.19_Content License Agreement.txt,35525,.txt,text/plain,82411b6956e9a2144f8a1440891954249156112d44057c01f778ae577ab864a9,null,"{""encoding"": ""utf-8"", ""sample_lines"": 5}",
legal_general_retrieval_eval,Cerebrum-Blocks/block_store/kits/legal_general_retrieval_eval/corpus/cuad/AlliedEsportsEntertainmentInc_20190815_8-K_EX-10.34_11788308_EX-10.34_Sponsorship Agreement.txt,C:/Users/shimm/Cerebrum-Blocks/block_store/kits/legal_general_retrieval_eval/corpus/cuad/AlliedEsportsEntertainmentInc_20190815_8-K_EX-10.34_11788308_EX-10.34_Sponsorship Agreement.txt,37799,.txt,text/plain,e9a7e542a3a9941c3879ac170c7ade20c2c3bf456c8b5c9a4554d622f199e271,null,"{""encoding"": ""utf-8"", ""sample_lines"": 5}",
legal_general_retrieval_eval,Cerebrum-Blocks/block_store/kits/legal_general_retrieval_eval/corpus/cuad/ALLISONTRANSMISSIONHOLDINGSINC_12_15_2014-EX-99.1-COOPERATION AGREEMENT.txt,C:/Users/shimm/Cerebrum-Blocks/block_store/kits/legal_general_retrieval_eval/corpus/cuad/ALLISONTRANSMISSIONHOLDINGSINC_12_15_2014-EX-99.1-COOPERATION AGREEMENT.txt,32826,.txt,text/plain,cf7ccac86b58129ea6ba73b08f2482e87c61e9c228dd64b05291e3ee3601c104,null,"{""encoding"": ""ascii"", ""sample_lines"": 5}",
legal_general_retrieval_eval,Cerebrum-Blocks/block_store/kits/legal_general_retrieval_eval/corpus/cuad/AMBASSADOREYEWEARGROUPINC_11_17_1997-EX-10.28-ENDORSEMENT AGREEMENT.txt,C:/Users/shimm/Cerebrum-Blocks/block_store/kits/legal_general_retrieval_eval/corpus/cuad/AMBASSADOREYEWEARGROUPINC_11_17_1997-EX-10.28-ENDORSEMENT AGREEMENT.txt,39727,.txt,text/plain,8793df7d80cd6d2525fcacea4f92da688eae393a1e2a0ce42d72df552b608b6b,null,"{""encoding"": ""ascii"", ""sample_lines"": 5}",
legal_general_retrieval_eval,Cerebrum-Blocks/block_store/kits/legal_general_retrieval_eval/corpus/cuad/AMERICANPHYSICIANSCAPITALINC_03_31_2003-EX-10.26-AGENCY AGREEMENT.txt,C:/Users/shimm/Cerebrum-Blocks/block_store/kits/legal_general_retrieval_eval/corpus/cuad/AMERICANPHYSICIANSCAPITALINC_03_31_2003-EX-10.26-AGENCY AGREEMENT.txt,23999,.txt,text/plain,ed3202c56ebdb4ab0c8d408adcab35f678a063ca30b100329f47aacc2ba94020,null,"{""encoding"": ""ascii"", ""sample_lines"": 5}",
legal_general_retrieval_eval,Cerebrum-Blocks/block_store/kits/legal_general_retrieval_eval/corpus/cuad/AMERICASSHOPPINGMALLINC_12_10_1999-EX-10.2-SITE DEVELOPMENT AND HOSTING AGREEMENT.txt,C:/Users/shimm/Cerebrum-Blocks/block_store/kits/legal_general_retrieval_eval/corpus/cuad/AMERICASSHOPPINGMALLINC_12_10_1999-EX-10.2-SITE DEVELOPMENT AND HOSTING AGREEMENT.txt,19351,.txt,text/plain,800a8e3e69cecab83863c1f6ff97587419bd873245d7f98b59e460a747f03228,null,"{""encoding"": ""ascii"", ""sample_lines"": 5}",
legal_general_retrieval_eval,Cerebrum-Blocks/block_store/kits/legal_general_retrieval_eval/corpus/cuad/ANIXABIOSCIENCESINC_06_09_2020-EX-10.1-COLLABORATION AGREEMENT.txt,C:/Users/shimm/Cerebrum-Blocks/block_store/kits/legal_general_retrieval_eval/corpus/cuad/ANIXABIOSCIENCESINC_06_09_2020-EX-10.1-COLLABORATION AGREEMENT.txt,40522,.txt,text/plain,b700fd09580297d2160086acfea6d5dd834598018ab652f181d972be510b5549,null,"{""encoding"": ""utf-8"", ""sample_lines"": 5}",
legal_general_retrieval_eval,"Cerebrum-Blocks/block_store/kits/legal_general_retrieval_eval/corpus/cuad/Antares Pharma, Inc. - Manufacturing Agreement.txt","C:/Users/shimm/Cerebrum-Blocks/block_store/kits/legal_general_retrieval_eval/corpus/cuad/Antares Pharma, Inc. - Manufacturing Agreement.txt",106794,.txt,text/plain,28f64048e5b3ba33f6db9ec7c0423394ba14f001c43d4c5349a6505808452f75,null,"{""encoding"": ""utf-8"", ""sample_lines"": 5}",
legal_general_retrieval_eval,Cerebrum-Blocks/block_store/kits/legal_general_retrieval_eval/corpus/cuad/Apollo Endosurgery - Manufacturing and Supply Agreement.txt,C:/Users/shimm/Cerebrum-Blocks/block_store/kits/legal_general_retrieval_eval/corpus/cuad/Apollo Endosurgery - Manufacturing and Supply Agreement.txt,48434,.txt,text/plain,f408b4d3754ed2f99c86c5092900df88286666c044bf66430c073c9c10a9d734,null,"{""encoding"": ""utf-8"", ""sample_lines"": 5}",
legal_general_retrieval_eval,Cerebrum-Blocks/block_store/kits/legal_general_retrieval_eval/corpus/cuad/ArcaUsTreasuryFund_20200207_N-2_EX-99.K5_11971930_EX-99.K5_Development Agreement.txt,C:/Users/shimm/Cerebrum-Blocks/block_store/kits/legal_general_retrieval_eval/corpus/cuad/ArcaUsTreasuryFund_20200207_N-2_EX-99.K5_11971930_EX-99.K5_Development Agreement.txt,15318,.txt,text/plain,0e421b7daa96857cf42de41b7671949d8c99a5eb90f9fc5b79a9d0a16a8cd2bd,null,"{""encoding"": ""ascii"", ""sample_lines"": 5}",
legal_general_retrieval_eval,Cerebrum-Blocks/block_store/kits/legal_general_retrieval_eval/corpus/cuad/ArcGroupInc_20171211_8-K_EX-10.1_10976103_EX-10.1_Sponsorship Agreement.txt,C:/Users/shimm/Cerebrum-Blocks/block_store/kits/legal_general_retrieval_eval/corpus/cuad/ArcGroupInc_20171211_8-K_EX-10.1_10976103_EX-10.1_Sponsorship Agreement.txt,16773,.txt,text/plain,4f6122be05857c75d5ea3bd3be66bcceaab1a968e276330f8d7ee60e694d1fec,null,"{""encoding"": ""ascii"", ""sample_lines"": 5}",
legal_general_retrieval_eval,Cerebrum-Blocks/block_store/kits/legal_general_retrieval_eval/corpus/cuad/ArconicRolledProductsCorp_20191217_10-12B_EX-2.7_11923804_EX-2.7_Trademark License Agreement.txt,C:/Users/shimm/Cerebrum-Blocks/block_store/kits/legal_general_retrieval_eval/corpus/cuad/ArconicRolledProductsCorp_20191217_10-12B_EX-2.7_11923804_EX-2.7_Trademark License Agreement.txt,18069,.txt,text/plain,bc3db8c11b06d0847c57051aaf75c493dda351e87a98fd5fcfe3fca7c751a0fa,null,"{""encoding"": ""ascii"", ""sample_lines"": 5}",
legal_general_retrieval_eval,"Cerebrum-Blocks/block_store/kits/legal_general_retrieval_eval/corpus/cuad/ARMSTRONGFLOORING,INC_01_07_2019-EX-10.2-INTELLECTUAL PROPERTY AGREEMENT.txt","C:/Users/shimm/Cerebrum-Blocks/block_store/kits/legal_general_retrieval_eval/corpus/cuad/ARMSTRONGFLOORING,INC_01_07_2019-EX-10.2-INTELLECTUAL PROPERTY AGREEMENT.txt",69769,.txt,text/plain,8ff1a7503594d70ad15a6cdad9242ff5d5d8ca9db2e75074d02834d9b1b47b3d,null,"{""encoding"": ""utf-8"", ""sample_lines"": 5}",
legal_general_retrieval_eval,Cerebrum-Blocks/block_store/kits/legal_general_retrieval_eval/corpus/cuad/ArmstrongFlooringInc_20190107_8-K_EX-10.2_11471795_EX-10.2_Intellectual Property Agreement.txt,C:/Users/shimm/Cerebrum-Blocks/block_store/kits/legal_general_retrieval_eval/corpus/cuad/ArmstrongFlooringInc_20190107_8-K_EX-10.2_11471795_EX-10.2_Intellectual Property Agreement.txt,56868,.txt,text/plain,4311463a9da996c008b3c16e323d32c517ed1b785f283a30ee1aceccacf90558,null,"{""encoding"": ""utf-8"", ""sample_lines"": 5}",
legal_general_retrieval_eval,"Cerebrum-Blocks/block_store/kits/legal_general_retrieval_eval/corpus/cuad/Array BioPharma Inc. - LICENSE, DEVELOPMENT AND COMMERCIALIZATION AGREEMENT.txt","C:/Users/shimm/Cerebrum-Blocks/block_store/kits/legal_general_retrieval_eval/corpus/cuad/Array BioPharma Inc. - LICENSE, DEVELOPMENT AND COMMERCIALIZATION AGREEMENT.txt",272046,.txt,text/plain,94706869d0da15fd791d8c9104959513c48271a91977b4701291184d1606c969,null,"{""encoding"": ""utf-8"", ""sample_lines"": 5}",
legal_general_retrieval_eval,Cerebrum-Blocks/block_store/kits/legal_general_retrieval_eval/corpus/cuad/ArtaraTherapeuticsInc_20200110_8-K_EX-10.5_11943350_EX-10.5_License Agreement.txt,C:/Users/shimm/Cerebrum-Blocks/block_store/kits/legal_general_retrieval_eval/corpus/cuad/ArtaraTherapeuticsInc_20200110_8-K_EX-10.5_11943350_EX-10.5_License Agreement.txt,38450,.txt,text/plain,aa63496b5011130a8704272a732ce09d5ccea0103437b90a5cf4caa05fed3039,null,"{""encoding"": ""utf-8"", ""sample_lines"": 5}",
legal_general_retrieval_eval,"Cerebrum-Blocks/block_store/kits/legal_general_retrieval_eval/corpus/cuad/ASHWORTHINC_01_29_1999-EX-10.(D)-PROMOTION AGREEMENT AND NANTZ COMMUNICATIONS, INC..txt","C:/Users/shimm/Cerebrum-Blocks/block_store/kits/legal_general_retrieval_eval/corpus/cuad/ASHWORTHINC_01_29_1999-EX-10.(D)-PROMOTION AGREEMENT AND NANTZ COMMUNICATIONS, INC..txt",24999,.txt,text/plain,977154e5d3a369d6eba47a390737030f8a6482bdf1a28dff81ca0427baac2ad3,null,"{""encoding"": ""ascii"", ""sample_lines"": 5}",
legal_general_retrieval_eval,Cerebrum-Blocks/block_store/kits/legal_general_retrieval_eval/corpus/cuad/ASIANDRAGONGROUPINC_08_11_2005-EX-10.5-Reseller Agreement.txt,C:/Users/shimm/Cerebrum-Blocks/block_store/kits/legal_general_retrieval_eval/corpus/cuad/ASIANDRAGONGROUPINC_08_11_2005-EX-10.5-Reseller Agreement.txt,45002,.txt,text/plain,16bb9d1715c4e0e41dd3f47b5eff2630d3848065dd31573dc4fbe77b7415dbdd,null,"{""encoding"": ""utf-8"", ""sample_lines"": 5}",
legal_general_retrieval_eval,Cerebrum-Blocks/block_store/kits/legal_general_retrieval_eval/corpus/cuad/ASPIRITYHOLDINGSLLC_05_07_2012-EX-10.6-OUTSOURCING AGREEMENT.txt,C:/Users/shimm/Cerebrum-Blocks/block_store/kits/legal_general_retrieval_eval/corpus/cuad/ASPIRITYHOLDINGSLLC_05_07_2012-EX-10.6-OUTSOURCING AGREEMENT.txt,67122,.txt,text/plain,4539ca9a496fc80305dc42d2f9ebcaa8a8e46a4fd406482846b69812c586b764,null,"{""encoding"": ""utf-8"", ""sample_lines"": 5}",
legal_general_retrieval_eval,"Cerebrum-Blocks/block_store/kits/legal_general_retrieval_eval/corpus/cuad/ATHENSBANCSHARESCORP_11_02_2009-EX-1.2-AGENCY AGREEMENT , 2009.txt","C:/Users/shimm/Cerebrum-Blocks/block_store/kits/legal_general_retrieval_eval/corpus/cuad/ATHENSBANCSHARESCORP_11_02_2009-EX-1.2-AGENCY AGREEMENT , 2009.txt",145322,.txt,text/plain,5698a2da99dd5ca090571f4c9a7ac437d868443121ddc9288aa5a9bcfb3e118e,null,"{""encoding"": ""utf-8"", ""sample_lines"": 5}",
legal_general_retrieval_eval,Cerebrum-Blocks/block_store/kits/legal_general_retrieval_eval/corpus/cuad/ATMOSENERGYCORP_11_22_2002-EX-10.17-TRANSPORTATION SERVICE AGREEMENT.txt,C:/Users/shimm/Cerebrum-Blocks/block_store/kits/legal_general_retrieval_eval/corpus/cuad/ATMOSENERGYCORP_11_22_2002-EX-10.17-TRANSPORTATION SERVICE AGREEMENT.txt,24151,.txt,text/plain,f8634e3d4296d3254e8589ae7ae4b5fc2b887fb56ac1b288cc8125d855c02601,null,"{""encoding"": ""ascii"", ""sample_lines"": 5}",
legal_general_retrieval_eval,Cerebrum-Blocks/block_store/kits/legal_general_retrieval_eval/corpus/cuad/AtnInternationalInc_20191108_10-Q_EX-10.1_11878541_EX-10.1_Maintenance Agreement.txt,C:/Users/shimm/Cerebrum-Blocks/block_store/kits/legal_general_retrieval_eval/corpus/cuad/AtnInternationalInc_20191108_10-Q_EX-10.1_11878541_EX-10.1_Maintenance Agreement.txt,228965,.txt,text/plain,783d0e615db36afaba845e7b3a07b06aaf1638c3da041e10a75d6adc525f2c8e,null,"{""encoding"": ""utf-8"", ""sample_lines"": 5}",
legal_general_retrieval_eval,Cerebrum-Blocks/block_store/kits/legal_general_retrieval_eval/corpus/cuad/AudibleInc_20001113_10-Q_EX-10.32_2599586_EX-10.32_Co-Branding Agreement_ Marketing Agreement_ Investment Distribution Agreement.txt,C:/Users/shimm/Cerebrum-Blocks/block_store/kits/legal_general_retrieval_eval/corpus/cuad/AudibleInc_20001113_10-Q_EX-10.32_2599586_EX-10.32_Co-Branding Agreement_ Marketing Agreement_ Investment Distribution Agreement.txt,77102,.txt,text/plain,5cb5b5a5e08db4d12897c2277e8ea9986c3eb83a789b02511339950772905d2a,null,"{""encoding"": ""ascii"", ""sample_lines"": 5}",
legal_general_retrieval_eval,Cerebrum-Blocks/block_store/kits/legal_general_retrieval_eval/corpus/cuad/AULAMERICANUNITTRUST_04_24_2020-EX-99.8.77-SERVICING AGREEMENT.txt,C:/Users/shimm/Cerebrum-Blocks/block_store/kits/legal_general_retrieval_eval/corpus/cuad/AULAMERICANUNITTRUST_04_24_2020-EX-99.8.77-SERVICING AGREEMENT.txt,36019,.txt,text/plain,ae207bb16f35b516ee3de6523291a3b5b62cc5733a048839cd8d909278aae022,null,"{""encoding"": ""ascii"", ""sample_lines"": 5}",
legal_general_retrieval_eval,Cerebrum-Blocks/block_store/kits/legal_general_retrieval_eval/corpus/cuad/AURASYSTEMSINC_06_16_2010-EX-10.25-STRATEGIC ALLIANCE AGREEMENT.txt,C:/Users/shimm/Cerebrum-Blocks/block_store/kits/legal_general_retrieval_eval/corpus/cuad/AURASYSTEMSINC_06_16_2010-EX-10.25-STRATEGIC ALLIANCE AGREEMENT.txt,45033,.txt,text/plain,cd9c428d08826e612d978e6bdad41df2463e5d84f45edb1bfc012e2580be0118,null,"{""encoding"": ""ascii"", ""sample_lines"": 5}",
legal_general_retrieval_eval,Cerebrum-Blocks/block_store/kits/legal_general_retrieval_eval/corpus/cuad/AzulSa_20170303_F-1A_EX-10.3_9943903_EX-10.3_Maintenance Agreement1.txt,C:/Users/shimm/Cerebrum-Blocks/block_store/kits/legal_general_retrieval_eval/corpus/cuad/AzulSa_20170303_F-1A_EX-10.3_9943903_EX-10.3_Maintenance Agreement1.txt,233309,.txt,text/plain,ae387a12fe0b3198004076f49e1991600b5993c656a4de3866786d3f7ec2a1df,null,"{""encoding"": ""utf-8"", ""sample_lines"": 5}",
legal_general_retrieval_eval,Cerebrum-Blocks/block_store/kits/legal_general_retrieval_eval/corpus/cuad/AzulSa_20170303_F-1A_EX-10.3_9943903_EX-10.3_Maintenance Agreement2.txt,C:/Users/shimm/Cerebrum-Blocks/block_store/kits/legal_general_retrieval_eval/corpus/cuad/AzulSa_20170303_F-1A_EX-10.3_9943903_EX-10.3_Maintenance Agreement2.txt,16891,.txt,text/plain,2d98d5344e92fe02c4726bc483ff9f00facbfa8161d3877cd522d8f6ac4ac2a1,null,"{""encoding"": ""utf-8"", ""sample_lines"": 5}",
legal_general_retrieval_eval,"Cerebrum-Blocks/block_store/kits/legal_general_retrieval_eval/corpus/cuad/BABCOCK_WILCOXENTERPRISES,INC_08_04_2015-EX-10.17-INTELLECTUAL PROPERTY AGREEMENT between THE BABCOCK _ WILCOX COMPANY and BABCOCK _ WILCOX ENTERPRISES, INC..txt","C:/Users/shimm/Cerebrum-Blocks/block_store/kits/legal_general_retrieval_eval/corpus/cuad/BABCOCK_WILCOXENTERPRISES,INC_08_04_2015-EX-10.17-INTELLECTUAL PROPERTY AGREEMENT between THE BABCOCK _ WILCOX COMPANY and BABCOCK _ WILCOX ENTERPRISES, INC..txt",112449,.txt,text/plain,670816cb31e329a198638a46a32531b4db03129fd8471203a3772e8d33cdcf1f,null,"{""encoding"": ""ascii"", ""sample_lines"": 5}",
legal_general_retrieval_eval,Cerebrum-Blocks/block_store/kits/legal_general_retrieval_eval/corpus/cuad/BANGIINC_05_25_2005-EX-10-Premium Managed Hosting Agreement.txt,C:/Users/shimm/Cerebrum-Blocks/block_store/kits/legal_general_retrieval_eval/corpus/cuad/BANGIINC_05_25_2005-EX-10-Premium Managed Hosting Agreement.txt,2010,.txt,text/plain,b4b49f7ad4add8c7688611909be42b428ebaa305d9bb5b3a425313a1d318fd10,null,"{""encoding"": ""ascii"", ""sample_lines"": 5}",
legal_general_retrieval_eval,Cerebrum-Blocks/block_store/kits/legal_general_retrieval_eval/corpus/cuad/BANUESTRAFINANCIALCORP_09_08_2006-EX-10.16-AGENCY AGREEMENT.txt,C:/Users/shimm/Cerebrum-Blocks/block_store/kits/legal_general_retrieval_eval/corpus/cuad/BANUESTRAFINANCIALCORP_09_08_2006-EX-10.16-AGENCY AGREEMENT.txt,45214,.txt,text/plain,8a409e55f61a647c258e02748912d68112b3a13fce72f17a060135157c73cd9c,null,"{""encoding"": ""ascii"", ""sample_lines"": 5}",
legal_general_retrieval_eval,"Cerebrum-Blocks/block_store/kits/legal_general_retrieval_eval/corpus/cuad/BELLICUMPHARMACEUTICALS,INC_05_07_2019-EX-10.1-Supply Agreement.txt","C:/Users/shimm/Cerebrum-Blocks/block_store/kits/legal_general_retrieval_eval/corpus/cuad/BELLICUMPHARMACEUTICALS,INC_05_07_2019-EX-10.1-Supply Agreement.txt",188693,.txt,text/plain,bc45f0f30bd60138b5bc89c935b96f23707000482795a0939524c54517daca38,null,"{""encoding"": ""utf-8"", ""sample_lines"": 5}",
legal_general_retrieval_eval,"Cerebrum-Blocks/block_store/kits/legal_general_retrieval_eval/corpus/cuad/BELLRINGBRANDS,INC_02_07_2020-EX-10.18-MASTER SUPPLY AGREEMENT.txt","C:/Users/shimm/Cerebrum-Blocks/block_store/kits/legal_general_retrieval_eval/corpus/cuad/BELLRINGBRANDS,INC_02_07_2020-EX-10.18-MASTER SUPPLY AGREEMENT.txt",37887,.txt,text/plain,4db35cae428d32e800d78491fbda9306df3b93ae8bb5c4c48a899e4943eb21d8,null,"{""encoding"": ""utf-8"", ""sample_lines"": 5}",
legal_general_retrieval_eval,Cerebrum-Blocks/block_store/kits/legal_general_retrieval_eval/corpus/cuad/BellringBrandsInc_20190920_S-1_EX-10.12_11817081_EX-10.12_Manufacturing Agreement1.txt,C:/Users/shimm/Cerebrum-Blocks/block_store/kits/legal_general_retrieval_eval/corpus/cuad/BellringBrandsInc_20190920_S-1_EX-10.12_11817081_EX-10.12_Manufacturing Agreement1.txt,42473,.txt,text/plain,282c8f55337dd7866bdbad178bcefe679017c2be4e1ae80a37fef98acf995e44,null,"{""encoding"": ""ascii"", ""sample_lines"": 5}",
legal_general_retrieval_eval,Cerebrum-Blocks/block_store/kits/legal_general_retrieval_eval/corpus/cuad/BellringBrandsInc_20190920_S-1_EX-10.12_11817081_EX-10.12_Manufacturing Agreement2.txt,C:/Users/shimm/Cerebrum-Blocks/block_store/kits/legal_general_retrieval_eval/corpus/cuad/BellringBrandsInc_20190920_S-1_EX-10.12_11817081_EX-10.12_Manufacturing Agreement2.txt,2274,.txt,text/plain,f7c0f6916366509e9e27a7e89ff4658bf08533469d01b633a9ecb903eb856e0b,null,"{""encoding"": ""ascii"", ""sample_lines"": 5}",
legal_general_retrieval_eval,Cerebrum-Blocks/block_store/kits/legal_general_retrieval_eval/corpus/cuad/BellringBrandsInc_20190920_S-1_EX-10.12_11817081_EX-10.12_Manufacturing Agreement3.txt,C:/Users/shimm/Cerebrum-Blocks/block_store/kits/legal_general_retrieval_eval/corpus/cuad/BellringBrandsInc_20190920_S-1_EX-10.12_11817081_EX-10.12_Manufacturing Agreement3.txt,8024,.txt,text/plain,063435deaed983bff69035a1db93843b925146affc740e05cc2e99778995e589,null,"{""encoding"": ""ascii"", ""sample_lines"": 5}",
legal_general_retrieval_eval,"Cerebrum-Blocks/block_store/kits/legal_general_retrieval_eval/corpus/cuad/BERKELEYLIGHTS,INC_06_26_2020-EX-10.12-COLLABORATION AGREEMENT.txt","C:/Users/shimm/Cerebrum-Blocks/block_store/kits/legal_general_retrieval_eval/corpus/cuad/BERKELEYLIGHTS,INC_06_26_2020-EX-10.12-COLLABORATION AGREEMENT.txt",209072,.txt,text/plain,cdd87a59c56a0bdbef6d4fa88a739471be81d90fec6a92327698a7f359a8302d,null,"{""encoding"": ""utf-8"", ""sample_lines"": 5}",
legal_general_retrieval_eval,Cerebrum-Blocks/block_store/kits/legal_general_retrieval_eval/corpus/cuad/BerkshireHillsBancorpInc_20120809_10-Q_EX-10.16_7708169_EX-10.16_Endorsement Agreement.txt,C:/Users/shimm/Cerebrum-Blocks/block_store/kits/legal_general_retrieval_eval/corpus/cuad/BerkshireHillsBancorpInc_20120809_10-Q_EX-10.16_7708169_EX-10.16_Endorsement Agreement.txt,29633,.txt,text/plain,a64e7166503fb0add16eb2f7a4466a9d6bb859868e427a59276160342da13867,null,"{""encoding"": ""utf-8"", ""sample_lines"": 5}",
legal_general_retrieval_eval,Cerebrum-Blocks/block_store/kits/legal_general_retrieval_eval/corpus/cuad/BEYONDCOMCORP_08_03_2000-EX-10.2-CO-HOSTING AGREEMENT.txt,C:/Users/shimm/Cerebrum-Blocks/block_store/kits/legal_general_retrieval_eval/corpus/cuad/BEYONDCOMCORP_08_03_2000-EX-10.2-CO-HOSTING AGREEMENT.txt,58300,.txt,text/plain,366791ae1ac1b2c163c069d3afed275ba3129a65574609fba9e94e56e66de9e4,null,"{""encoding"": ""ascii"", ""sample_lines"": 5}",
legal_general_retrieval_eval,Cerebrum-Blocks/block_store/kits/legal_general_retrieval_eval/corpus/cuad/BICYCLETHERAPEUTICSPLC_03_10_2020-EX-10.11-SERVICE AGREEMENT.txt,C:/Users/shimm/Cerebrum-Blocks/block_store/kits/legal_general_retrieval_eval/corpus/cuad/BICYCLETHERAPEUTICSPLC_03_10_2020-EX-10.11-SERVICE AGREEMENT.txt,57041,.txt,text/plain,f8438559b293e8223834f2d6d9d3fd9d7e74c2356132851878b970d840db8d29,null,"{""encoding"": ""ascii"", ""sample_lines"": 5}",
legal_general_retrieval_eval,Cerebrum-Blocks/block_store/kits/legal_general_retrieval_eval/corpus/cuad/BIOAMBERINC_04_10_2013-EX-10.34-DEVELOPMENT AGREEMENT (1).txt,C:/Users/shimm/Cerebrum-Blocks/block_store/kits/legal_general_retrieval_eval/corpus/cuad/BIOAMBERINC_04_10_2013-EX-10.34-DEVELOPMENT AGREEMENT (1).txt,38769,.txt,text/plain,65b642a2a325f2b974d30da010140e775df5226de003f971dfc32ac30b522915,null,"{""encoding"": ""utf-8"", ""sample_lines"": 5}",
legal_general_retrieval_eval,Cerebrum-Blocks/block_store/kits/legal_general_retrieval_eval/corpus/cuad/BIOCEPTINC_08_19_2013-EX-10-COLLABORATION AGREEMENT.txt,C:/Users/shimm/Cerebrum-Blocks/block_store/kits/legal_general_retrieval_eval/corpus/cuad/BIOCEPTINC_08_19_2013-EX-10-COLLABORATION AGREEMENT.txt,79084,.txt,text/plain,bb2ec4b603749b0897a4f22e273d94bdce7ba9b8bdcaf852a4ccb32b91d9f894,null,"{""encoding"": ""utf-8"", ""sample_lines"": 5}",
legal_general_retrieval_eval,Cerebrum-Blocks/block_store/kits/legal_general_retrieval_eval/corpus/cuad/BIOFRONTERAAG_04_29_2019-EX-4.17-SUPPLY AGREEMENT.txt,C:/Users/shimm/Cerebrum-Blocks/block_store/kits/legal_general_retrieval_eval/corpus/cuad/BIOFRONTERAAG_04_29_2019-EX-4.17-SUPPLY AGREEMENT.txt,63723,.txt,text/plain,28136e794bf344a5eedc4259213930d0c08b528d6ae8252addcac168d3f2e859,null,"{""encoding"": ""utf-8"", ""sample_lines"": 5}",
legal_general_retrieval_eval,Cerebrum-Blocks/block_store/kits/legal_general_retrieval_eval/corpus/cuad/BIOPURECORP_06_30_1999-EX-10.13-AGENCY AGREEMENT.txt,C:/Users/shimm/Cerebrum-Blocks/block_store/kits/legal_general_retrieval_eval/corpus/cuad/BIOPURECORP_06_30_1999-EX-10.13-AGENCY AGREEMENT.txt,40590,.txt,text/plain,46efce0876517845139456fb334958c9d530b7ebdea2a955c1f693d432e591f0,null,"{""encoding"": ""ascii"", ""sample_lines"": 5}",
legal_general_retrieval_eval,Cerebrum-Blocks/block_store/kits/legal_general_retrieval_eval/corpus/cuad/BizzingoInc_20120322_8-K_EX-10.17_7504499_EX-10.17_Endorsement Agreement.txt,C:/Users/shimm/Cerebrum-Blocks/block_store/kits/legal_general_retrieval_eval/corpus/cuad/BizzingoInc_20120322_8-K_EX-10.17_7504499_EX-10.17_Endorsement Agreement.txt,24223,.txt,text/plain,3047c857b6497a9ce5f15a8f94881e0345a2c5225e642b79d607421b9d365d33,null,"{""encoding"": ""ascii"", ""sample_lines"": 5}",
legal_general_retrieval_eval,Cerebrum-Blocks/block_store/kits/legal_general_retrieval_eval/corpus/cuad/BLACKBOXSTOCKSINC_08_05_2014-EX-10.1-DISTRIBUTOR AGREEMENT.txt,C:/Users/shimm/Cerebrum-Blocks/block_store/kits/legal_general_retrieval_eval/corpus/cuad/BLACKBOXSTOCKSINC_08_05_2014-EX-10.1-DISTRIBUTOR AGREEMENT.txt,17245,.txt,text/plain,0d2edecafe20a5de97f47ed19b08e2df988b3471e3da810944017ec8675adba5,null,"{""encoding"": ""utf-8"", ""sample_lines"": 5}",
legal_general_retrieval_eval,Cerebrum-Blocks/block_store/kits/legal_general_retrieval_eval/corpus/cuad/BLACKSTONEGSOLONG-SHORTCREDITINCOMEFUND_05_11_2020-EX-99.(K)(1)-SERVICE AGREEMENT.txt,C:/Users/shimm/Cerebrum-Blocks/block_store/kits/legal_general_retrieval_eval/corpus/cuad/BLACKSTONEGSOLONG-SHORTCREDITINCOMEFUND_05_11_2020-EX-99.(K)(1)-SERVICE AGREEMENT.txt,52552,.txt,text/plain,575fe627cb99c7dc665bdfcf67380c0503ca2b7af71fba6e974872404a14f4ef,null,"{""encoding"": ""utf-8"", ""sample_lines"": 5}",
legal_general_retrieval_eval,Cerebrum-Blocks/block_store/kits/legal_general_retrieval_eval/corpus/cuad/BloomEnergyCorp_20180321_DRSA (on S-1)_EX-10_11240356_EX-10_Maintenance Agreement.txt,C:/Users/shimm/Cerebrum-Blocks/block_store/kits/legal_general_retrieval_eval/corpus/cuad/BloomEnergyCorp_20180321_DRSA (on S-1)_EX-10_11240356_EX-10_Maintenance Agreement.txt,104738,.txt,text/plain,6ad983e154cb3198bb27429e51143944450401a50360c43a9ba381701c129664,null,"{""encoding"": ""ascii"", ""sample_lines"": 5}",
legal_general_retrieval_eval,Cerebrum-Blocks/block_store/kits/legal_general_retrieval_eval/corpus/cuad/BLUEFLYINC_03_27_2002-EX-10.27-e-business Hosting Agreement.txt,C:/Users/shimm/Cerebrum-Blocks/block_store/kits/legal_general_retrieval_eval/corpus/cuad/BLUEFLYINC_03_27_2002-EX-10.27-e-business Hosting Agreement.txt,37351,.txt,text/plain,1e6bf0ff8fcb0744a42746de9f45fdda9cfa23a176c48d54e5000ee040f4316a,null,"{""encoding"": ""ascii"", ""sample_lines"": 5}",
legal_general_retrieval_eval,"Cerebrum-Blocks/block_store/kits/legal_general_retrieval_eval/corpus/cuad/BLUEHILLSBANCORP,INC_05_20_2014-EX-1.1-AGENCY AGREEMENT.txt","C:/Users/shimm/Cerebrum-Blocks/block_store/kits/legal_general_retrieval_eval/corpus/cuad/BLUEHILLSBANCORP,INC_05_20_2014-EX-1.1-AGENCY AGREEMENT.txt",130770,.txt,text/plain,a2b6fb3f49c52a03d2b958c00a02f115c282f0d4a53c530d62ba895b9c4300e9,null,"{""encoding"": ""utf-8"", ""sample_lines"": 5}",
legal_general_retrieval_eval,"Cerebrum-Blocks/block_store/kits/legal_general_retrieval_eval/corpus/cuad/BLUEROCKRESIDENTIALGROWTHREIT,INC_06_01_2016-EX-1.1-AGENCY AGREEMENT.txt","C:/Users/shimm/Cerebrum-Blocks/block_store/kits/legal_general_retrieval_eval/corpus/cuad/BLUEROCKRESIDENTIALGROWTHREIT,INC_06_01_2016-EX-1.1-AGENCY AGREEMENT.txt",134181,.txt,text/plain,54c6d5857db6f23b8915955e0e6935f00ce31c3deea2291b2e66b57101ae1f60,null,"{""encoding"": ""ascii"", ""sample_lines"": 5}",
legal_general_retrieval_eval,Cerebrum-Blocks/block_store/kits/legal_general_retrieval_eval/corpus/cuad/BNCMORTGAGEINC_05_17_1999-EX-10.4-LICENSING AND WEB SITE HOSTING AGREEMENT.txt,C:/Users/shimm/Cerebrum-Blocks/block_store/kits/legal_general_retrieval_eval/corpus/cuad/BNCMORTGAGEINC_05_17_1999-EX-10.4-LICENSING AND WEB SITE HOSTING AGREEMENT.txt,32680,.txt,text/plain,dd81dd4162ec1cdc868071ccd0ccf214d68e24d35a5ff5e3a703f324dd47f4b8,null,"{""encoding"": ""ascii"", ""sample_lines"": 5}",
legal_general_retrieval_eval,Cerebrum-Blocks/block_store/kits/legal_general_retrieval_eval/corpus/cuad/BNLFINANCIALCORP_03_30_2007-EX-10.8-OUTSOURCING AGREEMENT.txt,C:/Users/shimm/Cerebrum-Blocks/block_store/kits/legal_general_retrieval_eval/corpus/cuad/BNLFINANCIALCORP_03_30_2007-EX-10.8-OUTSOURCING AGREEMENT.txt,39863,.txt,text/plain,8eb79bb4ec5ab5dd06fd2c7633dc91a84cf816736c1ece4d90ec0b8d71f83ab2,null,"{""encoding"": ""ascii"", ""sample_lines"": 5}",
legal_general_retrieval_eval,Cerebrum-Blocks/block_store/kits/legal_general_retrieval_eval/corpus/cuad/BOLIVARMININGCORP_05_23_2003-EX-2.1-VISP WEB SITE BUILDING AND HOSTING AGREEMENT.txt,C:/Users/shimm/Cerebrum-Blocks/block_store/kits/legal_general_retrieval_eval/corpus/cuad/BOLIVARMININGCORP_05_23_2003-EX-2.1-VISP WEB SITE BUILDING AND HOSTING AGREEMENT.txt,11539,.txt,text/plain,a84da786674a383f93aaa0fc640c47de727042091dc7f3e2df647a2162676e93,null,"{""encoding"": ""ascii"", ""sample_lines"": 5}",
legal_general_retrieval_eval,Cerebrum-Blocks/block_store/kits/legal_general_retrieval_eval/corpus/cuad/BONTONSTORESINC_04_20_2018-EX-99.3-AGENCY AGREEMENT.txt,C:/Users/shimm/Cerebrum-Blocks/block_store/kits/legal_general_retrieval_eval/corpus/cuad/BONTONSTORESINC_04_20_2018-EX-99.3-AGENCY AGREEMENT.txt,161630,.txt,text/plain,ff5ba383789fab50f4a3675805093940457d856495dd6786d630e7018bb2c511,null,"{""encoding"": ""utf-8"", ""sample_lines"": 5}",
legal_general_retrieval_eval,"Cerebrum-Blocks/block_store/kits/legal_general_retrieval_eval/corpus/cuad/BORROWMONEYCOM,INC_06_11_2020-EX-10.1-JOINT VENTURE AGREEMENT.txt","C:/Users/shimm/Cerebrum-Blocks/block_store/kits/legal_general_retrieval_eval/corpus/cuad/BORROWMONEYCOM,INC_06_11_2020-EX-10.1-JOINT VENTURE AGREEMENT.txt",21454,.txt,text/plain,61a7d17bc4cba4531dc64d18cb48153499b3fa978f54b5c3583208146897703f,null,"{""encoding"": ""utf-8"", ""sample_lines"": 5}",
legal_general_retrieval_eval,Cerebrum-Blocks/block_store/kits/legal_general_retrieval_eval/corpus/cuad/BravatekSolutionsInc_20170418_8-K_EX-10.1_10205739_EX-10.1_Reseller Agreement.txt,C:/Users/shimm/Cerebrum-Blocks/block_store/kits/legal_general_retrieval_eval/corpus/cuad/BravatekSolutionsInc_20170418_8-K_EX-10.1_10205739_EX-10.1_Reseller Agreement.txt,15877,.txt,text/plain,53c391863c306a2343f40af3d387d0e1559bf5bf534a0bab4401cc8608c65815,null,"{""encoding"": ""utf-8"", ""sample_lines"": 5}",
legal_general_retrieval_eval,Cerebrum-Blocks/block_store/kits/legal_general_retrieval_eval/corpus/cuad/BUFFALOWILDWINGSINC_06_05_1998-EX-10.3-FRANCHISE AGREEMENT.txt,C:/Users/shimm/Cerebrum-Blocks/block_store/kits/legal_general_retrieval_eval/corpus/cuad/BUFFALOWILDWINGSINC_06_05_1998-EX-10.3-FRANCHISE AGREEMENT.txt,154495,.txt,text/plain,b036cf3e6c48510f9123562b2826c82a205db9077d7837d31710265ef20635ea,null,"{""encoding"": ""ascii"", ""sample_lines"": 5}",
legal_general_retrieval_eval,"Cerebrum-Blocks/block_store/kits/legal_general_retrieval_eval/corpus/cuad/CANOPETROLEUM,INC_12_13_2007-EX-10.1-Sponsorship Agreement.txt","C:/Users/shimm/Cerebrum-Blocks/block_store/kits/legal_general_retrieval_eval/corpus/cuad/CANOPETROLEUM,INC_12_13_2007-EX-10.1-Sponsorship Agreement.txt",8853,.txt,text/plain,60239701cac9b0eae2de8ba7bded280c3ebb716d853d28f6a96c8d26a0d9c100,null,"{""encoding"": ""utf-8"", ""sample_lines"": 5}",
legal_general_retrieval_eval,"Cerebrum-Blocks/block_store/kits/legal_general_retrieval_eval/corpus/cuad/CARDAX,INC_08_19_2014-EX-10.1-COLLABORATION AGREEMENT.txt","C:/Users/shimm/Cerebrum-Blocks/block_store/kits/legal_general_retrieval_eval/corpus/cuad/CARDAX,INC_08_19_2014-EX-10.1-COLLABORATION AGREEMENT.txt",56539,.txt,text/plain,fadc3c32a70d9d22999c3358d236b654dd60a147fba18704b9666ef7c9e9ee3e,null,"{""encoding"": ""ascii"", ""sample_lines"": 5}",
legal_general_retrieval_eval,Cerebrum-Blocks/block_store/kits/legal_general_retrieval_eval/corpus/cuad/CardlyticsInc_20180112_S-1_EX-10.16_11002987_EX-10.16_Maintenance Agreement1.txt,C:/Users/shimm/Cerebrum-Blocks/block_store/kits/legal_general_retrieval_eval/corpus/cuad/CardlyticsInc_20180112_S-1_EX-10.16_11002987_EX-10.16_Maintenance Agreement1.txt,165343,.txt,text/plain,34eb96a3a62e11def90f97b12aa6aedc31d5fbdc2532fdf25d8dfa009dcd0369,null,"{""encoding"": ""ascii"", ""sample_lines"": 5}",
legal_general_retrieval_eval,Cerebrum-Blocks/block_store/kits/legal_general_retrieval_eval/corpus/cuad/CCAINDUSTRIESINC_04_14_2014-EX-10.1-OUTSOURCING AGREEMENT.txt,C:/Users/shimm/Cerebrum-Blocks/block_store/kits/legal_general_retrieval_eval/corpus/cuad/CCAINDUSTRIESINC_04_14_2014-EX-10.1-OUTSOURCING AGREEMENT.txt,31928,.txt,text/plain,9620281e798e7635c9b6a3397ca210d00c9f57ca344ae62dc9af356163cddef4,null,"{""encoding"": ""utf-8"", ""sample_lines"": 5}",
legal_general_retrieval_eval,Cerebrum-Blocks/block_store/kits/legal_general_retrieval_eval/corpus/cuad/CcRealEstateIncomeFundadv_20181205_POS 8C_EX-99.(H)(3)_11447739_EX-99.(H)(3)_Marketing Agreement.txt,C:/Users/shimm/Cerebrum-Blocks/block_store/kits/legal_general_retrieval_eval/corpus/cuad/CcRealEstateIncomeFundadv_20181205_POS 8C_EX-99.(H)(3)_11447739_EX-99.(H)(3)_Marketing Agreement.txt,30127,.txt,text/plain,4a3e5cdd6270a41de613dd009d247d83debd7302680cfb60d887bd00246af8a8,null,"{""encoding"": ""ascii"", ""sample_lines"": 5}",
legal_general_retrieval_eval,Cerebrum-Blocks/block_store/kits/legal_general_retrieval_eval/corpus/cuad/CENTRACKINTERNATIONALINC_10_29_1999-EX-10.3-WEB SITE HOSTING AGREEMENT.txt,C:/Users/shimm/Cerebrum-Blocks/block_store/kits/legal_general_retrieval_eval/corpus/cuad/CENTRACKINTERNATIONALINC_10_29_1999-EX-10.3-WEB SITE HOSTING AGREEMENT.txt,15176,.txt,text/plain,8532356d811b76bd7ae536cf22910742ba61815dc39741fd9b295d7bc80c99f1,null,"{""encoding"": ""ascii"", ""sample_lines"": 5}",
legal_general_retrieval_eval,Cerebrum-Blocks/block_store/kits/legal_general_retrieval_eval/corpus/cuad/CerenceInc_20191002_8-K_EX-10.4_11827494_EX-10.4_Intellectual Property Agreement.txt,C:/Users/shimm/Cerebrum-Blocks/block_store/kits/legal_general_retrieval_eval/corpus/cuad/CerenceInc_20191002_8-K_EX-10.4_11827494_EX-10.4_Intellectual Property Agreement.txt,62170,.txt,text/plain,cae1021a576e7472db500d0d43f6a15a43625b0825bece22c1ed18e959dd578f,null,"{""encoding"": ""ascii"", ""sample_lines"": 5}",
legal_general_retrieval_eval,"Cerebrum-Blocks/block_store/kits/legal_general_retrieval_eval/corpus/cuad/CERES,INC_01_25_2012-EX-10.20-Collaboration Agreement.txt","C:/Users/shimm/Cerebrum-Blocks/block_store/kits/legal_general_retrieval_eval/corpus/cuad/CERES,INC_01_25_2012-EX-10.20-Collaboration Agreement.txt",335519,.txt,text/plain,83b3bd9444f56aeb9d1d4e5191c6f717356bca0b5d8c8da05e910aa49ec0af7b,null,"{""encoding"": ""utf-8"", ""sample_lines"": 5}",
legal_general_retrieval_eval,Cerebrum-Blocks/block_store/kits/legal_general_retrieval_eval/corpus/cuad/CHANGEPOINTCORP_03_08_2000-EX-10.6-LICENSE AND HOSTING AGREEMENT.txt,C:/Users/shimm/Cerebrum-Blocks/block_store/kits/legal_general_retrieval_eval/corpus/cuad/CHANGEPOINTCORP_03_08_2000-EX-10.6-LICENSE AND HOSTING AGREEMENT.txt,161066,.txt,text/plain,4362013dcc33e52ba5180650d945aa4e69b4ec9ca1e2ce39447a34a15889db7d,null,"{""encoding"": ""ascii"", ""sample_lines"": 5}",
legal_general_retrieval_eval,Cerebrum-Blocks/block_store/kits/legal_general_retrieval_eval/corpus/cuad/CHAPARRALRESOURCESINC_03_30_2000-EX-10.66-TRANSPORTATION CONTRACT.txt,C:/Users/shimm/Cerebrum-Blocks/block_store/kits/legal_general_retrieval_eval/corpus/cuad/CHAPARRALRESOURCESINC_03_30_2000-EX-10.66-TRANSPORTATION CONTRACT.txt,26830,.txt,text/plain,0e03737ee6eafee156bb168e59f3134ba959e8e5f38ef4b5548a62798caf3174,null,"{""encoding"": ""ascii"", ""sample_lines"": 5}",
legal_general_retrieval_eval,Cerebrum-Blocks/block_store/kits/legal_general_retrieval_eval/corpus/cuad/CHEETAHMOBILEINC_04_22_2014-EX-10.43-Cooperation Agreement.txt,C:/Users/shimm/Cerebrum-Blocks/block_store/kits/legal_general_retrieval_eval/corpus/cuad/CHEETAHMOBILEINC_04_22_2014-EX-10.43-Cooperation Agreement.txt,39177,.txt,text/plain,7ad4aef216d809694d967cf966fc42f9018f8d7c9667c59fa44c946c7bf0e08e,null,"{""encoding"": ""ascii"", ""sample_lines"": 5}",
legal_general_retrieval_eval,Cerebrum-Blocks/block_store/kits/legal_general_retrieval_eval/corpus/cuad/CHERRYHILLMORTGAGEINVESTMENTCORP_09_26_2013-EX-10.1-Strategic Alliance Agreement.txt,C:/Users/shimm/Cerebrum-Blocks/block_store/kits/legal_general_retrieval_eval/corpus/cuad/CHERRYHILLMORTGAGEINVESTMENTCORP_09_26_2013-EX-10.1-Strategic Alliance Agreement.txt,27744,.txt,text/plain,2528d4f273fad72ea608329997b95e96626632b3936a93a32dd0bbad5db970cd,null,"{""encoding"": ""utf-8"", ""sample_lines"": 5}",
legal_general_retrieval_eval,Cerebrum-Blocks/block_store/kits/legal_general_retrieval_eval/corpus/cuad/ChinaRealEstateInformationCorp_20090929_F-1_EX-10.32_4771615_EX-10.32_Content License Agreement.txt,C:/Users/shimm/Cerebrum-Blocks/block_store/kits/legal_general_retrieval_eval/corpus/cuad/ChinaRealEstateInformationCorp_20090929_F-1_EX-10.32_4771615_EX-10.32_Content License Agreement.txt,49191,.txt,text/plain,8881b5815dde9e3f52c43311f80baaf25e10dd15ed5b52740e94ca4a0aba433a,null,"{""encoding"": ""ascii"", ""sample_lines"": 5}",
legal_general_retrieval_eval,Cerebrum-Blocks/block_store/kits/legal_general_retrieval_eval/corpus/cuad/CHINARECYCLINGENERGYCORP_11_14_2013-EX-10.6-Cooperation Agreement.txt,C:/Users/shimm/Cerebrum-Blocks/block_store/kits/legal_general_retrieval_eval/corpus/cuad/CHINARECYCLINGENERGYCORP_11_14_2013-EX-10.6-Cooperation Agreement.txt,16509,.txt,text/plain,8c0683c882687f9e6ba6241a62fd38f0327ba044d97f6020812b41662255b5ce,null,"{""encoding"": ""ascii"", ""sample_lines"": 5}",
legal_general_retrieval_eval,Cerebrum-Blocks/block_store/kits/legal_general_retrieval_eval/corpus/cuad/CHIPMOSTECHNOLOGIESBERMUDALTD_04_18_2016-EX-4.72-Strategic Alliance Agreement.txt,C:/Users/shimm/Cerebrum-Blocks/block_store/kits/legal_general_retrieval_eval/corpus/cuad/CHIPMOSTECHNOLOGIESBERMUDALTD_04_18_2016-EX-4.72-Strategic Alliance Agreement.txt,13506,.txt,text/plain,a3c62071e79c5a3c4756df742251665115f48c778c179f2628ee9f5a65a837d0,null,"{""encoding"": ""ascii"", ""sample_lines"": 5}",
legal_general_retrieval_eval,Cerebrum-Blocks/block_store/kits/legal_general_retrieval_eval/corpus/cuad/ClickstreamCorp_20200330_1-A_EX1A-6 MAT CTRCT_12089935_EX1A-6 MAT CTRCT_Development Agreement.txt,C:/Users/shimm/Cerebrum-Blocks/block_store/kits/legal_general_retrieval_eval/corpus/cuad/ClickstreamCorp_20200330_1-A_EX1A-6 MAT CTRCT_12089935_EX1A-6 MAT CTRCT_Development Agreement.txt,34345,.txt,text/plain,60e84c78b61cf379963d4ae8b7749ebd9c33dd7833b961fdd2c6cb9b2d0a07ed,null,"{""encoding"": ""utf-8"", ""sample_lines"": 5}",
legal_general_retrieval_eval,Cerebrum-Blocks/block_store/kits/legal_general_retrieval_eval/corpus/cuad/CnsPharmaceuticalsInc_20200326_8-K_EX-10.1_12079626_EX-10.1_Development Agreement.txt,C:/Users/shimm/Cerebrum-Blocks/block_store/kits/legal_general_retrieval_eval/corpus/cuad/CnsPharmaceuticalsInc_20200326_8-K_EX-10.1_12079626_EX-10.1_Development Agreement.txt,20793,.txt,text/plain,fcf374a48a92fa8c689861905d2d8cc89cbbbd613ae3ae32dc7e61b71bda1fe7,null,"{""encoding"": ""utf-8"", ""sample_lines"": 5}",
legal_general_retrieval_eval,Cerebrum-Blocks/block_store/kits/legal_general_retrieval_eval/corpus/cuad/CoherusBiosciencesInc_20200227_10-K_EX-10.29_12021376_EX-10.29_Development Agreement.txt,C:/Users/shimm/Cerebrum-Blocks/block_store/kits/legal_general_retrieval_eval/corpus/cuad/CoherusBiosciencesInc_20200227_10-K_EX-10.29_12021376_EX-10.29_Development Agreement.txt,146109,.txt,text/plain,e6370745e927c1182c7c7425a6a984ad0d0ebc3439bc33d99cfc91c30bd381db,null,"{""encoding"": ""utf-8"", ""sample_lines"": 5}",
legal_general_retrieval_eval,"Cerebrum-Blocks/block_store/kits/legal_general_retrieval_eval/corpus/cuad/Columbia Laboratories, (Bermuda) Ltd. - AMEND NO. 2 TO MANUFACTURING AND SUPPLY AGREEMENT.txt","C:/Users/shimm/Cerebrum-Blocks/block_store/kits/legal_general_retrieval_eval/corpus/cuad/Columbia Laboratories, (Bermuda) Ltd. - AMEND NO. 2 TO MANUFACTURING AND SUPPLY AGREEMENT.txt",45847,.txt,text/plain,17bea1f531d30d456d2df5787dfdf6a44723e822e397b5ad841c4f39cdfca4ef,null,"{""encoding"": ""utf-8"", ""sample_lines"": 5}",
legal_general_retrieval_eval,Cerebrum-Blocks/block_store/kits/legal_general_retrieval_eval/corpus/cuad/ConformisInc_20191101_10-Q_EX-10.6_11861402_EX-10.6_Development Agreement.txt,C:/Users/shimm/Cerebrum-Blocks/block_store/kits/legal_general_retrieval_eval/corpus/cuad/ConformisInc_20191101_10-Q_EX-10.6_11861402_EX-10.6_Development Agreement.txt,63218,.txt,text/plain,e5e4c32e2b01ec4d236572293a310d2cb96743d3e13f652cfe8c2d42df251844,null,"{""encoding"": ""utf-8"", ""sample_lines"": 5}",
legal_general_retrieval_eval,"Cerebrum-Blocks/block_store/kits/legal_general_retrieval_eval/corpus/cuad/COOLTECHNOLOGIES,INC_10_25_2017-EX-10.71-Strategic Alliance Agreement.txt","C:/Users/shimm/Cerebrum-Blocks/block_store/kits/legal_general_retrieval_eval/corpus/cuad/COOLTECHNOLOGIES,INC_10_25_2017-EX-10.71-Strategic Alliance Agreement.txt",13548,.txt,text/plain,8ce577d01af57dfe32146885a2f834334726b627dc451095d10edf92f040dd12,null,"{""encoding"": ""utf-8"", ""sample_lines"": 5}",
legal_general_retrieval_eval,"Cerebrum-Blocks/block_store/kits/legal_general_retrieval_eval/corpus/cuad/CORALGOLDRESOURCES,LTD_05_28_2020-EX-4.1-CONSULTING AGREEMENT.txt","C:/Users/shimm/Cerebrum-Blocks/block_store/kits/legal_general_retrieval_eval/corpus/cuad/CORALGOLDRESOURCES,LTD_05_28_2020-EX-4.1-CONSULTING AGREEMENT.txt",29756,.txt,text/plain,909f4a9d8ca8ef197dcf0c99f79cc682ea5b3df022f07c1b295da82deb4cd8b8,null,"{""encoding"": ""utf-8"", ""sample_lines"": 5}",
legal_general_retrieval_eval,Cerebrum-Blocks/block_store/kits/legal_general_retrieval_eval/corpus/cuad/CORIOINC_07_20_2000-EX-10.5-LICENSE AND HOSTING AGREEMENT.txt,C:/Users/shimm/Cerebrum-Blocks/block_store/kits/legal_general_retrieval_eval/corpus/cuad/CORIOINC_07_20_2000-EX-10.5-LICENSE AND HOSTING AGREEMENT.txt,62324,.txt,text/plain,01ce3afc80c5e4c08465c0f361e4c19bf2989d4e9657091af2cb32ecd9aea4c0,null,"{""encoding"": ""ascii"", ""sample_lines"": 5}",
legal_general_retrieval_eval,Cerebrum-Blocks/block_store/kits/legal_general_retrieval_eval/corpus/cuad/CreditcardscomInc_20070810_S-1_EX-10.33_362297_EX-10.33_Affiliate Agreement.txt,C:/Users/shimm/Cerebrum-Blocks/block_store/kits/legal_general_retrieval_eval/corpus/cuad/CreditcardscomInc_20070810_S-1_EX-10.33_362297_EX-10.33_Affiliate Agreement.txt,28984,.txt,text/plain,29b719c456250aea65501b771c0dc859094c9a5d5b074a6af4fe4254bd5c4384,null,"{""encoding"": ""utf-8"", ""sample_lines"": 5}",
legal_general_retrieval_eval,"Cerebrum-Blocks/block_store/kits/legal_general_retrieval_eval/corpus/cuad/CURAEGISTECHNOLOGIES,INC_05_26_2010-EX-1-CORPORATE SPONSORSHIP AGREEMENT.txt","C:/Users/shimm/Cerebrum-Blocks/block_store/kits/legal_general_retrieval_eval/corpus/cuad/CURAEGISTECHNOLOGIES,INC_05_26_2010-EX-1-CORPORATE SPONSORSHIP AGREEMENT.txt",12629,.txt,text/plain,01a6a01aef555c3b1cf58d562a6a6970c91beb1cca066424ef8c1a962a047735,null,"{""encoding"": ""utf-8"", ""sample_lines"": 5}",
legal_general_retrieval_eval,Cerebrum-Blocks/block_store/kits/legal_general_retrieval_eval/corpus/cuad/CUROGROUPHOLDINGSCORP_05_04_2020-EX-10.3-SERVICING AGREEMENT.txt,C:/Users/shimm/Cerebrum-Blocks/block_store/kits/legal_general_retrieval_eval/corpus/cuad/CUROGROUPHOLDINGSCORP_05_04_2020-EX-10.3-SERVICING AGREEMENT.txt,36602,.txt,text/plain,d4471281379b6b7710b069e1a4d46a9978e9912bc1d216c34ab6f89c1f03894e,null,"{""encoding"": ""utf-8"", ""sample_lines"": 5}",
legal_general_retrieval_eval,Cerebrum-Blocks/block_store/kits/legal_general_retrieval_eval/corpus/cuad/CybergyHoldingsInc_20140520_10-Q_EX-10.27_8605784_EX-10.27_Affiliate Agreement.txt,C:/Users/shimm/Cerebrum-Blocks/block_store/kits/legal_general_retrieval_eval/corpus/cuad/CybergyHoldingsInc_20140520_10-Q_EX-10.27_8605784_EX-10.27_Affiliate Agreement.txt,33829,.txt,text/plain,1b75149a48763374ea9c10fe351848153b469499c9b3171565b41bdbd45a0f8d,null,"{""encoding"": ""utf-8"", ""sample_lines"": 5}",
legal_general_retrieval_eval,Cerebrum-Blocks/block_store/kits/legal_general_retrieval_eval/corpus/cuad/CYBERIANOUTPOSTINC_07_09_1998-EX-10.13-PROMOTION AGREEMENT.txt,C:/Users/shimm/Cerebrum-Blocks/block_store/kits/legal_general_retrieval_eval/corpus/cuad/CYBERIANOUTPOSTINC_07_09_1998-EX-10.13-PROMOTION AGREEMENT.txt,25288,.txt,text/plain,a3530d141fa1b32e5ea38c78611921eac7ed5af9051fad14ec87e630beb338d6,null,"{""encoding"": ""utf-8"", ""sample_lines"": 5}",
legal_general_retrieval_eval,Cerebrum-Blocks/block_store/kits/legal_general_retrieval_eval/corpus/cuad/CytodynInc_20200109_10-Q_EX-10.5_11941634_EX-10.5_License Agreement.txt,C:/Users/shimm/Cerebrum-Blocks/block_store/kits/legal_general_retrieval_eval/corpus/cuad/CytodynInc_20200109_10-Q_EX-10.5_11941634_EX-10.5_License Agreement.txt,159495,.txt,text/plain,b0260f5f7048eabdee209987eb7a20c10aaf0a4b9503552e7c1bad2d7d784c3b,null,"{""encoding"": ""utf-8"", ""sample_lines"": 5}",
legal_general_retrieval_eval,Cerebrum-Blocks/block_store/kits/legal_general_retrieval_eval/corpus/cuad/DataCallTechnologies_20060918_SB-2A_EX-10.9_944510_EX-10.9_Content License Agreement.txt,C:/Users/shimm/Cerebrum-Blocks/block_store/kits/legal_general_retrieval_eval/corpus/cuad/DataCallTechnologies_20060918_SB-2A_EX-10.9_944510_EX-10.9_Content License Agreement.txt,14171,.txt,text/plain,20f0f1630d8ae7ba221fbbf9d0449a593605989dfa3c779cafdb9c233bb6ebe7,null,"{""encoding"": ""ascii"", ""sample_lines"": 5}",
legal_general_retrieval_eval,Cerebrum-Blocks/block_store/kits/legal_general_retrieval_eval/corpus/cuad/DeltathreeInc_19991102_S-1A_EX-10.19_6227850_EX-10.19_Co-Branding Agreement_ Service Agreement.txt,C:/Users/shimm/Cerebrum-Blocks/block_store/kits/legal_general_retrieval_eval/corpus/cuad/DeltathreeInc_19991102_S-1A_EX-10.19_6227850_EX-10.19_Co-Branding Agreement_ Service Agreement.txt,28825,.txt,text/plain,97fe5dcb9450133b80e5c0409a35449a6fe2a3273dab27e53c4684fb9e219547,null,"{""encoding"": ""ascii"", ""sample_lines"": 5}",
legal_general_retrieval_eval,Cerebrum-Blocks/block_store/kits/legal_general_retrieval_eval/corpus/cuad/DigitalCinemaDestinationsCorp_20111220_S-1_EX-10.10_7346719_EX-10.10_Affiliate Agreement.txt,C:/Users/shimm/Cerebrum-Blocks/block_store/kits/legal_general_retrieval_eval/corpus/cuad/DigitalCinemaDestinationsCorp_20111220_S-1_EX-10.10_7346719_EX-10.10_Affiliate Agreement.txt,109015,.txt,text/plain,e7af6c31ad15625052cf5a166db30aa312faac61927e34cc9675adf418e61076,null,"{""encoding"": ""ascii"", ""sample_lines"": 5}",
legal_general_retrieval_eval,Cerebrum-Blocks/block_store/kits/legal_general_retrieval_eval/corpus/cuad/DIVERSINETCORP_03_01_2012-EX-4-RESELLER AGREEMENT.txt,C:/Users/shimm/Cerebrum-Blocks/block_store/kits/legal_general_retrieval_eval/corpus/cuad/DIVERSINETCORP_03_01_2012-EX-4-RESELLER AGREEMENT.txt,75432,.txt,text/plain,9c9e0d0d527428ea1b596e604397e2ad78a3e2cab07bb32e3015600c594b4163,null,"{""encoding"": ""utf-8"", ""sample_lines"": 5}",
legal_general_retrieval_eval,Cerebrum-Blocks/block_store/kits/legal_general_retrieval_eval/corpus/cuad/DOMINIADVISORTRUST_02_18_2005-EX-99.(H)(2)-SPONSORSHIP AGREEMENT.txt,C:/Users/shimm/Cerebrum-Blocks/block_store/kits/legal_general_retrieval_eval/corpus/cuad/DOMINIADVISORTRUST_02_18_2005-EX-99.(H)(2)-SPONSORSHIP AGREEMENT.txt,12555,.txt,text/plain,d0a1da3829ff9e1cd503b5cdcde475c8b3287a3fb9e987337538fd46d6150b7e,null,"{""encoding"": ""ascii"", ""sample_lines"": 5}",
legal_general_retrieval_eval,Cerebrum-Blocks/block_store/kits/legal_general_retrieval_eval/corpus/cuad/DovaPharmaceuticalsInc_20181108_10-Q_EX-10.2_11414857_EX-10.2_Promotion Agreement.txt,C:/Users/shimm/Cerebrum-Blocks/block_store/kits/legal_general_retrieval_eval/corpus/cuad/DovaPharmaceuticalsInc_20181108_10-Q_EX-10.2_11414857_EX-10.2_Promotion Agreement.txt,175617,.txt,text/plain,7bda458cd689faa8bcde9f8f3e625ecb93b04de3a772d95988aba4f803d04900,null,"{""encoding"": ""utf-8"", ""sample_lines"": 5}",
legal_general_retrieval_eval,Cerebrum-Blocks/block_store/kits/legal_general_retrieval_eval/corpus/cuad/DRAGONSYSTEMSINC_01_08_1999-EX-10.17-OUTSOURCING AGREEMENT.txt,C:/Users/shimm/Cerebrum-Blocks/block_store/kits/legal_general_retrieval_eval/corpus/cuad/DRAGONSYSTEMSINC_01_08_1999-EX-10.17-OUTSOURCING AGREEMENT.txt,8599,.txt,text/plain,8d8020e5c0bcaafac609fe53a2e7edbe2ecbf15541dc846ed25ac63ec822b37e,null,"{""encoding"": ""ascii"", ""sample_lines"": 5}",
legal_general_retrieval_eval,"Cerebrum-Blocks/block_store/kits/legal_general_retrieval_eval/corpus/cuad/DRIVENDELIVERIES,INC_05_22_2020-EX-10.4-CONSULTING AGREEMENT.txt","C:/Users/shimm/Cerebrum-Blocks/block_store/kits/legal_general_retrieval_eval/corpus/cuad/DRIVENDELIVERIES,INC_05_22_2020-EX-10.4-CONSULTING AGREEMENT.txt",27907,.txt,text/plain,bae9c2a33cdb12e3ceed1036720847072bae4b80203c841a688b1ec5044a9ea9,null,"{""encoding"": ""utf-8"", ""sample_lines"": 5}",
legal_general_retrieval_eval,Cerebrum-Blocks/block_store/kits/legal_general_retrieval_eval/corpus/cuad/DRKOOPCOMINC_04_21_1999-EX-10.28-SPONSORSHIP AGREEMENT.txt,C:/Users/shimm/Cerebrum-Blocks/block_store/kits/legal_general_retrieval_eval/corpus/cuad/DRKOOPCOMINC_04_21_1999-EX-10.28-SPONSORSHIP AGREEMENT.txt,39177,.txt,text/plain,7bf1cc08ff20ba49840c64de72e9ce643050b5fbc7f0486562da6539a7e1d66b,null,"{""encoding"": ""utf-8"", ""sample_lines"": 5}",
legal_general_retrieval_eval,"Cerebrum-Blocks/block_store/kits/legal_general_retrieval_eval/corpus/cuad/DUOSTECHNOLOGIESGROUP,INC_04_21_2009-EX-10.1-STRATEGIC ALLIANCE AGREEMENT.txt","C:/Users/shimm/Cerebrum-Blocks/block_store/kits/legal_general_retrieval_eval/corpus/cuad/DUOSTECHNOLOGIESGROUP,INC_04_21_2009-EX-10.1-STRATEGIC ALLIANCE AGREEMENT.txt",46301,.txt,text/plain,17f0b67c57a587044cc00aa7b9dfc258cd199f809b8fa5c19acddceb873b8517,null,"{""encoding"": ""utf-8"", ""sample_lines"": 5}",
legal_general_retrieval_eval,Cerebrum-Blocks/block_store/kits/legal_general_retrieval_eval/corpus/cuad/DYNAMEXINC_06_06_1996-EX-10.4-TRANSPORTATION SERVICES AGREEMENT.txt,C:/Users/shimm/Cerebrum-Blocks/block_store/kits/legal_general_retrieval_eval/corpus/cuad/DYNAMEXINC_06_06_1996-EX-10.4-TRANSPORTATION SERVICES AGREEMENT.txt,49218,.txt,text/plain,b78b65221c6ae786e6c1274ca932d7a5ffef078da4d94d0b6617db6028764e96,null,"{""encoding"": ""ascii"", ""sample_lines"": 5}",
legal_general_retrieval_eval,Cerebrum-Blocks/block_store/kits/legal_general_retrieval_eval/corpus/cuad/DYNTEKINC_07_30_1999-EX-10-ONLINE HOSTING AGREEMENT.txt,C:/Users/shimm/Cerebrum-Blocks/block_store/kits/legal_general_retrieval_eval/corpus/cuad/DYNTEKINC_07_30_1999-EX-10-ONLINE HOSTING AGREEMENT.txt,25214,.txt,text/plain,75cb8dce69c94723ec13f9414fc50d7712a20574ea077674d359447edb709a14,null,"{""encoding"": ""ascii"", ""sample_lines"": 5}",
legal_general_retrieval_eval,Cerebrum-Blocks/block_store/kits/legal_general_retrieval_eval/corpus/cuad/EbixInc_20010515_10-Q_EX-10.3_4049767_EX-10.3_Co-Branding Agreement.txt,C:/Users/shimm/Cerebrum-Blocks/block_store/kits/legal_general_retrieval_eval/corpus/cuad/EbixInc_20010515_10-Q_EX-10.3_4049767_EX-10.3_Co-Branding Agreement.txt,42972,.txt,text/plain,c94be1a4bdea0863f185745689662951fe5dc0e32f6ed3637a780119a3e75a18,null,"{""encoding"": ""ascii"", ""sample_lines"": 5}",
legal_general_retrieval_eval,Cerebrum-Blocks/block_store/kits/legal_general_retrieval_eval/corpus/cuad/EcoScienceSolutionsInc_20171117_8-K_EX-10.1_10956472_EX-10.1_Endorsement Agreement.txt,C:/Users/shimm/Cerebrum-Blocks/block_store/kits/legal_general_retrieval_eval/corpus/cuad/EcoScienceSolutionsInc_20171117_8-K_EX-10.1_10956472_EX-10.1_Endorsement Agreement.txt,18104,.txt,text/plain,4294c59e488ca8db726621f1a024bfe8213ae06fa6c88226b6bcd20b23cb0ec8,null,"{""encoding"": ""ascii"", ""sample_lines"": 5}",
legal_general_retrieval_eval,Cerebrum-Blocks/block_store/kits/legal_general_retrieval_eval/corpus/cuad/EcoScienceSolutionsInc_20180406_8-K_EX-10.1_11135398_EX-10.1_Sponsorship Agreement.txt,C:/Users/shimm/Cerebrum-Blocks/block_store/kits/legal_general_retrieval_eval/corpus/cuad/EcoScienceSolutionsInc_20180406_8-K_EX-10.1_11135398_EX-10.1_Sponsorship Agreement.txt,8052,.txt,text/plain,a2bbc78780c5eee0b15768c43c3dd8b15181d714d98273f4a6c4f2478e76a02d,null,"{""encoding"": ""ascii"", ""sample_lines"": 5}",
legal_general_retrieval_eval,Cerebrum-Blocks/block_store/kits/legal_general_retrieval_eval/corpus/cuad/EdietsComInc_20001030_10QSB_EX-10.4_2606646_EX-10.4_Co-Branding Agreement.txt,C:/Users/shimm/Cerebrum-Blocks/block_store/kits/legal_general_retrieval_eval/corpus/cuad/EdietsComInc_20001030_10QSB_EX-10.4_2606646_EX-10.4_Co-Branding Agreement.txt,64192,.txt,text/plain,0b2accd5e0a571f03e5a5e8f5760a03372f83f84e97daca4a63686adefed2020,null,"{""encoding"": ""ascii"", ""sample_lines"": 5}",
legal_general_retrieval_eval,Cerebrum-Blocks/block_store/kits/legal_general_retrieval_eval/corpus/cuad/EhaveInc_20190515_20-F_EX-4.44_11678816_EX-4.44_License Agreement_ Reseller Agreement.txt,C:/Users/shimm/Cerebrum-Blocks/block_store/kits/legal_general_retrieval_eval/corpus/cuad/EhaveInc_20190515_20-F_EX-4.44_11678816_EX-4.44_License Agreement_ Reseller Agreement.txt,87073,.txt,text/plain,b7cbb5434c960e8501eee365924168a233ee7775b86fa34b5ecf6a826b196bb7,null,"{""encoding"": ""ascii"", ""sample_lines"": 5}",
legal_general_retrieval_eval,Cerebrum-Blocks/block_store/kits/legal_general_retrieval_eval/corpus/cuad/ELANDIAINTERNATIONALINC_04_25_2007-EX-10.21-Outsourcing Agreement.txt,C:/Users/shimm/Cerebrum-Blocks/block_store/kits/legal_general_retrieval_eval/corpus/cuad/ELANDIAINTERNATIONALINC_04_25_2007-EX-10.21-Outsourcing Agreement.txt,82964,.txt,text/plain,075b9d019d07ddbbfd78217079091a821af5277697cc22e7c797948ecf9c99c1,null,"{""encoding"": ""utf-8"", ""sample_lines"": 5}",
legal_general_retrieval_eval,"Cerebrum-Blocks/block_store/kits/legal_general_retrieval_eval/corpus/cuad/ELFBEAUTY,INC_07_02_2020-EX-10.1-COOPERATION AGREEMENT.txt","C:/Users/shimm/Cerebrum-Blocks/block_store/kits/legal_general_retrieval_eval/corpus/cuad/ELFBEAUTY,INC_07_02_2020-EX-10.1-COOPERATION AGREEMENT.txt",45484,.txt,text/plain,6eaa995343a4b9d042f8036816f62eae22f7392d6843752f14052d8381cbb059,null,"{""encoding"": ""ascii"", ""sample_lines"": 5}",
legal_general_retrieval_eval,Cerebrum-Blocks/block_store/kits/legal_general_retrieval_eval/corpus/cuad/ElPolloLocoHoldingsInc_20200306_10-K_EX-10.16_12041700_EX-10.16_Development Agreement.txt,C:/Users/shimm/Cerebrum-Blocks/block_store/kits/legal_general_retrieval_eval/corpus/cuad/ElPolloLocoHoldingsInc_20200306_10-K_EX-10.16_12041700_EX-10.16_Development Agreement.txt,60688,.txt,text/plain,bc76571a2b5ae91953575dd7deaee58a11d55ce9a891fa9335e7c2aff05cb9c4,null,"{""encoding"": ""utf-8"", ""sample_lines"": 5}",
legal_general_retrieval_eval,Cerebrum-Blocks/block_store/kits/legal_general_retrieval_eval/corpus/cuad/EmbarkComInc_19991008_S-1A_EX-10.10_6487661_EX-10.10_Co-Branding Agreement.txt,C:/Users/shimm/Cerebrum-Blocks/block_store/kits/legal_general_retrieval_eval/corpus/cuad/EmbarkComInc_19991008_S-1A_EX-10.10_6487661_EX-10.10_Co-Branding Agreement.txt,35136,.txt,text/plain,dcf8bd0c57eedb12d08927bf9c7cb66fbf30310394e4fbf01fea27b414e85a8f,null,"{""encoding"": ""ascii"", ""sample_lines"": 5}",
legal_general_retrieval_eval,Cerebrum-Blocks/block_store/kits/legal_general_retrieval_eval/corpus/cuad/EmeraldHealthBioceuticalsInc_20200218_1-A_EX1A-6 MAT CTRCT_11987205_EX1A-6 MAT CTRCT_Development Agreement.txt,C:/Users/shimm/Cerebrum-Blocks/block_store/kits/legal_general_retrieval_eval/corpus/cuad/EmeraldHealthBioceuticalsInc_20200218_1-A_EX1A-6 MAT CTRCT_11987205_EX1A-6 MAT CTRCT_Development Agreement.txt,16459,.txt,text/plain,bf50af4e34a26a48208d580e6398c2ec1b5eae043e6d024563f5b1efb681ca11,null,"{""encoding"": ""ascii"", ""sample_lines"": 5}",
legal_general_retrieval_eval,Cerebrum-Blocks/block_store/kits/legal_general_retrieval_eval/corpus/cuad/EMERALDHEALTHTHERAPEUTICSINC_06_10_2020-EX-4.5-CONSULTING AGREEMENT - DR. GAETANO MORELLO N.D. INC..txt,C:/Users/shimm/Cerebrum-Blocks/block_store/kits/legal_general_retrieval_eval/corpus/cuad/EMERALDHEALTHTHERAPEUTICSINC_06_10_2020-EX-4.5-CONSULTING AGREEMENT - DR. GAETANO MORELLO N.D. INC..txt,20637,.txt,text/plain,e9b670a117b0093c45379e52dd4aca10ae2e7f5e7460d89816e6546ff7875d96,null,"{""encoding"": ""utf-8"", ""sample_lines"": 5}",
legal_general_retrieval_eval,Cerebrum-Blocks/block_store/kits/legal_general_retrieval_eval/corpus/cuad/EmmisCommunicationsCorp_20191125_8-K_EX-10.6_11906433_EX-10.6_Marketing Agreement.txt,C:/Users/shimm/Cerebrum-Blocks/block_store/kits/legal_general_retrieval_eval/corpus/cuad/EmmisCommunicationsCorp_20191125_8-K_EX-10.6_11906433_EX-10.6_Marketing Agreement.txt,17300,.txt,text/plain,d83398bc5b3ef6d63a65d50e62cea845861e8aa5c8fac8b1e8b969f9f6699e7b,null,"{""encoding"": ""ascii"", ""sample_lines"": 5}",
legal_general_retrieval_eval,Cerebrum-Blocks/block_store/kits/legal_general_retrieval_eval/corpus/cuad/ENERGOUSCORP_03_16_2017-EX-10.24-STRATEGIC ALLIANCE AGREEMENT.txt,C:/Users/shimm/Cerebrum-Blocks/block_store/kits/legal_general_retrieval_eval/corpus/cuad/ENERGOUSCORP_03_16_2017-EX-10.24-STRATEGIC ALLIANCE AGREEMENT.txt,81927,.txt,text/plain,d2dcc7fa33b3143ae561025ba2e907e4c3d36a7ee3782f8b3d35744c7642a0f9,null,"{""encoding"": ""utf-8"", ""sample_lines"": 5}",
legal_general_retrieval_eval,Cerebrum-Blocks/block_store/kits/legal_general_retrieval_eval/corpus/cuad/ENERGYXXILTD_05_08_2015-EX-10.13-Transportation AGREEMENT.txt,C:/Users/shimm/Cerebrum-Blocks/block_store/kits/legal_general_retrieval_eval/corpus/cuad/ENERGYXXILTD_05_08_2015-EX-10.13-Transportation AGREEMENT.txt,60983,.txt,text/plain,5b46b0a384a0ae62c1e5d7ae2df35d23d8fdaed5bf34fd243e082948b680147d,null,"{""encoding"": ""utf-8"", ""sample_lines"": 5}",
legal_general_retrieval_eval,Cerebrum-Blocks/block_store/kits/legal_general_retrieval_eval/corpus/cuad/ENTERPRISEPRODUCTSPARTNERSLP_07_08_1998-EX-10.3-TRANSPORTATION CONTRACT.txt,C:/Users/shimm/Cerebrum-Blocks/block_store/kits/legal_general_retrieval_eval/corpus/cuad/ENTERPRISEPRODUCTSPARTNERSLP_07_08_1998-EX-10.3-TRANSPORTATION CONTRACT.txt,74915,.txt,text/plain,f977f905f4d6e967aba6af3d7f2f1cb52f8e8d0ff505560962f90a6a1b8587dc,null,"{""encoding"": ""ascii"", ""sample_lines"": 5}",
legal_general_retrieval_eval,Cerebrum-Blocks/block_store/kits/legal_general_retrieval_eval/corpus/cuad/ENTERTAINMENTGAMINGASIAINC_02_15_2005-EX-10.5-DISTRIBUTOR AGREEMENT.txt,C:/Users/shimm/Cerebrum-Blocks/block_store/kits/legal_general_retrieval_eval/corpus/cuad/ENTERTAINMENTGAMINGASIAINC_02_15_2005-EX-10.5-DISTRIBUTOR AGREEMENT.txt,44722,.txt,text/plain,5bb5aef1c2e4a4448b2869eee03527c163d6ff432fe3634fcb7b3b5d2b133fd5,null,"{""encoding"": ""utf-8"", ""sample_lines"": 5}",
legal_general_retrieval_eval,Cerebrum-Blocks/block_store/kits/legal_general_retrieval_eval/corpus/cuad/ENTRUSTINC_07_24_1998-EX-10.5-STRATEGIC ALLIANCE AGREEMENT.txt,C:/Users/shimm/Cerebrum-Blocks/block_store/kits/legal_general_retrieval_eval/corpus/cuad/ENTRUSTINC_07_24_1998-EX-10.5-STRATEGIC ALLIANCE AGREEMENT.txt,45879,.txt,text/plain,22947ccbf3dec3c83ec7567de73288f3e3e74681aa89dd59f0da5a5252168b7a,null,"{""encoding"": ""ascii"", ""sample_lines"": 5}",
legal_general_retrieval_eval,"Cerebrum-Blocks/block_store/kits/legal_general_retrieval_eval/corpus/cuad/ETELOS,INC_03_09_2004-EX-10.8-DISTRIBUTOR AGREEMENT.txt","C:/Users/shimm/Cerebrum-Blocks/block_store/kits/legal_general_retrieval_eval/corpus/cuad/ETELOS,INC_03_09_2004-EX-10.8-DISTRIBUTOR AGREEMENT.txt",25649,.txt,text/plain,13bd978df9eb39e44ef2588ef84ad2f27b4199fba0d946c69bc6295822cf0090,null,"{""encoding"": ""utf-8"", ""sample_lines"": 5}",
legal_general_retrieval_eval,Cerebrum-Blocks/block_store/kits/legal_general_retrieval_eval/corpus/cuad/EtonPharmaceuticalsInc_20191114_10-Q_EX-10.1_11893941_EX-10.1_Development Agreement.txt,C:/Users/shimm/Cerebrum-Blocks/block_store/kits/legal_general_retrieval_eval/corpus/cuad/EtonPharmaceuticalsInc_20191114_10-Q_EX-10.1_11893941_EX-10.1_Development Agreement.txt,65652,.txt,text/plain,b6332d4edff49352cf0187da49df2c5b680625b248423d4dae8c7bc603f7a358,null,"{""encoding"": ""utf-8"", ""sample_lines"": 5}",
legal_general_retrieval_eval,Cerebrum-Blocks/block_store/kits/legal_general_retrieval_eval/corpus/cuad/EuromediaHoldingsCorp_20070215_10SB12G_EX-10.B(01)_525118_EX-10.B(01)_Content License Agreement.txt,C:/Users/shimm/Cerebrum-Blocks/block_store/kits/legal_general_retrieval_eval/corpus/cuad/EuromediaHoldingsCorp_20070215_10SB12G_EX-10.B(01)_525118_EX-10.B(01)_Content License Agreement.txt,30050,.txt,text/plain,410d3d3ff1c928befd4d2c5f405cc1215f4687db744c5abf1e98adefd97d7478,null,"{""encoding"": ""ascii"", ""sample_lines"": 5}",
legal_general_retrieval_eval,Cerebrum-Blocks/block_store/kits/legal_general_retrieval_eval/corpus/cuad/EUROPEANMICROHOLDINGSINC_03_06_1998-EX-10.6-DISTRIBUTOR AGREEMENT.txt,C:/Users/shimm/Cerebrum-Blocks/block_store/kits/legal_general_retrieval_eval/corpus/cuad/EUROPEANMICROHOLDINGSINC_03_06_1998-EX-10.6-DISTRIBUTOR AGREEMENT.txt,56952,.txt,text/plain,d806943ae391f6f5a4d5ee897e2b40107cc948056d0faff9d2e81d231fb059d8,null,"{""encoding"": ""ascii"", ""sample_lines"": 5}",
legal_general_retrieval_eval,Cerebrum-Blocks/block_store/kits/legal_general_retrieval_eval/corpus/cuad/ExactSciencesCorp_20180822_8-K_EX-10.1_11331629_EX-10.1_Promotion Agreement.txt,C:/Users/shimm/Cerebrum-Blocks/block_store/kits/legal_general_retrieval_eval/corpus/cuad/ExactSciencesCorp_20180822_8-K_EX-10.1_11331629_EX-10.1_Promotion Agreement.txt,159195,.txt,text/plain,72864ef530e0840221bd4c81efbaba15b8fbab46f3cea437f1c9f679517fcb88,null,"{""encoding"": ""utf-8"", ""sample_lines"": 5}",
legal_general_retrieval_eval,Cerebrum-Blocks/block_store/kits/legal_general_retrieval_eval/corpus/cuad/FEDERATEDGOVERNMENTINCOMESECURITIESINC_04_28_2020-EX-99.SERV AGREE-SERVICES AGREEMENT.txt,C:/Users/shimm/Cerebrum-Blocks/block_store/kits/legal_general_retrieval_eval/corpus/cuad/FEDERATEDGOVERNMENTINCOMESECURITIESINC_04_28_2020-EX-99.SERV AGREE-SERVICES AGREEMENT.txt,11047,.txt,text/plain,2dfbd48812ceef61f37176296cc18ac26865a1fda32fd6f7dd42617d37a81b6d,null,"{""encoding"": ""utf-8"", ""sample_lines"": 5}",
legal_general_retrieval_eval,Cerebrum-Blocks/block_store/kits/legal_general_retrieval_eval/corpus/cuad/FEDERATEDGOVERNMENTINCOMESECURITIESINC_04_28_2020-EX-99.SERV AGREE-SERVICES AGREEMENT_AMENDMENT.txt,C:/Users/shimm/Cerebrum-Blocks/block_store/kits/legal_general_retrieval_eval/corpus/cuad/FEDERATEDGOVERNMENTINCOMESECURITIESINC_04_28_2020-EX-99.SERV AGREE-SERVICES AGREEMENT_AMENDMENT.txt,3860,.txt,text/plain,87cd114c450d1ae9b93fe66dc277a9d5bdc04b6885e5e90b86de20193a1cbd3f,null,"{""encoding"": ""ascii"", ""sample_lines"": 5}",
legal_general_retrieval_eval,Cerebrum-Blocks/block_store/kits/legal_general_retrieval_eval/corpus/cuad/FEDERATEDGOVERNMENTINCOMESECURITIESINC_04_28_2020-EX-99.SERV AGREE-SERVICES AGREEMENT_POWEROF.txt,C:/Users/shimm/Cerebrum-Blocks/block_store/kits/legal_general_retrieval_eval/corpus/cuad/FEDERATEDGOVERNMENTINCOMESECURITIESINC_04_28_2020-EX-99.SERV AGREE-SERVICES AGREEMENT_POWEROF.txt,14384,.txt,text/plain,df60e354f88a3b0120135e0886e3c6ff141309d8a0c253c0ac4c5a5b9ed50ce6,null,"{""encoding"": ""ascii"", ""sample_lines"": 5}",
legal_general_retrieval_eval,Cerebrum-Blocks/block_store/kits/legal_general_retrieval_eval/corpus/cuad/FEDERATEDGOVERNMENTINCOMESECURITIESINC_04_28_2020-EX-99.SERV AGREE-SERVICES AGREEMENT_SECONDAMENDMENT.txt,C:/Users/shimm/Cerebrum-Blocks/block_store/kits/legal_general_retrieval_eval/corpus/cuad/FEDERATEDGOVERNMENTINCOMESECURITIESINC_04_28_2020-EX-99.SERV AGREE-SERVICES AGREEMENT_SECONDAMENDMENT.txt,5466,.txt,text/plain,6947af5e0cc6772b8299809ec4362369562c778568d2e79fce38dae5e398bfcb,null,"{""encoding"": ""ascii"", ""sample_lines"": 1}",
legal_general_retrieval_eval,Cerebrum-Blocks/block_store/kits/legal_general_retrieval_eval/corpus/cuad/FerroglobePlc_20150624_F-4A_EX-10.20_9154746_EX-10.20_Outsourcing Agreement.txt,C:/Users/shimm/Cerebrum-Blocks/block_store/kits/legal_general_retrieval_eval/corpus/cuad/FerroglobePlc_20150624_F-4A_EX-10.20_9154746_EX-10.20_Outsourcing Agreement.txt,30332,.txt,text/plain,64d989b896faeaaf5faa295dff3acce9ce13bf3b8a223b39ec2da903240b25da,null,"{""encoding"": ""utf-8"", ""sample_lines"": 5}",
legal_general_retrieval_eval,Cerebrum-Blocks/block_store/kits/legal_general_retrieval_eval/corpus/cuad/FIBROGENINC_10_01_2014-EX-10.11-COLLABORATION AGREEMENT.txt,C:/Users/shimm/Cerebrum-Blocks/block_store/kits/legal_general_retrieval_eval/corpus/cuad/FIBROGENINC_10_01_2014-EX-10.11-COLLABORATION AGREEMENT.txt,155664,.txt,text/plain,b91c8e29f3002e983cfeb01ad86739f785fec1b6f7a5d934b61136725bf4d67a,null,"{""encoding"": ""utf-8"", ""sample_lines"": 5}",
legal_general_retrieval_eval,"Cerebrum-Blocks/block_store/kits/legal_general_retrieval_eval/corpus/cuad/FIDELITYNATIONALINFORMATIONSERVICES,INC_08_05_2009-EX-10.3-INTELLECTUAL PROPERTY AGREEMENT.txt","C:/Users/shimm/Cerebrum-Blocks/block_store/kits/legal_general_retrieval_eval/corpus/cuad/FIDELITYNATIONALINFORMATIONSERVICES,INC_08_05_2009-EX-10.3-INTELLECTUAL PROPERTY AGREEMENT.txt",155463,.txt,text/plain,1548a698bd96e53c7bf7a60f7dd065cf340bf1a2282cb748d6c01addc800a26d,null,"{""encoding"": ""ascii"", ""sample_lines"": 5}",
legal_general_retrieval_eval,Cerebrum-Blocks/block_store/kits/legal_general_retrieval_eval/corpus/cuad/FLOTEKINDUSTRIESINCCN_05_09_2019-EX-10.1-SUPPLY AGREEMENT.txt,C:/Users/shimm/Cerebrum-Blocks/block_store/kits/legal_general_retrieval_eval/corpus/cuad/FLOTEKINDUSTRIESINCCN_05_09_2019-EX-10.1-SUPPLY AGREEMENT.txt,19355,.txt,text/plain,815163168842823c359e4f2147ff20e0c11ba52e92fc3b61a7bb6335f1409be6,null,"{""encoding"": ""ascii"", ""sample_lines"": 5}",
legal_general_retrieval_eval,"Cerebrum-Blocks/block_store/kits/legal_general_retrieval_eval/corpus/cuad/FOUNDATIONMEDICINE,INC_02_02_2015-EX-10.2-Collaboration Agreement.txt","C:/Users/shimm/Cerebrum-Blocks/block_store/kits/legal_general_retrieval_eval/corpus/cuad/FOUNDATIONMEDICINE,INC_02_02_2015-EX-10.2-Collaboration Agreement.txt",172884,.txt,text/plain,75ee54e34508350f537d8c765a2567c3ab99bbd7533fac6880739d5b850f53ce,null,"{""encoding"": ""utf-8"", ""sample_lines"": 5}",
legal_general_retrieval_eval,Cerebrum-Blocks/block_store/kits/legal_general_retrieval_eval/corpus/cuad/Freecook_20180605_S-1_EX-10.3_11233807_EX-10.3_Hosting Agreement.txt,C:/Users/shimm/Cerebrum-Blocks/block_store/kits/legal_general_retrieval_eval/corpus/cuad/Freecook_20180605_S-1_EX-10.3_11233807_EX-10.3_Hosting Agreement.txt,6341,.txt,text/plain,2f6b37b85a74830fdfa7d9aaa4aee2b4806242404fbd8baa5730d15f20fd4933,null,"{""encoding"": ""ascii"", ""sample_lines"": 5}",
legal_general_retrieval_eval,Cerebrum-Blocks/block_store/kits/legal_general_retrieval_eval/corpus/cuad/FreezeTagInc_20180411_8-K_EX-10.1_11139603_EX-10.1_Sponsorship Agreement.txt,C:/Users/shimm/Cerebrum-Blocks/block_store/kits/legal_general_retrieval_eval/corpus/cuad/FreezeTagInc_20180411_8-K_EX-10.1_11139603_EX-10.1_Sponsorship Agreement.txt,26780,.txt,text/plain,744a41987516df4d6cee1e635626da0a8306095b174a4f44eaf4519e89e8f6fb,null,"{""encoding"": ""utf-8"", ""sample_lines"": 5}",
legal_general_retrieval_eval,"Cerebrum-Blocks/block_store/kits/legal_general_retrieval_eval/corpus/cuad/FTENETWORKS,INC_02_18_2016-EX-99.4-STRATEGIC ALLIANCE AGREEMENT.txt","C:/Users/shimm/Cerebrum-Blocks/block_store/kits/legal_general_retrieval_eval/corpus/cuad/FTENETWORKS,INC_02_18_2016-EX-99.4-STRATEGIC ALLIANCE AGREEMENT.txt",37834,.txt,text/plain,f9db7b25f0fd035c70cd0950fb2a2642875b7b5ab09a54e4d24dbfa7597d55e5,null,"{""encoding"": ""utf-8"", ""sample_lines"": 5}",
legal_general_retrieval_eval,Cerebrum-Blocks/block_store/kits/legal_general_retrieval_eval/corpus/cuad/FuelcellEnergyInc_20191106_8-K_EX-10.1_11868007_EX-10.1_Development Agreement.txt,C:/Users/shimm/Cerebrum-Blocks/block_store/kits/legal_general_retrieval_eval/corpus/cuad/FuelcellEnergyInc_20191106_8-K_EX-10.1_11868007_EX-10.1_Development Agreement.txt,105676,.txt,text/plain,c809f579e6b5b0da201af7300efc64f0afd7b0757e060bab1b625f80a8e29ee5,null,"{""encoding"": ""utf-8"", ""sample_lines"": 5}",
legal_general_retrieval_eval,Cerebrum-Blocks/block_store/kits/legal_general_retrieval_eval/corpus/cuad/FulucaiProductionsLtd_20131223_10-Q_EX-10.9_8368347_EX-10.9_Content License Agreement.txt,C:/Users/shimm/Cerebrum-Blocks/block_store/kits/legal_general_retrieval_eval/corpus/cuad/FulucaiProductionsLtd_20131223_10-Q_EX-10.9_8368347_EX-10.9_Content License Agreement.txt,18565,.txt,text/plain,2783deeed0800c842204f1ee17c7728f71e4518df0ae0f4e52043a1598a82548,null,"{""encoding"": ""utf-8"", ""sample_lines"": 5}",
legal_general_retrieval_eval,Cerebrum-Blocks/block_store/kits/legal_general_retrieval_eval/corpus/cuad/FuseMedicalInc_20190321_10-K_EX-10.43_11575454_EX-10.43_Distributor Agreement.txt,C:/Users/shimm/Cerebrum-Blocks/block_store/kits/legal_general_retrieval_eval/corpus/cuad/FuseMedicalInc_20190321_10-K_EX-10.43_11575454_EX-10.43_Distributor Agreement.txt,32502,.txt,text/plain,2e36520ee703d5a5479fb7ce186228db4b29b01e4cdce386830c7705ba412cc4,null,"{""encoding"": ""ascii"", ""sample_lines"": 5}",
legal_general_retrieval_eval,Cerebrum-Blocks/block_store/kits/legal_general_retrieval_eval/corpus/cuad/FUSIONPHARMACEUTICALSINC_06_05_2020-EX-10.17-Supply Agreement - FUSION.txt,C:/Users/shimm/Cerebrum-Blocks/block_store/kits/legal_general_retrieval_eval/corpus/cuad/FUSIONPHARMACEUTICALSINC_06_05_2020-EX-10.17-Supply Agreement - FUSION.txt,40601,.txt,text/plain,eb41a9d9a47158b95d1354454f8f7ef9405ca779e671e849d5a80f77e4f6ffcd,null,"{""encoding"": ""utf-8"", ""sample_lines"": 5}",
legal_general_retrieval_eval,Cerebrum-Blocks/block_store/kits/legal_general_retrieval_eval/corpus/cuad/GAINSCOINC_01_21_2010-EX-10.41-SPONSORSHIP AGREEMENT.txt,C:/Users/shimm/Cerebrum-Blocks/block_store/kits/legal_general_retrieval_eval/corpus/cuad/GAINSCOINC_01_21_2010-EX-10.41-SPONSORSHIP AGREEMENT.txt,15706,.txt,text/plain,c9c939c124076c8aeec0cbdf6f0cd6f3328a1c3ce5f1afe90d11449172122a4c,null,"{""encoding"": ""utf-8"", ""sample_lines"": 5}",
legal_general_retrieval_eval,Cerebrum-Blocks/block_store/kits/legal_general_retrieval_eval/corpus/cuad/GALACTICOMMTECHNOLOGIESINC_11_07_1997-EX-10.46-WEB HOSTING AGREEMENT.txt,C:/Users/shimm/Cerebrum-Blocks/block_store/kits/legal_general_retrieval_eval/corpus/cuad/GALACTICOMMTECHNOLOGIESINC_11_07_1997-EX-10.46-WEB HOSTING AGREEMENT.txt,1660,.txt,text/plain,c7e0ec3bad78c69311c6a44d7df972672bf2267fcb40e31a915b7dff639370db,null,"{""encoding"": ""ascii"", ""sample_lines"": 5}",
legal_general_retrieval_eval,Cerebrum-Blocks/block_store/kits/legal_general_retrieval_eval/corpus/cuad/GarrettMotionInc_20181001_8-K_EX-2.4_11364532_EX-2.4_Intellectual Property Agreement.txt,C:/Users/shimm/Cerebrum-Blocks/block_store/kits/legal_general_retrieval_eval/corpus/cuad/GarrettMotionInc_20181001_8-K_EX-2.4_11364532_EX-2.4_Intellectual Property Agreement.txt,56509,.txt,text/plain,fa8bdf71adf2495c4248b0bf66536947b3d11df34261c30193c751d8f4d05543,null,"{""encoding"": ""ascii"", ""sample_lines"": 5}",
legal_general_retrieval_eval,Cerebrum-Blocks/block_store/kits/legal_general_retrieval_eval/corpus/cuad/GentechHoldingsInc_20190808_1-A_EX1A-6 MAT CTRCT_11776814_EX1A-6 MAT CTRCT_Distributor Agreement.txt,C:/Users/shimm/Cerebrum-Blocks/block_store/kits/legal_general_retrieval_eval/corpus/cuad/GentechHoldingsInc_20190808_1-A_EX1A-6 MAT CTRCT_11776814_EX1A-6 MAT CTRCT_Distributor Agreement.txt,26753,.txt,text/plain,d227de8dd0e5e03ed4b7dee2b451f01aa6ea195295539ab6453cb220acb6a930,null,"{""encoding"": ""utf-8"", ""sample_lines"": 5}",
legal_general_retrieval_eval,"Cerebrum-Blocks/block_store/kits/legal_general_retrieval_eval/corpus/cuad/GIGGLESN_HUGS,INC_06_23_2016-EX-10.2-STRATEGIC ALLIANCE AGREEMENT.txt","C:/Users/shimm/Cerebrum-Blocks/block_store/kits/legal_general_retrieval_eval/corpus/cuad/GIGGLESN_HUGS,INC_06_23_2016-EX-10.2-STRATEGIC ALLIANCE AGREEMENT.txt",22411,.txt,text/plain,94cea0982fce32c52953f4497ffb252d9882ba336aa490e765d91d9b9a66f795,null,"{""encoding"": ""utf-8"", ""sample_lines"": 5}",
legal_general_retrieval_eval,Cerebrum-Blocks/block_store/kits/legal_general_retrieval_eval/corpus/cuad/GlobalTechnologiesGroupInc_20050928_10KSB_EX-10.9_4148808_EX-10.9_Content License Agreement.txt,C:/Users/shimm/Cerebrum-Blocks/block_store/kits/legal_general_retrieval_eval/corpus/cuad/GlobalTechnologiesGroupInc_20050928_10KSB_EX-10.9_4148808_EX-10.9_Content License Agreement.txt,39596,.txt,text/plain,9209a2b3aa2863eeb83f5547c29cccf763970a3d33598a722b9e16549b4a26c9,null,"{""encoding"": ""ascii"", ""sample_lines"": 5}",
legal_general_retrieval_eval,Cerebrum-Blocks/block_store/kits/legal_general_retrieval_eval/corpus/cuad/GLOBALTECHNOLOGIESLTD_06_08_2020-EX-10.16-CONSULTING AGREEMENT.txt,C:/Users/shimm/Cerebrum-Blocks/block_store/kits/legal_general_retrieval_eval/corpus/cuad/GLOBALTECHNOLOGIESLTD_06_08_2020-EX-10.16-CONSULTING AGREEMENT.txt,20805,.txt,text/plain,5e1d16a85e1845db35b8b58dc713cbdba7a4cfd4b04d2391a2052e993edc035b,null,"{""encoding"": ""ascii"", ""sample_lines"": 5}",
legal_general_retrieval_eval,Cerebrum-Blocks/block_store/kits/legal_general_retrieval_eval/corpus/cuad/GluMobileInc_20070319_S-1A_EX-10.09_436630_EX-10.09_Content License Agreement1.txt,C:/Users/shimm/Cerebrum-Blocks/block_store/kits/legal_general_retrieval_eval/corpus/cuad/GluMobileInc_20070319_S-1A_EX-10.09_436630_EX-10.09_Content License Agreement1.txt,112801,.txt,text/plain,ed6d0e01ab253bf488839d449bc4a98ad1c1d99b0f098c7d09e86b040b24a2ab,null,"{""encoding"": ""ascii"", ""sample_lines"": 5}",
legal_general_retrieval_eval,Cerebrum-Blocks/block_store/kits/legal_general_retrieval_eval/corpus/cuad/GluMobileInc_20070319_S-1A_EX-10.09_436630_EX-10.09_Content License Agreement2.txt,C:/Users/shimm/Cerebrum-Blocks/block_store/kits/legal_general_retrieval_eval/corpus/cuad/GluMobileInc_20070319_S-1A_EX-10.09_436630_EX-10.09_Content License Agreement2.txt,11954,.txt,text/plain,ab313de5385c0998e3242d39c567f21c4297e4f1c9eafbda33998f330deda36c,null,"{""encoding"": ""utf-8"", ""sample_lines"": 5}",
legal_general_retrieval_eval,Cerebrum-Blocks/block_store/kits/legal_general_retrieval_eval/corpus/cuad/GluMobileInc_20070319_S-1A_EX-10.09_436630_EX-10.09_Content License Agreement3.txt,C:/Users/shimm/Cerebrum-Blocks/block_store/kits/legal_general_retrieval_eval/corpus/cuad/GluMobileInc_20070319_S-1A_EX-10.09_436630_EX-10.09_Content License Agreement3.txt,3422,.txt,text/plain,94668aaf575826c5eaf742f573598bef6e34719f96d475c69c157a47d300f990,null,"{""encoding"": ""ascii"", ""sample_lines"": 5}",
legal_general_retrieval_eval,Cerebrum-Blocks/block_store/kits/legal_general_retrieval_eval/corpus/cuad/GluMobileInc_20070319_S-1A_EX-10.09_436630_EX-10.09_Content License Agreement4.txt,C:/Users/shimm/Cerebrum-Blocks/block_store/kits/legal_general_retrieval_eval/corpus/cuad/GluMobileInc_20070319_S-1A_EX-10.09_436630_EX-10.09_Content License Agreement4.txt,1902,.txt,text/plain,b5dc6d1ea4c6ac711270a5b019707577e67579deb69b5bc6f6507b33a096987c,null,"{""encoding"": ""ascii"", ""sample_lines"": 5}",
legal_general_retrieval_eval,Cerebrum-Blocks/block_store/kits/legal_general_retrieval_eval/corpus/cuad/GOCALLINC_03_30_2000-EX-10.7-Promotion Agreement.txt,C:/Users/shimm/Cerebrum-Blocks/block_store/kits/legal_general_retrieval_eval/corpus/cuad/GOCALLINC_03_30_2000-EX-10.7-Promotion Agreement.txt,22348,.txt,text/plain,451e4a9bf61e5bac71c66b8286b58894f0c7eca10291959a0c79ede533c4ef14,null,"{""encoding"": ""ascii"", ""sample_lines"": 5}",
legal_general_retrieval_eval,Cerebrum-Blocks/block_store/kits/legal_general_retrieval_eval/corpus/cuad/GOLDRESOURCECORP_12_11_2008-EX-10.1-STRATEGIC ALLIANCE AGREEMENT.txt,C:/Users/shimm/Cerebrum-Blocks/block_store/kits/legal_general_retrieval_eval/corpus/cuad/GOLDRESOURCECORP_12_11_2008-EX-10.1-STRATEGIC ALLIANCE AGREEMENT.txt,55434,.txt,text/plain,ffb9302f4c40faf86181d040267edb30c7266aa0f381f3efa6a4c95d9e351a9f,null,"{""encoding"": ""utf-8"", ""sample_lines"": 5}",
legal_general_retrieval_eval,"Cerebrum-Blocks/block_store/kits/legal_general_retrieval_eval/corpus/cuad/GOOSEHEADINSURANCE,INC_04_02_2018-EX-10.6-Franchise Agreement.txt","C:/Users/shimm/Cerebrum-Blocks/block_store/kits/legal_general_retrieval_eval/corpus/cuad/GOOSEHEADINSURANCE,INC_04_02_2018-EX-10.6-Franchise Agreement.txt",300846,.txt,text/plain,0c6be355977150d83d8f1ee5dd30f176e637a4e02df72b731131860b079f1b41,null,"{""encoding"": ""utf-8"", ""sample_lines"": 5}",
legal_general_retrieval_eval,Cerebrum-Blocks/block_store/kits/legal_general_retrieval_eval/corpus/cuad/GopageCorp_20140221_10-K_EX-10.1_8432966_EX-10.1_Content License Agreement.txt,C:/Users/shimm/Cerebrum-Blocks/block_store/kits/legal_general_retrieval_eval/corpus/cuad/GopageCorp_20140221_10-K_EX-10.1_8432966_EX-10.1_Content License Agreement.txt,39625,.txt,text/plain,9915baf3632fcf879008f7240a9f8047f8da3a88d2fd9808a0f492004ac009fa,null,"{""encoding"": ""utf-8"", ""sample_lines"": 5}",
legal_general_retrieval_eval,Cerebrum-Blocks/block_store/kits/legal_general_retrieval_eval/corpus/cuad/GpaqAcquisitionHoldingsInc_20200123_S-4A_EX-10.6_11951677_EX-10.6_License Agreement.txt,C:/Users/shimm/Cerebrum-Blocks/block_store/kits/legal_general_retrieval_eval/corpus/cuad/GpaqAcquisitionHoldingsInc_20200123_S-4A_EX-10.6_11951677_EX-10.6_License Agreement.txt,45257,.txt,text/plain,800df8b986eb8c9ed75feab8e09dec3371698bfc3ff9697748a9d19f8dcb1ed6,null,"{""encoding"": ""utf-8"", ""sample_lines"": 5}",
legal_general_retrieval_eval,Cerebrum-Blocks/block_store/kits/legal_general_retrieval_eval/corpus/cuad/GpaqAcquisitionHoldingsInc_20200123_S-4A_EX-10.8_11951679_EX-10.8_Service Agreement.txt,C:/Users/shimm/Cerebrum-Blocks/block_store/kits/legal_general_retrieval_eval/corpus/cuad/GpaqAcquisitionHoldingsInc_20200123_S-4A_EX-10.8_11951679_EX-10.8_Service Agreement.txt,55075,.txt,text/plain,9d8942925e1900a35876bf5398d788b28095ea16e207899b0e7d60afb9e44857,null,"{""encoding"": ""ascii"", ""sample_lines"": 5}",
legal_general_retrieval_eval,Cerebrum-Blocks/block_store/kits/legal_general_retrieval_eval/corpus/cuad/GRANTIERRAENERGYINC_05_07_2012-EX-10.6-TRANSPORTATION CONTRACT.txt,C:/Users/shimm/Cerebrum-Blocks/block_store/kits/legal_general_retrieval_eval/corpus/cuad/GRANTIERRAENERGYINC_05_07_2012-EX-10.6-TRANSPORTATION CONTRACT.txt,229725,.txt,text/plain,4ec387ff502a51ad3a0768c4578497809805b32a8b23620e10c1b8347b9734ef,null,"{""encoding"": ""utf-8"", ""sample_lines"": 5}",
legal_general_retrieval_eval,"Cerebrum-Blocks/block_store/kits/legal_general_retrieval_eval/corpus/cuad/GRIDIRONBIONUTRIENTS,INC_02_05_2020-EX-10.3-SUPPLY AGREEMENT.txt","C:/Users/shimm/Cerebrum-Blocks/block_store/kits/legal_general_retrieval_eval/corpus/cuad/GRIDIRONBIONUTRIENTS,INC_02_05_2020-EX-10.3-SUPPLY AGREEMENT.txt",5713,.txt,text/plain,afc2435e7661797197d3fbc891439f9d04dd58801e6203c0f43ac83fbdd8ebad,null,"{""encoding"": ""ascii"", ""sample_lines"": 5}",
legal_general_retrieval_eval,Cerebrum-Blocks/block_store/kits/legal_general_retrieval_eval/corpus/cuad/GridironBionutrientsInc_20171206_8-K_EX-10.1_10972555_EX-10.1_Endorsement Agreement.txt,C:/Users/shimm/Cerebrum-Blocks/block_store/kits/legal_general_retrieval_eval/corpus/cuad/GridironBionutrientsInc_20171206_8-K_EX-10.1_10972555_EX-10.1_Endorsement Agreement.txt,29224,.txt,text/plain,9bd93106c7da5a5256d055fa02684886b2e86c21f993f5461274e2b65d46b38b,null,"{""encoding"": ""utf-8"", ""sample_lines"": 5}",
legal_general_retrieval_eval,Cerebrum-Blocks/block_store/kits/legal_general_retrieval_eval/corpus/cuad/GridironBionutrientsInc_20171206_8-K_EX-10.2_10972556_EX-10.2_Endorsement Agreement.txt,C:/Users/shimm/Cerebrum-Blocks/block_store/kits/legal_general_retrieval_eval/corpus/cuad/GridironBionutrientsInc_20171206_8-K_EX-10.2_10972556_EX-10.2_Endorsement Agreement.txt,3474,.txt,text/plain,496339cad48b3918f42897cff2281cc85952d83f41eae5ca04e48ddf20768009,null,"{""encoding"": ""utf-8"", ""sample_lines"": 5}",
legal_general_retrieval_eval,"Cerebrum-Blocks/block_store/kits/legal_general_retrieval_eval/corpus/cuad/GSITECHNOLOGYINC_11_16_2009-EX-10.2-INTELLECTUAL PROPERTY AGREEMENT between SONY ELECTRONICS INC. and GSI TECHNOLOGY, INC..txt","C:/Users/shimm/Cerebrum-Blocks/block_store/kits/legal_general_retrieval_eval/corpus/cuad/GSITECHNOLOGYINC_11_16_2009-EX-10.2-INTELLECTUAL PROPERTY AGREEMENT between SONY ELECTRONICS INC. and GSI TECHNOLOGY, INC..txt",37337,.txt,text/plain,e40e805afe1baf5218409bb2c0fa1bfb0b04a422757a5d6d312ebed0beed515a,null,"{""encoding"": ""ascii"", ""sample_lines"": 5}",
legal_general_retrieval_eval,Cerebrum-Blocks/block_store/kits/legal_general_retrieval_eval/corpus/cuad/GSVINC_05_15_1998-EX-10-SPONSORSHIP AGREEMENT.txt,C:/Users/shimm/Cerebrum-Blocks/block_store/kits/legal_general_retrieval_eval/corpus/cuad/GSVINC_05_15_1998-EX-10-SPONSORSHIP AGREEMENT.txt,50835,.txt,text/plain,cceff2701a7aa0637a74b359d4b1fca764a3e562f37fda200817e3ff6b9199af,null,"{""encoding"": ""ascii"", ""sample_lines"": 5}",
legal_general_retrieval_eval,Cerebrum-Blocks/block_store/kits/legal_general_retrieval_eval/corpus/cuad/GULFSOUTHMEDICALSUPPLYINC_12_24_1997-EX-4-AFFILIATE AGREEMENT.txt,C:/Users/shimm/Cerebrum-Blocks/block_store/kits/legal_general_retrieval_eval/corpus/cuad/GULFSOUTHMEDICALSUPPLYINC_12_24_1997-EX-4-AFFILIATE AGREEMENT.txt,27015,.txt,text/plain,215905af08888e2ce4148306ff8e829af51cd17a34c888cbe26037bb59e1580e,null,"{""encoding"": ""ascii"", ""sample_lines"": 5}",
legal_general_retrieval_eval,"Cerebrum-Blocks/block_store/kits/legal_general_retrieval_eval/corpus/cuad/GWG HOLDINGS, INC. - ORDERLY MARKETING AGREEMENT.txt","C:/Users/shimm/Cerebrum-Blocks/block_store/kits/legal_general_retrieval_eval/corpus/cuad/GWG HOLDINGS, INC. - ORDERLY MARKETING AGREEMENT.txt",25450,.txt,text/plain,7a27e4d9ed75a7ae7d504a8974fb11bd67b3101a029548deae094cffeb7940a9,null,"{""encoding"": ""ascii"", ""sample_lines"": 5}",
legal_general_retrieval_eval,"Cerebrum-Blocks/block_store/kits/legal_general_retrieval_eval/corpus/cuad/HALITRON,INC_03_01_2005-EX-10.15-SPONSORSHIP AND DEVELOPMENT AGREEMENT.txt","C:/Users/shimm/Cerebrum-Blocks/block_store/kits/legal_general_retrieval_eval/corpus/cuad/HALITRON,INC_03_01_2005-EX-10.15-SPONSORSHIP AND DEVELOPMENT AGREEMENT.txt",30102,.txt,text/plain,ff6e2ef47b5248b8a14d7b01351e75be685a37e387293c0893668943eecfd4db,null,"{""encoding"": ""ascii"", ""sample_lines"": 5}",
legal_general_retrieval_eval,Cerebrum-Blocks/block_store/kits/legal_general_retrieval_eval/corpus/cuad/HarpoonTherapeuticsInc_20200312_10-K_EX-10.18_12051356_EX-10.18_Development Agreement.txt,C:/Users/shimm/Cerebrum-Blocks/block_store/kits/legal_general_retrieval_eval/corpus/cuad/HarpoonTherapeuticsInc_20200312_10-K_EX-10.18_12051356_EX-10.18_Development Agreement.txt,249562,.txt,text/plain,bb355fb1c969bf79632147aa2235f3b539ed0854ed7dc63aebefc0465e633685,null,"{""encoding"": ""utf-8"", ""sample_lines"": 5}",
legal_general_retrieval_eval,"Cerebrum-Blocks/block_store/kits/legal_general_retrieval_eval/corpus/cuad/HC2HOLDINGS,INC_05_14_2020-EX-10.1-COOPERATION AGREEMENT.txt","C:/Users/shimm/Cerebrum-Blocks/block_store/kits/legal_general_retrieval_eval/corpus/cuad/HC2HOLDINGS,INC_05_14_2020-EX-10.1-COOPERATION AGREEMENT.txt",54868,.txt,text/plain,47ee42edcfd94c66c62f1b971f785d7027d0facea23309670d8c6921d3ff703c,null,"{""encoding"": ""utf-8"", ""sample_lines"": 5}",
legal_general_retrieval_eval,Cerebrum-Blocks/block_store/kits/legal_general_retrieval_eval/corpus/cuad/HealthcareIntegratedTechnologiesInc_20190812_8-K_EX-10.1_11776966_EX-10.1_Reseller Agreement.txt,C:/Users/shimm/Cerebrum-Blocks/block_store/kits/legal_general_retrieval_eval/corpus/cuad/HealthcareIntegratedTechnologiesInc_20190812_8-K_EX-10.1_11776966_EX-10.1_Reseller Agreement.txt,22294,.txt,text/plain,d172327b68fd725ed5c08ba20640023bb56b6e0904d75c65d53bb4acc97092d8,null,"{""encoding"": ""utf-8"", ""sample_lines"": 5}",
legal_general_retrieval_eval,Cerebrum-Blocks/block_store/kits/legal_general_retrieval_eval/corpus/cuad/HealthcentralCom_19991108_S-1A_EX-10.27_6623292_EX-10.27_Co-Branding Agreement.txt,C:/Users/shimm/Cerebrum-Blocks/block_store/kits/legal_general_retrieval_eval/corpus/cuad/HealthcentralCom_19991108_S-1A_EX-10.27_6623292_EX-10.27_Co-Branding Agreement.txt,45042,.txt,text/plain,d4402382bb26ede59c4ba8f382d8fa23b6f815bc9fcd914181368d1e1e5aee73,null,"{""encoding"": ""ascii"", ""sample_lines"": 5}",
legal_general_retrieval_eval,Cerebrum-Blocks/block_store/kits/legal_general_retrieval_eval/corpus/cuad/HEALTHGATEDATACORP_11_24_1999-EX-10.1-HOSTING AND MANAGEMENT AGREEMENT (1).txt,C:/Users/shimm/Cerebrum-Blocks/block_store/kits/legal_general_retrieval_eval/corpus/cuad/HEALTHGATEDATACORP_11_24_1999-EX-10.1-HOSTING AND MANAGEMENT AGREEMENT (1).txt,148691,.txt,text/plain,8180c54f224250c10362b5d159032157a5d30a1821b0897f392c971a8764925a,null,"{""encoding"": ""ascii"", ""sample_lines"": 5}",
legal_general_retrieval_eval,Cerebrum-Blocks/block_store/kits/legal_general_retrieval_eval/corpus/cuad/HEALTHGATEDATACORP_11_24_1999-EX-10.1-HOSTING AND MANAGEMENT AGREEMENT - Escrow Agreement.txt,C:/Users/shimm/Cerebrum-Blocks/block_store/kits/legal_general_retrieval_eval/corpus/cuad/HEALTHGATEDATACORP_11_24_1999-EX-10.1-HOSTING AND MANAGEMENT AGREEMENT - Escrow Agreement.txt,35612,.txt,text/plain,a882b126b747c9f0fbdd79a2d197e132d6b06ca49335e3f02291557d324c10fd,null,"{""encoding"": ""ascii"", ""sample_lines"": 5}",
legal_general_retrieval_eval,"Cerebrum-Blocks/block_store/kits/legal_general_retrieval_eval/corpus/cuad/HEMISPHERX - Sales, Marketing, Distribution, and Supply Agreement.txt","C:/Users/shimm/Cerebrum-Blocks/block_store/kits/legal_general_retrieval_eval/corpus/cuad/HEMISPHERX - Sales, Marketing, Distribution, and Supply Agreement.txt",73708,.txt,text/plain,871238d0e146f01c49d2cccba73c8b8cbaee1d6e5181cdae8d241d0c897200d2,null,"{""encoding"": ""utf-8"", ""sample_lines"": 5}",
legal_general_retrieval_eval,Cerebrum-Blocks/block_store/kits/legal_general_retrieval_eval/corpus/cuad/HerImports_20161018_8-KA_EX-10.14_9765707_EX-10.14_Maintenance Agreement.txt,C:/Users/shimm/Cerebrum-Blocks/block_store/kits/legal_general_retrieval_eval/corpus/cuad/HerImports_20161018_8-KA_EX-10.14_9765707_EX-10.14_Maintenance Agreement.txt,10229,.txt,text/plain,58a3602dd88ac590b470ca3fa7942fd838e1445c9d1e71a86a9ea3e00a33b83e,null,"{""encoding"": ""utf-8"", ""sample_lines"": 5}",
legal_general_retrieval_eval,"Cerebrum-Blocks/block_store/kits/legal_general_retrieval_eval/corpus/cuad/HERTZGLOBALHOLDINGS,INC_07_07_2016-EX-10.4-INTELLECTUAL PROPERTY AGREEMENT.txt","C:/Users/shimm/Cerebrum-Blocks/block_store/kits/legal_general_retrieval_eval/corpus/cuad/HERTZGLOBALHOLDINGS,INC_07_07_2016-EX-10.4-INTELLECTUAL PROPERTY AGREEMENT.txt",30968,.txt,text/plain,83c50fb3de1a2db90dad8018834133ab2c934e4249245760754210902e88d506,null,"{""encoding"": ""ascii"", ""sample_lines"": 5}",
legal_general_retrieval_eval,Cerebrum-Blocks/block_store/kits/legal_general_retrieval_eval/corpus/cuad/HertzGroupRealtyTrustInc_20190920_S-11A_EX-10.8_11816941_EX-10.8_Trademark License Agreement.txt,C:/Users/shimm/Cerebrum-Blocks/block_store/kits/legal_general_retrieval_eval/corpus/cuad/HertzGroupRealtyTrustInc_20190920_S-11A_EX-10.8_11816941_EX-10.8_Trademark License Agreement.txt,14313,.txt,text/plain,b1ebe053b8526d6eabc3fadfe15c05e9d427757d1ef56a0ace915ba07513f4fe,null,"{""encoding"": ""ascii"", ""sample_lines"": 5}",
legal_general_retrieval_eval,Cerebrum-Blocks/block_store/kits/legal_general_retrieval_eval/corpus/cuad/HfEnterprisesInc_20191223_S-1_EX-10.22_11931299_EX-10.22_Development Agreement.txt,C:/Users/shimm/Cerebrum-Blocks/block_store/kits/legal_general_retrieval_eval/corpus/cuad/HfEnterprisesInc_20191223_S-1_EX-10.22_11931299_EX-10.22_Development Agreement.txt,19438,.txt,text/plain,6c0d2d0e9da5975f82e5ab81cc2990cd20e41b5d75f389fd020247b2535eff18,null,"{""encoding"": ""utf-8"", ""sample_lines"": 5}",
legal_general_retrieval_eval,Cerebrum-Blocks/block_store/kits/legal_general_retrieval_eval/corpus/cuad/HOLIDAYRVSUPERSTORESINC_04_15_2002-EX-10.13-ENDORSEMENT AGREEMENT.txt,C:/Users/shimm/Cerebrum-Blocks/block_store/kits/legal_general_retrieval_eval/corpus/cuad/HOLIDAYRVSUPERSTORESINC_04_15_2002-EX-10.13-ENDORSEMENT AGREEMENT.txt,14157,.txt,text/plain,b70b1cfadd3e44ef43c5e6c08f908430c18e88b720f9967acde3299f7e71ea42,null,"{""encoding"": ""ascii"", ""sample_lines"": 5}",
legal_general_retrieval_eval,"Cerebrum-Blocks/block_store/kits/legal_general_retrieval_eval/corpus/cuad/HOSPITALITYINVESTORSTRUST,INC_04_07_2014-EX-10.26-FRANCHISE AGREEMENT.txt","C:/Users/shimm/Cerebrum-Blocks/block_store/kits/legal_general_retrieval_eval/corpus/cuad/HOSPITALITYINVESTORSTRUST,INC_04_07_2014-EX-10.26-FRANCHISE AGREEMENT.txt",147057,.txt,text/plain,f5694a4ed68e476c2e15b37054373b6a5098bd8309df1aa780a486868342c4e1,null,"{""encoding"": ""utf-8"", ""sample_lines"": 5}",
legal_general_retrieval_eval,Cerebrum-Blocks/block_store/kits/legal_general_retrieval_eval/corpus/cuad/HPILHOLDING_01_07_2015-EX-99.1-COOPERATION AGREEMENT.txt,C:/Users/shimm/Cerebrum-Blocks/block_store/kits/legal_general_retrieval_eval/corpus/cuad/HPILHOLDING_01_07_2015-EX-99.1-COOPERATION AGREEMENT.txt,20016,.txt,text/plain,98ba454bb3ccef1b7300bb7af2c43a7719eda9cb4e83f7c5d14578d32f8c5695,null,"{""encoding"": ""utf-8"", ""sample_lines"": 5}",
legal_general_retrieval_eval,Cerebrum-Blocks/block_store/kits/legal_general_retrieval_eval/corpus/cuad/HUBEIMINKANGPHARMACEUTICALLTD_09_19_2006-EX-10.1-OUTSOURCING AGREEMENT.txt,C:/Users/shimm/Cerebrum-Blocks/block_store/kits/legal_general_retrieval_eval/corpus/cuad/HUBEIMINKANGPHARMACEUTICALLTD_09_19_2006-EX-10.1-OUTSOURCING AGREEMENT.txt,11322,.txt,text/plain,a2b8a190b52643fe2dbfa748acca9ef8d40b455779627306680bd657cb963a98,null,"{""encoding"": ""ascii"", ""sample_lines"": 5}",
legal_general_retrieval_eval,Cerebrum-Blocks/block_store/kits/legal_general_retrieval_eval/corpus/cuad/HYDRONTECHNOLOGIESINC_03_31_1997-EX-10.47-SPONSORSHIP AGREEMENT.txt,C:/Users/shimm/Cerebrum-Blocks/block_store/kits/legal_general_retrieval_eval/corpus/cuad/HYDRONTECHNOLOGIESINC_03_31_1997-EX-10.47-SPONSORSHIP AGREEMENT.txt,28932,.txt,text/plain,22ec07c8d251ab90a989794c5325cdd87969adc3e44df5a4df033f4ae1ea6ad3,null,"{""encoding"": ""ascii"", ""sample_lines"": 5}",
legal_general_retrieval_eval,Cerebrum-Blocks/block_store/kits/legal_general_retrieval_eval/corpus/cuad/HYPERIONSOFTWARECORP_09_28_1994-EX-10.47-EXCLUSIVE DISTRIBUTOR AGREEMENT.txt,C:/Users/shimm/Cerebrum-Blocks/block_store/kits/legal_general_retrieval_eval/corpus/cuad/HYPERIONSOFTWARECORP_09_28_1994-EX-10.47-EXCLUSIVE DISTRIBUTOR AGREEMENT.txt,37682,.txt,text/plain,c834764d9aec864afac1c8794a3afdb47fed6d81256548544c47ac63c8ec2cd3,null,"{""encoding"": ""ascii"", ""sample_lines"": 5}",
legal_general_retrieval_eval,Cerebrum-Blocks/block_store/kits/legal_general_retrieval_eval/corpus/cuad/IbioInc_20200313_8-K_EX-10.1_12052678_EX-10.1_Development Agreement.txt,C:/Users/shimm/Cerebrum-Blocks/block_store/kits/legal_general_retrieval_eval/corpus/cuad/IbioInc_20200313_8-K_EX-10.1_12052678_EX-10.1_Development Agreement.txt,30545,.txt,text/plain,fe6a77cfa033b97cb63de02c84a7c8c3b6a7f7f49291c0490f0ba393e771cf0e,null,"{""encoding"": ""utf-8"", ""sample_lines"": 5}",
legal_general_retrieval_eval,Cerebrum-Blocks/block_store/kits/legal_general_retrieval_eval/corpus/cuad/ICORECONNECTINC_10_13_2010-EX-7.1-Strategic Alliance Agreement.txt,C:/Users/shimm/Cerebrum-Blocks/block_store/kits/legal_general_retrieval_eval/corpus/cuad/ICORECONNECTINC_10_13_2010-EX-7.1-Strategic Alliance Agreement.txt,25310,.txt,text/plain,6536f2b9198ec8018b9b04b8aa9ed3d395d5462b658a9b4278bb211a2d199b00,null,"{""encoding"": ""utf-8"", ""sample_lines"": 5}",
legal_general_retrieval_eval,Cerebrum-Blocks/block_store/kits/legal_general_retrieval_eval/corpus/cuad/IdeanomicsInc_20151124_8-K_EX-10.2_9354744_EX-10.2_Content License Agreement.txt,C:/Users/shimm/Cerebrum-Blocks/block_store/kits/legal_general_retrieval_eval/corpus/cuad/IdeanomicsInc_20151124_8-K_EX-10.2_9354744_EX-10.2_Content License Agreement.txt,35257,.txt,text/plain,c538e198298848d2e29a5e608ac164c5995768059b85485f564d184ae354f1c5,null,"{""encoding"": ""utf-8"", ""sample_lines"": 5}",
legal_general_retrieval_eval,Cerebrum-Blocks/block_store/kits/legal_general_retrieval_eval/corpus/cuad/IdeanomicsInc_20160330_10-K_EX-10.26_9512211_EX-10.26_Content License Agreement.txt,C:/Users/shimm/Cerebrum-Blocks/block_store/kits/legal_general_retrieval_eval/corpus/cuad/IdeanomicsInc_20160330_10-K_EX-10.26_9512211_EX-10.26_Content License Agreement.txt,41030,.txt,text/plain,709a7a9cfe66a11f2b9ef2e18ea813e3fba4bd9a8ceb3816f0fbaf9664066e97,null,"{""encoding"": ""utf-8"", ""sample_lines"": 5}",
legal_general_retrieval_eval,Cerebrum-Blocks/block_store/kits/legal_general_retrieval_eval/corpus/cuad/IDREAMSKYTECHNOLOGYLTD_07_03_2014-EX-10.39-Cooperation Agreement on Mobile Game Business.txt,C:/Users/shimm/Cerebrum-Blocks/block_store/kits/legal_general_retrieval_eval/corpus/cuad/IDREAMSKYTECHNOLOGYLTD_07_03_2014-EX-10.39-Cooperation Agreement on Mobile Game Business.txt,76425,.txt,text/plain,53a7275c87ec37beef87fc5843892940fd6feaad0c8ee79773ce8530328019ba,null,"{""encoding"": ""ascii"", ""sample_lines"": 5}",
legal_general_retrieval_eval,Cerebrum-Blocks/block_store/kits/legal_general_retrieval_eval/corpus/cuad/IGENEBIOTECHNOLOGYINC_05_13_2003-EX-1-JOINT VENTURE AGREEMENT.txt,C:/Users/shimm/Cerebrum-Blocks/block_store/kits/legal_general_retrieval_eval/corpus/cuad/IGENEBIOTECHNOLOGYINC_05_13_2003-EX-1-JOINT VENTURE AGREEMENT.txt,70625,.txt,text/plain,3413f2b63169639f157ba60f663245197e24310c269c443267db6af0e4707708,null,"{""encoding"": ""ascii"", ""sample_lines"": 5}",
legal_general_retrieval_eval,Cerebrum-Blocks/block_store/kits/legal_general_retrieval_eval/corpus/cuad/IMAGEWARESYSTEMSINC_12_20_1999-EX-10.22-MAINTENANCE AGREEMENT.txt,C:/Users/shimm/Cerebrum-Blocks/block_store/kits/legal_general_retrieval_eval/corpus/cuad/IMAGEWARESYSTEMSINC_12_20_1999-EX-10.22-MAINTENANCE AGREEMENT.txt,21778,.txt,text/plain,a3434e0b2e5eb0f8d1548c6d7ba40a4f7f46d26f6f7381dbb8831bb929226444,null,"{""encoding"": ""ascii"", ""sample_lines"": 5}",
legal_general_retrieval_eval,Cerebrum-Blocks/block_store/kits/legal_general_retrieval_eval/corpus/cuad/ImineCorp_20180725_S-1_EX-10.5_11275970_EX-10.5_Distributor Agreement.txt,C:/Users/shimm/Cerebrum-Blocks/block_store/kits/legal_general_retrieval_eval/corpus/cuad/ImineCorp_20180725_S-1_EX-10.5_11275970_EX-10.5_Distributor Agreement.txt,34461,.txt,text/plain,defee8695f6aab9389fab7e5787a43b583db560688d8dcc698859c12903c4c6c,null,"{""encoding"": ""ascii"", ""sample_lines"": 5}",
legal_general_retrieval_eval,Cerebrum-Blocks/block_store/kits/legal_general_retrieval_eval/corpus/cuad/IMMUNOMEDICSINC_08_07_2019-EX-10.1-PROMOTION AGREEMENT.txt,C:/Users/shimm/Cerebrum-Blocks/block_store/kits/legal_general_retrieval_eval/corpus/cuad/IMMUNOMEDICSINC_08_07_2019-EX-10.1-PROMOTION AGREEMENT.txt,154846,.txt,text/plain,30103a32a0d66dc0d5d908fd2b2fefdc8216f037c2298a87a4e9cddc69372aa6,null,"{""encoding"": ""utf-8"", ""sample_lines"": 5}",
legal_general_retrieval_eval,Cerebrum-Blocks/block_store/kits/legal_general_retrieval_eval/corpus/cuad/IMPCOTECHNOLOGIESINC_04_15_2003-EX-10.65-JOINT VENTURE AGREEMENT.txt,C:/Users/shimm/Cerebrum-Blocks/block_store/kits/legal_general_retrieval_eval/corpus/cuad/IMPCOTECHNOLOGIESINC_04_15_2003-EX-10.65-JOINT VENTURE AGREEMENT.txt,63439,.txt,text/plain,7b93d296763d8c74b8c7f623b0524464a5b0f79c03c9a0a9b74bba3b5d55ed66,null,"{""encoding"": ""ascii"", ""sample_lines"": 5}",
legal_general_retrieval_eval,Cerebrum-Blocks/block_store/kits/legal_general_retrieval_eval/corpus/cuad/ImperialGardenResortInc_20161028_DRS (on F-1)_EX-10.13_9963189_EX-10.13_Outsourcing Agreement.txt,C:/Users/shimm/Cerebrum-Blocks/block_store/kits/legal_general_retrieval_eval/corpus/cuad/ImperialGardenResortInc_20161028_DRS (on F-1)_EX-10.13_9963189_EX-10.13_Outsourcing Agreement.txt,12260,.txt,text/plain,bfb7b9610645dde446570af3952ba1edc88638cf64ac8091acab8698dabc63e1,null,"{""encoding"": ""ascii"", ""sample_lines"": 5}",
legal_general_retrieval_eval,Cerebrum-Blocks/block_store/kits/legal_general_retrieval_eval/corpus/cuad/ImpresseCorp_20000322_S-1A_EX-10.11_5199234_EX-10.11_Co-Branding Agreement.txt,C:/Users/shimm/Cerebrum-Blocks/block_store/kits/legal_general_retrieval_eval/corpus/cuad/ImpresseCorp_20000322_S-1A_EX-10.11_5199234_EX-10.11_Co-Branding Agreement.txt,47639,.txt,text/plain,4186455103fb0bf05e3fcbaba1731444282aacc95f3fdde33544e613c0997b9b,null,"{""encoding"": ""ascii"", ""sample_lines"": 5}",
legal_general_retrieval_eval,Cerebrum-Blocks/block_store/kits/legal_general_retrieval_eval/corpus/cuad/INGEVITYCORP_05_16_2016-EX-10.5-INTELLECTUAL PROPERTY AGREEMENT.txt,C:/Users/shimm/Cerebrum-Blocks/block_store/kits/legal_general_retrieval_eval/corpus/cuad/INGEVITYCORP_05_16_2016-EX-10.5-INTELLECTUAL PROPERTY AGREEMENT.txt,63376,.txt,text/plain,d7eaeae37b293bb0530fb5ff9a62692bd4946598905f1093a534589dd9a32af1,null,"{""encoding"": ""ascii"", ""sample_lines"": 5}",
legal_general_retrieval_eval,Cerebrum-Blocks/block_store/kits/legal_general_retrieval_eval/corpus/cuad/INKTOMICORP_06_08_1998-EX-10.14-SOFTWARE HOSTING AGREEMENT.txt,C:/Users/shimm/Cerebrum-Blocks/block_store/kits/legal_general_retrieval_eval/corpus/cuad/INKTOMICORP_06_08_1998-EX-10.14-SOFTWARE HOSTING AGREEMENT.txt,70664,.txt,text/plain,820cfe8bb69728583765fbaeb586194a485ebebe5375d5a166812a6938e41d0f,null,"{""encoding"": ""ascii"", ""sample_lines"": 5}",
legal_general_retrieval_eval,Cerebrum-Blocks/block_store/kits/legal_general_retrieval_eval/corpus/cuad/InmodeLtd_20190729_F-1A_EX-10.9_11743243_EX-10.9_Manufacturing Agreement.txt,C:/Users/shimm/Cerebrum-Blocks/block_store/kits/legal_general_retrieval_eval/corpus/cuad/InmodeLtd_20190729_F-1A_EX-10.9_11743243_EX-10.9_Manufacturing Agreement.txt,39592,.txt,text/plain,93e278dfb01b1994b76f58b0c46d679979030e7ed3149e212ecc502b50ac7c10,null,"{""encoding"": ""utf-8"", ""sample_lines"": 5}",
legal_general_retrieval_eval,Cerebrum-Blocks/block_store/kits/legal_general_retrieval_eval/corpus/cuad/InnerscopeHearingTechnologiesInc_20181109_8-K_EX-10.6_11419704_EX-10.6_Distributor Agreement.txt,C:/Users/shimm/Cerebrum-Blocks/block_store/kits/legal_general_retrieval_eval/corpus/cuad/InnerscopeHearingTechnologiesInc_20181109_8-K_EX-10.6_11419704_EX-10.6_Distributor Agreement.txt,22396,.txt,text/plain,8107dbee4c50a6f200875fac0c8870cf33afbc7dbf018ebcda2167a43288db07,null,"{""encoding"": ""ascii"", ""sample_lines"": 5}",
legal_general_retrieval_eval,"Cerebrum-Blocks/block_store/kits/legal_general_retrieval_eval/corpus/cuad/INNOVIVA,INC_08_07_2014-EX-10.1-COLLABORATION AGREEMENT.txt","C:/Users/shimm/Cerebrum-Blocks/block_store/kits/legal_general_retrieval_eval/corpus/cuad/INNOVIVA,INC_08_07_2014-EX-10.1-COLLABORATION AGREEMENT.txt",191804,.txt,text/plain,6885da43f470be15f67ecf5be03d1006d27cf88e11aeef8bf478d81f71e0c7e2,null,"{""encoding"": ""utf-8"", ""sample_lines"": 5}",
legal_general_retrieval_eval,Cerebrum-Blocks/block_store/kits/legal_general_retrieval_eval/corpus/cuad/IntegrityFunds_20200121_485BPOS_EX-99.E UNDR CONTR_11948727_EX-99.E UNDR CONTR_Service Agreement.txt,C:/Users/shimm/Cerebrum-Blocks/block_store/kits/legal_general_retrieval_eval/corpus/cuad/IntegrityFunds_20200121_485BPOS_EX-99.E UNDR CONTR_11948727_EX-99.E UNDR CONTR_Service Agreement.txt,23845,.txt,text/plain,2135a565bb91e5f7a162f64ff162e18cb9e1235993c1874be87ccdf5060e0f04,null,"{""encoding"": ""ascii"", ""sample_lines"": 5}",
legal_general_retrieval_eval,Cerebrum-Blocks/block_store/kits/legal_general_retrieval_eval/corpus/cuad/IntegrityMediaInc_20010329_10-K405_EX-10.17_2373875_EX-10.17_Co-Branding Agreement.txt,C:/Users/shimm/Cerebrum-Blocks/block_store/kits/legal_general_retrieval_eval/corpus/cuad/IntegrityMediaInc_20010329_10-K405_EX-10.17_2373875_EX-10.17_Co-Branding Agreement.txt,29253,.txt,text/plain,d5d4fab462ce863768a531c28f9e7b08c68884b9b3709e7884ecb3b41663fee0,null,"{""encoding"": ""ascii"", ""sample_lines"": 5}",
legal_general_retrieval_eval,"Cerebrum-Blocks/block_store/kits/legal_general_retrieval_eval/corpus/cuad/INTELLIGENTHIGHWAYSOLUTIONS,INC_01_18_2018-EX-10.1-Strategic Alliance Agreement.txt","C:/Users/shimm/Cerebrum-Blocks/block_store/kits/legal_general_retrieval_eval/corpus/cuad/INTELLIGENTHIGHWAYSOLUTIONS,INC_01_18_2018-EX-10.1-Strategic Alliance Agreement.txt",8288,.txt,text/plain,b3a2f969a3debf4ba466a2cde59c0f21a744a41f95e4715cec354084dd43164b,null,"{""encoding"": ""ascii"", ""sample_lines"": 5}",
legal_general_retrieval_eval,Cerebrum-Blocks/block_store/kits/legal_general_retrieval_eval/corpus/cuad/INTERNATIONALFASTFOODCORP_04_04_1997-EX-99-FRANCHISE AGREEMENT.txt,C:/Users/shimm/Cerebrum-Blocks/block_store/kits/legal_general_retrieval_eval/corpus/cuad/INTERNATIONALFASTFOODCORP_04_04_1997-EX-99-FRANCHISE AGREEMENT.txt,116873,.txt,text/plain,0ef1b1b1d8a08f46d1c053f1faa1daaf0a1cf5d7c259c344faa2d46a3c80982a,null,"{""encoding"": ""ascii"", ""sample_lines"": 5}",
legal_general_retrieval_eval,"Cerebrum-Blocks/block_store/kits/legal_general_retrieval_eval/corpus/cuad/INTERSECTENT,INC_05_11_2020-EX-10.1-SUPPLY AGREEMENT.txt","C:/Users/shimm/Cerebrum-Blocks/block_store/kits/legal_general_retrieval_eval/corpus/cuad/INTERSECTENT,INC_05_11_2020-EX-10.1-SUPPLY AGREEMENT.txt",37970,.txt,text/plain,88b810fa9527044401daf4620d710ab0077db4a2e866e55a2d9a45d217521ddf,null,"{""encoding"": ""ascii"", ""sample_lines"": 5}",
legal_general_retrieval_eval,Cerebrum-Blocks/block_store/kits/legal_general_retrieval_eval/corpus/cuad/INTRICONCORP_03_10_2009-EX-10.22-Strategic Alliance Agreement.txt,C:/Users/shimm/Cerebrum-Blocks/block_store/kits/legal_general_retrieval_eval/corpus/cuad/INTRICONCORP_03_10_2009-EX-10.22-Strategic Alliance Agreement.txt,52977,.txt,text/plain,9ffe697eb66dc8b81ad3fc70e31d6d857c6d53eb2cafaa933acb78858ff46c5a,null,"{""encoding"": ""utf-8"", ""sample_lines"": 5}",
legal_general_retrieval_eval,Cerebrum-Blocks/block_store/kits/legal_general_retrieval_eval/corpus/cuad/InvendaCorp_20000828_S-1A_EX-10.2_2588206_EX-10.2_Co-Branding Agreement.txt,C:/Users/shimm/Cerebrum-Blocks/block_store/kits/legal_general_retrieval_eval/corpus/cuad/InvendaCorp_20000828_S-1A_EX-10.2_2588206_EX-10.2_Co-Branding Agreement.txt,114759,.txt,text/plain,4db68fb78e12cf32dc661bfdbd17b177783b3af2570f0341efaae1bff0122e3e,null,"{""encoding"": ""ascii"", ""sample_lines"": 5}",
legal_general_retrieval_eval,"Cerebrum-Blocks/block_store/kits/legal_general_retrieval_eval/corpus/cuad/IOVANCEBIOTHERAPEUTICS,INC_08_03_2017-EX-10.1-STRATEGIC ALLIANCE AGREEMENT.txt","C:/Users/shimm/Cerebrum-Blocks/block_store/kits/legal_general_retrieval_eval/corpus/cuad/IOVANCEBIOTHERAPEUTICS,INC_08_03_2017-EX-10.1-STRATEGIC ALLIANCE AGREEMENT.txt",69152,.txt,text/plain,1aa2574ca312a72c3a0676e00964653fde3a64edb566f544cac881b6674f4c16,null,"{""encoding"": ""utf-8"", ""sample_lines"": 5}",
legal_general_retrieval_eval,Cerebrum-Blocks/block_store/kits/legal_general_retrieval_eval/corpus/cuad/IpassInc_20181203_8-K_EX-99.1_11445874_EX-99.1_Reseller Agreement.txt,C:/Users/shimm/Cerebrum-Blocks/block_store/kits/legal_general_retrieval_eval/corpus/cuad/IpassInc_20181203_8-K_EX-99.1_11445874_EX-99.1_Reseller Agreement.txt,73882,.txt,text/plain,2489555c05b1ec60186a8e703b4c92f243afc1ee2d093328d3f3f60b6a741052,null,"{""encoding"": ""utf-8"", ""sample_lines"": 5}",
legal_general_retrieval_eval,"Cerebrum-Blocks/block_store/kits/legal_general_retrieval_eval/corpus/cuad/IPAYMENT,INC_05_14_2007-EX-10.1-SPONSORSHIP AGREEMENT.txt","C:/Users/shimm/Cerebrum-Blocks/block_store/kits/legal_general_retrieval_eval/corpus/cuad/IPAYMENT,INC_05_14_2007-EX-10.1-SPONSORSHIP AGREEMENT.txt",96806,.txt,text/plain,d5c79b7b079e516fade39ac224ac04ad983fcdf711ee0bc411ac221ae1fd78f6,null,"{""encoding"": ""ascii"", ""sample_lines"": 5}",
legal_general_retrieval_eval,Cerebrum-Blocks/block_store/kits/legal_general_retrieval_eval/corpus/cuad/IVILLAGEINC_03_17_1999-EX-10.16-SPONSORSHIP AGREEMENT.txt,C:/Users/shimm/Cerebrum-Blocks/block_store/kits/legal_general_retrieval_eval/corpus/cuad/IVILLAGEINC_03_17_1999-EX-10.16-SPONSORSHIP AGREEMENT.txt,23723,.txt,text/plain,632d1ad2a7e8c1f63d6be2ea1988527bf71bf8d1122105f3c2e0c1c6d40aab18,null,"{""encoding"": ""ascii"", ""sample_lines"": 5}",
legal_general_retrieval_eval,Cerebrum-Blocks/block_store/kits/legal_general_retrieval_eval/corpus/cuad/JINGWEIINTERNATIONALLTD_10_04_2007-EX-10.7-INTELLECTUAL PROPERTY AGREEMENT.txt,C:/Users/shimm/Cerebrum-Blocks/block_store/kits/legal_general_retrieval_eval/corpus/cuad/JINGWEIINTERNATIONALLTD_10_04_2007-EX-10.7-INTELLECTUAL PROPERTY AGREEMENT.txt,15590,.txt,text/plain,b85b28791dd58214b6287d435f8af824f7fdbdb747e76476e10230e3207fc83f,null,"{""encoding"": ""utf-8"", ""sample_lines"": 5}",
legal_general_retrieval_eval,Cerebrum-Blocks/block_store/kits/legal_general_retrieval_eval/corpus/cuad/JOINTCORP_09_19_2014-EX-10.15-FRANCHISE AGREEMENT.txt,C:/Users/shimm/Cerebrum-Blocks/block_store/kits/legal_general_retrieval_eval/corpus/cuad/JOINTCORP_09_19_2014-EX-10.15-FRANCHISE AGREEMENT.txt,167525,.txt,text/plain,250123d9cb2426399badfbd57756dbf60be73d152c5a510a0ef00541cf623904,null,"{""encoding"": ""utf-8"", ""sample_lines"": 5}",
legal_general_retrieval_eval,Cerebrum-Blocks/block_store/kits/legal_general_retrieval_eval/corpus/cuad/KENTUCKYUTILITIESCO_03_25_2003-EX-10.65-TRANSPORTATION AGREEMENT.txt,C:/Users/shimm/Cerebrum-Blocks/block_store/kits/legal_general_retrieval_eval/corpus/cuad/KENTUCKYUTILITIESCO_03_25_2003-EX-10.65-TRANSPORTATION AGREEMENT.txt,16901,.txt,text/plain,7e80b5dd1216b8655da4c3fd44a2adae9ea0bcc7d3046e12b4c578f46b864f8a,null,"{""encoding"": ""ascii"", ""sample_lines"": 5}",
legal_general_retrieval_eval,Cerebrum-Blocks/block_store/kits/legal_general_retrieval_eval/corpus/cuad/KINGPHARMACEUTICALSINC_08_09_2006-EX-10.1-PROMOTION AGREEMENT.txt,C:/Users/shimm/Cerebrum-Blocks/block_store/kits/legal_general_retrieval_eval/corpus/cuad/KINGPHARMACEUTICALSINC_08_09_2006-EX-10.1-PROMOTION AGREEMENT.txt,173273,.txt,text/plain,92a552b93eee815071993af2c822aa2133f5588b3bf6dcec3de7e07bfa542d6a,null,"{""encoding"": ""utf-8"", ""sample_lines"": 5}",
legal_general_retrieval_eval,"Cerebrum-Blocks/block_store/kits/legal_general_retrieval_eval/corpus/cuad/KIROMICBIOPHARMA,INC_04_08_2020-EX-10.28-JOINT VENTURE AGREEMENT.txt","C:/Users/shimm/Cerebrum-Blocks/block_store/kits/legal_general_retrieval_eval/corpus/cuad/KIROMICBIOPHARMA,INC_04_08_2020-EX-10.28-JOINT VENTURE AGREEMENT.txt",36622,.txt,text/plain,5d49e97e8deb2ed6d588cdc8604572b6d70ffbe137f42be03a0548c1441e8d6b,null,"{""encoding"": ""utf-8"", ""sample_lines"": 5}",
legal_general_retrieval_eval,"Cerebrum-Blocks/block_store/kits/legal_general_retrieval_eval/corpus/cuad/KIROMICBIOPHARMA,INC_05_11_2020-EX-10.23-CONSULTING AGREEMENT.txt","C:/Users/shimm/Cerebrum-Blocks/block_store/kits/legal_general_retrieval_eval/corpus/cuad/KIROMICBIOPHARMA,INC_05_11_2020-EX-10.23-CONSULTING AGREEMENT.txt",18417,.txt,text/plain,aacd48ab914fdede120150e2da4e222b342fa4f963a830384f8c848e9bf738a9,null,"{""encoding"": ""utf-8"", ""sample_lines"": 5}",
legal_general_retrieval_eval,Cerebrum-Blocks/block_store/kits/legal_general_retrieval_eval/corpus/cuad/KitovPharmaLtd_20190326_20-F_EX-4.15_11584449_EX-4.15_Manufacturing Agreement.txt,C:/Users/shimm/Cerebrum-Blocks/block_store/kits/legal_general_retrieval_eval/corpus/cuad/KitovPharmaLtd_20190326_20-F_EX-4.15_11584449_EX-4.15_Manufacturing Agreement.txt,57482,.txt,text/plain,7c3032699fe54a5e2c82716545279f4b173b548b79f659841c5689b18f64a058,null,"{""encoding"": ""utf-8"", ""sample_lines"": 5}",
legal_general_retrieval_eval,"Cerebrum-Blocks/block_store/kits/legal_general_retrieval_eval/corpus/cuad/KNOWLABS,INC_08_15_2005-EX-10-INTELLECTUAL PROPERTY AGREEMENT.txt","C:/Users/shimm/Cerebrum-Blocks/block_store/kits/legal_general_retrieval_eval/corpus/cuad/KNOWLABS,INC_08_15_2005-EX-10-INTELLECTUAL PROPERTY AGREEMENT.txt",14792,.txt,text/plain,70d818aaac809a4ea97f778473b7235a9601f93c191c8a110595fc360aacb5f9,null,"{""encoding"": ""ascii"", ""sample_lines"": 5}",
legal_general_retrieval_eval,Cerebrum-Blocks/block_store/kits/legal_general_retrieval_eval/corpus/cuad/LeadersonlineInc_20000427_S-1A_EX-10.8_4991089_EX-10.8_Co-Branding Agreement.txt,C:/Users/shimm/Cerebrum-Blocks/block_store/kits/legal_general_retrieval_eval/corpus/cuad/LeadersonlineInc_20000427_S-1A_EX-10.8_4991089_EX-10.8_Co-Branding Agreement.txt,55296,.txt,text/plain,50c60164bc1c459c80937614afbcd908538a7e304a283a0da553e4b5c5dfd57c,null,"{""encoding"": ""ascii"", ""sample_lines"": 5}",
legal_general_retrieval_eval,Cerebrum-Blocks/block_store/kits/legal_general_retrieval_eval/corpus/cuad/LECLANCHÉ S.A. - JOINT DEVELOPMENT AND MARKETING AGREEMENT.txt,C:/Users/shimm/Cerebrum-Blocks/block_store/kits/legal_general_retrieval_eval/corpus/cuad/LECLANCHÉ S.A. - JOINT DEVELOPMENT AND MARKETING AGREEMENT.txt,20411,.txt,text/plain,d284a337922c82e654949305ddcf3bb76bcfa1759a562a36930724cb02671035,null,"{""encoding"": ""utf-8"", ""sample_lines"": 5}",
legal_general_retrieval_eval,Cerebrum-Blocks/block_store/kits/legal_general_retrieval_eval/corpus/cuad/LegacyEducationAllianceInc_20141110_8-K_EX-10.9_8828866_EX-10.9_Endorsement Agreement.txt,C:/Users/shimm/Cerebrum-Blocks/block_store/kits/legal_general_retrieval_eval/corpus/cuad/LegacyEducationAllianceInc_20141110_8-K_EX-10.9_8828866_EX-10.9_Endorsement Agreement.txt,19919,.txt,text/plain,58078cc191465e413069fc8ab1a717e56e50e10ca476f5f79f734d0638943280,null,"{""encoding"": ""utf-8"", ""sample_lines"": 5}",
legal_general_retrieval_eval,Cerebrum-Blocks/block_store/kits/legal_general_retrieval_eval/corpus/cuad/LegacyEducationAllianceInc_20200330_10-K_EX-10.18_12090678_EX-10.18_Development Agreement.txt,C:/Users/shimm/Cerebrum-Blocks/block_store/kits/legal_general_retrieval_eval/corpus/cuad/LegacyEducationAllianceInc_20200330_10-K_EX-10.18_12090678_EX-10.18_Development Agreement.txt,46358,.txt,text/plain,b7a8cea1bb15131ce75906b63a977426b7aef9300215424caf5c25bb8c92d337,null,"{""encoding"": ""utf-8"", ""sample_lines"": 5}",
legal_general_retrieval_eval,"Cerebrum-Blocks/block_store/kits/legal_general_retrieval_eval/corpus/cuad/LEGACYTECHNOLOGYHOLDINGS,INC_12_09_2005-EX-10.2-DISTRIBUTOR AGREEMENT.txt","C:/Users/shimm/Cerebrum-Blocks/block_store/kits/legal_general_retrieval_eval/corpus/cuad/LEGACYTECHNOLOGYHOLDINGS,INC_12_09_2005-EX-10.2-DISTRIBUTOR AGREEMENT.txt",15113,.txt,text/plain,b4322d0d017a7c697dee87ca9b3d5aa963c4b5ca6f8b136c583fcc87e5f0e5c4,null,"{""encoding"": ""ascii"", ""sample_lines"": 5}",
legal_general_retrieval_eval,Cerebrum-Blocks/block_store/kits/legal_general_retrieval_eval/corpus/cuad/LEJUHOLDINGSLTD_03_12_2014-EX-10.34-INTERNET CHANNEL COOPERATION AGREEMENT.txt,C:/Users/shimm/Cerebrum-Blocks/block_store/kits/legal_general_retrieval_eval/corpus/cuad/LEJUHOLDINGSLTD_03_12_2014-EX-10.34-INTERNET CHANNEL COOPERATION AGREEMENT.txt,37031,.txt,text/plain,3b8e37d6654f64e03346182fcd4f0b40066df4fec0de37b9220345cf8d37ffbc,null,"{""encoding"": ""ascii"", ""sample_lines"": 5}",
legal_general_retrieval_eval,Cerebrum-Blocks/block_store/kits/legal_general_retrieval_eval/corpus/cuad/LejuHoldingsLtd_20140121_DRS (on F-1)_EX-10.26_8473102_EX-10.26_Content License Agreement1.txt,C:/Users/shimm/Cerebrum-Blocks/block_store/kits/legal_general_retrieval_eval/corpus/cuad/LejuHoldingsLtd_20140121_DRS (on F-1)_EX-10.26_8473102_EX-10.26_Content License Agreement1.txt,46724,.txt,text/plain,edb50810e93b97e83365e7e66f2bf583cfee3981ea1ffdbbcb9f0783d9050e2e,null,"{""encoding"": ""utf-8"", ""sample_lines"": 5}",
legal_general_retrieval_eval,Cerebrum-Blocks/block_store/kits/legal_general_retrieval_eval/corpus/cuad/LifewayFoodsInc_20160316_10-K_EX-10.24_9489766_EX-10.24_Endorsement Agreement.txt,C:/Users/shimm/Cerebrum-Blocks/block_store/kits/legal_general_retrieval_eval/corpus/cuad/LifewayFoodsInc_20160316_10-K_EX-10.24_9489766_EX-10.24_Endorsement Agreement.txt,10996,.txt,text/plain,7e7661f3d61df42a24e9ebd55ee2e95a11a084fa5dee11e00153a297e710f4ed,null,"{""encoding"": ""ascii"", ""sample_lines"": 5}",
legal_general_retrieval_eval,Cerebrum-Blocks/block_store/kits/legal_general_retrieval_eval/corpus/cuad/LIGHTBRIDGECORP_11_23_2015-EX-10.26-STRATEGIC ALLIANCE AGREEMENT.txt,C:/Users/shimm/Cerebrum-Blocks/block_store/kits/legal_general_retrieval_eval/corpus/cuad/LIGHTBRIDGECORP_11_23_2015-EX-10.26-STRATEGIC ALLIANCE AGREEMENT.txt,19386,.txt,text/plain,66048676c514d1e73a6b892b6a586971c8f54d5c8041b9fff2e98df3a443bffb,null,"{""encoding"": ""ascii"", ""sample_lines"": 5}",
legal_general_retrieval_eval,Cerebrum-Blocks/block_store/kits/legal_general_retrieval_eval/corpus/cuad/LIMEENERGYCO_09_09_1999-EX-10-DISTRIBUTOR AGREEMENT.txt,C:/Users/shimm/Cerebrum-Blocks/block_store/kits/legal_general_retrieval_eval/corpus/cuad/LIMEENERGYCO_09_09_1999-EX-10-DISTRIBUTOR AGREEMENT.txt,54290,.txt,text/plain,95ea6fae5227f2424896bb354e9de452c7f05a85dc0acb72fa6bd72ebe37a236,null,"{""encoding"": ""ascii"", ""sample_lines"": 5}",
legal_general_retrieval_eval,Cerebrum-Blocks/block_store/kits/legal_general_retrieval_eval/corpus/cuad/LinkPlusCorp_20050802_8-K_EX-10_3240252_EX-10_Affiliate Agreement.txt,C:/Users/shimm/Cerebrum-Blocks/block_store/kits/legal_general_retrieval_eval/corpus/cuad/LinkPlusCorp_20050802_8-K_EX-10_3240252_EX-10_Affiliate Agreement.txt,25619,.txt,text/plain,da75700725405f8d45f3ab218cbbc4127d026cc99099735d24db4f9f8b30a239,null,"{""encoding"": ""ascii"", ""sample_lines"": 5}",
legal_general_retrieval_eval,Cerebrum-Blocks/block_store/kits/legal_general_retrieval_eval/corpus/cuad/LiquidmetalTechnologiesInc_20200205_8-K_EX-10.1_11968198_EX-10.1_Development Agreement.txt,C:/Users/shimm/Cerebrum-Blocks/block_store/kits/legal_general_retrieval_eval/corpus/cuad/LiquidmetalTechnologiesInc_20200205_8-K_EX-10.1_11968198_EX-10.1_Development Agreement.txt,83975,.txt,text/plain,4d133de7f434c2a615f0157c06df8785a82d98ca02aab46804b130131ec5efd7,null,"{""encoding"": ""utf-8"", ""sample_lines"": 5}",
legal_general_retrieval_eval,Cerebrum-Blocks/block_store/kits/legal_general_retrieval_eval/corpus/cuad/LOGANSROADHOUSEINC_03_27_1998-EX-10.17-SPONSORSHIP AGREEMENT.txt,C:/Users/shimm/Cerebrum-Blocks/block_store/kits/legal_general_retrieval_eval/corpus/cuad/LOGANSROADHOUSEINC_03_27_1998-EX-10.17-SPONSORSHIP AGREEMENT.txt,19171,.txt,text/plain,d9ace291105b69d4d5a1bceef8e461e48b261cb61483547d827ee3eda5857b9c,null,"{""encoding"": ""ascii"", ""sample_lines"": 5}",
legal_general_retrieval_eval,Cerebrum-Blocks/block_store/kits/legal_general_retrieval_eval/corpus/cuad/LohaCompanyltd_20191209_F-1_EX-10.16_11917878_EX-10.16_Supply Agreement.txt,C:/Users/shimm/Cerebrum-Blocks/block_store/kits/legal_general_retrieval_eval/corpus/cuad/LohaCompanyltd_20191209_F-1_EX-10.16_11917878_EX-10.16_Supply Agreement.txt,11475,.txt,text/plain,f9cfca1abe0d53c639a5c9516a499ecd4493dd773dd0a4ddf7d7725e0da810d6,null,"{""encoding"": ""ascii"", ""sample_lines"": 5}",
legal_general_retrieval_eval,Cerebrum-Blocks/block_store/kits/legal_general_retrieval_eval/corpus/cuad/LOOKSMARTLTD_07_20_2012-EX-99.(D)(I)-SPONSORSHIP AGREEMENT.txt,C:/Users/shimm/Cerebrum-Blocks/block_store/kits/legal_general_retrieval_eval/corpus/cuad/LOOKSMARTLTD_07_20_2012-EX-99.(D)(I)-SPONSORSHIP AGREEMENT.txt,25922,.txt,text/plain,1455fd9c2d9b5abe65cbd8a5b96105312c40c612ad069775fff9619544b6f362,null,"{""encoding"": ""ascii"", ""sample_lines"": 5}",
legal_general_retrieval_eval,"Cerebrum-Blocks/block_store/kits/legal_general_retrieval_eval/corpus/cuad/Loop Industries, Inc. - Marketing Agreement.txt","C:/Users/shimm/Cerebrum-Blocks/block_store/kits/legal_general_retrieval_eval/corpus/cuad/Loop Industries, Inc. - Marketing Agreement.txt",34742,.txt,text/plain,7552830f738a0edf4b66c8720df08084aaaa4e8cdf54afd27c7d8009cf0a5b5d,null,"{""encoding"": ""utf-8"", ""sample_lines"": 5}",
legal_general_retrieval_eval,Cerebrum-Blocks/block_store/kits/legal_general_retrieval_eval/corpus/cuad/LOYALTYPOINTINC_11_16_2004-EX-10.2-RESELLER AGREEMENT.txt,C:/Users/shimm/Cerebrum-Blocks/block_store/kits/legal_general_retrieval_eval/corpus/cuad/LOYALTYPOINTINC_11_16_2004-EX-10.2-RESELLER AGREEMENT.txt,117478,.txt,text/plain,290ce4508e7d680d1a8422c7149b8b928c6b5121a9b7e8df711ffc2c78804158,null,"{""encoding"": ""ascii"", ""sample_lines"": 5}",
legal_general_retrieval_eval,Cerebrum-Blocks/block_store/kits/legal_general_retrieval_eval/corpus/cuad/LUCIDINC_04_15_2011-EX-10.9-DISTRIBUTOR AGREEMENT.txt,C:/Users/shimm/Cerebrum-Blocks/block_store/kits/legal_general_retrieval_eval/corpus/cuad/LUCIDINC_04_15_2011-EX-10.9-DISTRIBUTOR AGREEMENT.txt,15540,.txt,text/plain,85676ae23975c26b41b9bc868f278c17addb353cf956628ad3c6c6d6108ce716,null,"{""encoding"": ""ascii"", ""sample_lines"": 5}",
legal_general_retrieval_eval,Cerebrum-Blocks/block_store/kits/legal_general_retrieval_eval/corpus/cuad/MACROGENICSINC_08_02_2013-EX-10-COLLABORATION AGREEMENT.txt,C:/Users/shimm/Cerebrum-Blocks/block_store/kits/legal_general_retrieval_eval/corpus/cuad/MACROGENICSINC_08_02_2013-EX-10-COLLABORATION AGREEMENT.txt,163232,.txt,text/plain,d13b7e693935407b2be0db9bea61d5aae5779fbc505abef757c27f07fa1bae7e,null,"{""encoding"": ""utf-8"", ""sample_lines"": 5}",
legal_general_retrieval_eval,"Cerebrum-Blocks/block_store/kits/legal_general_retrieval_eval/corpus/cuad/Magenta Therapeutics, Inc. - Master Development and Manufacturing Agreement.txt","C:/Users/shimm/Cerebrum-Blocks/block_store/kits/legal_general_retrieval_eval/corpus/cuad/Magenta Therapeutics, Inc. - Master Development and Manufacturing Agreement.txt",73599,.txt,text/plain,eec65fcd95132c215de5d757ae80e7e6e048af2e33343f6e15a9eadbc75627f5,null,"{""encoding"": ""utf-8"", ""sample_lines"": 5}",
legal_general_retrieval_eval,Cerebrum-Blocks/block_store/kits/legal_general_retrieval_eval/corpus/cuad/MANAKOASERVICESCORP_11_21_2007-EX-7.5-STRATEGIC ALLIANCE AGREEMENT.txt,C:/Users/shimm/Cerebrum-Blocks/block_store/kits/legal_general_retrieval_eval/corpus/cuad/MANAKOASERVICESCORP_11_21_2007-EX-7.5-STRATEGIC ALLIANCE AGREEMENT.txt,14879,.txt,text/plain,bc94244e30306b2bb8347a007bdb4da71cb0528a56049c86d918dd8883345fb3,null,"{""encoding"": ""ascii"", ""sample_lines"": 5}",
legal_general_retrieval_eval,Cerebrum-Blocks/block_store/kits/legal_general_retrieval_eval/corpus/cuad/MANUFACTURERSSERVICESLTD_06_05_2000-EX-10.14-OUTSOURCING AGREEMENT.txt,C:/Users/shimm/Cerebrum-Blocks/block_store/kits/legal_general_retrieval_eval/corpus/cuad/MANUFACTURERSSERVICESLTD_06_05_2000-EX-10.14-OUTSOURCING AGREEMENT.txt,338211,.txt,text/plain,5cc2cbafdfe4b089bce0b1084cd4997a37f9a23b7c6307fec93a1777015fb690,null,"{""encoding"": ""ascii"", ""sample_lines"": 5}",
legal_general_retrieval_eval,"Cerebrum-Blocks/block_store/kits/legal_general_retrieval_eval/corpus/cuad/MARSHALLHOLDINGSINTERNATIONAL,INC_04_14_2004-EX-10.15-ENDORSEMENT AGREEMENT.txt","C:/Users/shimm/Cerebrum-Blocks/block_store/kits/legal_general_retrieval_eval/corpus/cuad/MARSHALLHOLDINGSINTERNATIONAL,INC_04_14_2004-EX-10.15-ENDORSEMENT AGREEMENT.txt",12962,.txt,text/plain,afd4934d5d26b8ac7a8248bd41652e2d463fdadd94e4cc812972bb41d334d387,null,"{""encoding"": ""ascii"", ""sample_lines"": 5}",
legal_general_retrieval_eval,Cerebrum-Blocks/block_store/kits/legal_general_retrieval_eval/corpus/cuad/MARTINMIDSTREAMPARTNERSLP_01_23_2004-EX-10.3-TRANSPORTATION SERVICES AGREEMENT.txt,C:/Users/shimm/Cerebrum-Blocks/block_store/kits/legal_general_retrieval_eval/corpus/cuad/MARTINMIDSTREAMPARTNERSLP_01_23_2004-EX-10.3-TRANSPORTATION SERVICES AGREEMENT.txt,13995,.txt,text/plain,db9503241d99bb769627041be15e098f5f21b7fc0a14140e015f3bd0ddd007f4,null,"{""encoding"": ""ascii"", ""sample_lines"": 5}",
legal_general_retrieval_eval,"Cerebrum-Blocks/block_store/kits/legal_general_retrieval_eval/corpus/cuad/MEDALISTDIVERSIFIEDREIT,INC_05_18_2020-EX-10.1-CONSULTING AGREEMENT.txt","C:/Users/shimm/Cerebrum-Blocks/block_store/kits/legal_general_retrieval_eval/corpus/cuad/MEDALISTDIVERSIFIEDREIT,INC_05_18_2020-EX-10.1-CONSULTING AGREEMENT.txt",24315,.txt,text/plain,00d4100595b6258d4a0639b9640eb7054b500d84c0485dea9024a9bc76a8bdff,null,"{""encoding"": ""ascii"", ""sample_lines"": 5}",
legal_general_retrieval_eval,Cerebrum-Blocks/block_store/kits/legal_general_retrieval_eval/corpus/cuad/MEDIWOUNDLTD_01_15_2014-EX-10.6-SUPPLY AGREEMENT.txt,C:/Users/shimm/Cerebrum-Blocks/block_store/kits/legal_general_retrieval_eval/corpus/cuad/MEDIWOUNDLTD_01_15_2014-EX-10.6-SUPPLY AGREEMENT.txt,49925,.txt,text/plain,f4aa702f1099605458b396fcb0faf9a85924bb550e59de31b8b1341a255439f7,null,"{""encoding"": ""utf-8"", ""sample_lines"": 5}",
legal_general_retrieval_eval,"Cerebrum-Blocks/block_store/kits/legal_general_retrieval_eval/corpus/cuad/MEETGROUP,INC_06_29_2017-EX-10.1-COOPERATION AGREEMENT.txt","C:/Users/shimm/Cerebrum-Blocks/block_store/kits/legal_general_retrieval_eval/corpus/cuad/MEETGROUP,INC_06_29_2017-EX-10.1-COOPERATION AGREEMENT.txt",59536,.txt,text/plain,7aa6582007f2f953ed7f0fdc4418025054183c37386162db7ae073249cbadaec,null,"{""encoding"": ""utf-8"", ""sample_lines"": 5}",
legal_general_retrieval_eval,Cerebrum-Blocks/block_store/kits/legal_general_retrieval_eval/corpus/cuad/MERCATAINC_03_09_2000-EX-10.21-SPONSORSHIP AGREEMENT.txt,C:/Users/shimm/Cerebrum-Blocks/block_store/kits/legal_general_retrieval_eval/corpus/cuad/MERCATAINC_03_09_2000-EX-10.21-SPONSORSHIP AGREEMENT.txt,23672,.txt,text/plain,4ae1ba0a1c389730203ca5e003e6d86b5b163f6465be4c01adcd6a3ab654652c,null,"{""encoding"": ""utf-8"", ""sample_lines"": 5}",
legal_general_retrieval_eval,Cerebrum-Blocks/block_store/kits/legal_general_retrieval_eval/corpus/cuad/MERITLIFEINSURANCECO_06_19_2020-EX-10.(XIV)-MASTER SERVICES AGREEMENT.txt,C:/Users/shimm/Cerebrum-Blocks/block_store/kits/legal_general_retrieval_eval/corpus/cuad/MERITLIFEINSURANCECO_06_19_2020-EX-10.(XIV)-MASTER SERVICES AGREEMENT.txt,22090,.txt,text/plain,09eac9cb5a8cacc009776409a7206c71ac2817174426dc2009ec7e06c2fb7af9,null,"{""encoding"": ""ascii"", ""sample_lines"": 5}",
legal_general_retrieval_eval,"Cerebrum-Blocks/block_store/kits/legal_general_retrieval_eval/corpus/cuad/MetLife, Inc. - Remarketing Agreement.txt","C:/Users/shimm/Cerebrum-Blocks/block_store/kits/legal_general_retrieval_eval/corpus/cuad/MetLife, Inc. - Remarketing Agreement.txt",111249,.txt,text/plain,b3c627873c35bf0ca94050cb1ac9f463c31193f81376ea4f3cb921e0bad3a37a,null,"{""encoding"": ""ascii"", ""sample_lines"": 5}",
legal_general_retrieval_eval,Cerebrum-Blocks/block_store/kits/legal_general_retrieval_eval/corpus/cuad/Microgenics Corporation - Collaborative Development and Commercialization Agreement.txt,C:/Users/shimm/Cerebrum-Blocks/block_store/kits/legal_general_retrieval_eval/corpus/cuad/Microgenics Corporation - Collaborative Development and Commercialization Agreement.txt,190270,.txt,text/plain,75afb072cf4dbafd060c40ac37f1e6acaeaeeb606469bc4e5268c6096d16dd6c,null,"{""encoding"": ""ascii"", ""sample_lines"": 5}",
legal_general_retrieval_eval,"Cerebrum-Blocks/block_store/kits/legal_general_retrieval_eval/corpus/cuad/MIDDLEBROOKPHARMACEUTICALS,INC_03_18_2010-EX-10.1-PROMOTION AGREEMENT.txt","C:/Users/shimm/Cerebrum-Blocks/block_store/kits/legal_general_retrieval_eval/corpus/cuad/MIDDLEBROOKPHARMACEUTICALS,INC_03_18_2010-EX-10.1-PROMOTION AGREEMENT.txt",57747,.txt,text/plain,de71e7a6b6c68d204ab3e14d07000b9ed07ab53117d4467baf9609f794afa1e0,null,"{""encoding"": ""utf-8"", ""sample_lines"": 5}",
legal_general_retrieval_eval,Cerebrum-Blocks/block_store/kits/legal_general_retrieval_eval/corpus/cuad/MidwestEnergyEmissionsCorp_20080604_8-K_EX-10.2_3093976_EX-10.2_Content License Agreement.txt,C:/Users/shimm/Cerebrum-Blocks/block_store/kits/legal_general_retrieval_eval/corpus/cuad/MidwestEnergyEmissionsCorp_20080604_8-K_EX-10.2_3093976_EX-10.2_Content License Agreement.txt,33917,.txt,text/plain,23c6922eb12fba24d2317a693ca12bd18764ec113ec78c4a716e2e6fd455f094,null,"{""encoding"": ""ascii"", ""sample_lines"": 5}",
legal_general_retrieval_eval,"Cerebrum-Blocks/block_store/kits/legal_general_retrieval_eval/corpus/cuad/MJBIOTECH,INC_12_06_2018-EX-99.01-JOINT VENTURE AGREEMENT.txt","C:/Users/shimm/Cerebrum-Blocks/block_store/kits/legal_general_retrieval_eval/corpus/cuad/MJBIOTECH,INC_12_06_2018-EX-99.01-JOINT VENTURE AGREEMENT.txt",23582,.txt,text/plain,23564e9f05b57203116fee3307e1c2f8c167b1ea4275d3f68668dffe7c19c89e,null,"{""encoding"": ""utf-8"", ""sample_lines"": 5}",
legal_general_retrieval_eval,Cerebrum-Blocks/block_store/kits/legal_general_retrieval_eval/corpus/cuad/MorganStanleyDirectLendingFund_20191119_10-12GA_EX-10.5_11898508_EX-10.5_Trademark License Agreement.txt,C:/Users/shimm/Cerebrum-Blocks/block_store/kits/legal_general_retrieval_eval/corpus/cuad/MorganStanleyDirectLendingFund_20191119_10-12GA_EX-10.5_11898508_EX-10.5_Trademark License Agreement.txt,16162,.txt,text/plain,2968497b74ed1946495a91d7baa6d62f400ff981f462d6d945f601d8806694ca,null,"{""encoding"": ""utf-8"", ""sample_lines"": 5}",
legal_general_retrieval_eval,Cerebrum-Blocks/block_store/kits/legal_general_retrieval_eval/corpus/cuad/MOSSIMOINC_04_14_2000-EX-10.14-ENDORSEMENT AGREEMENT.txt,C:/Users/shimm/Cerebrum-Blocks/block_store/kits/legal_general_retrieval_eval/corpus/cuad/MOSSIMOINC_04_14_2000-EX-10.14-ENDORSEMENT AGREEMENT.txt,24307,.txt,text/plain,6f93ddd1129f5199aa0e9218293090178ab7d061fbf69dbac36855291ee479f9,null,"{""encoding"": ""ascii"", ""sample_lines"": 5}",
legal_general_retrieval_eval,Cerebrum-Blocks/block_store/kits/legal_general_retrieval_eval/corpus/cuad/MOVADOGROUPINC_04_30_2003-EX-10.28-ENDORSEMENT AGREEMENT.txt,C:/Users/shimm/Cerebrum-Blocks/block_store/kits/legal_general_retrieval_eval/corpus/cuad/MOVADOGROUPINC_04_30_2003-EX-10.28-ENDORSEMENT AGREEMENT.txt,17627,.txt,text/plain,ba1c107875c61d0b4913f6aaaaf00d5ca64d75d9a594447d02c40880d8f44fea,null,"{""encoding"": ""ascii"", ""sample_lines"": 5}",
legal_general_retrieval_eval,Cerebrum-Blocks/block_store/kits/legal_general_retrieval_eval/corpus/cuad/MphaseTechnologiesInc_20030911_10-K_EX-10.15_1560667_EX-10.15_Co-Branding Agreement.txt,C:/Users/shimm/Cerebrum-Blocks/block_store/kits/legal_general_retrieval_eval/corpus/cuad/MphaseTechnologiesInc_20030911_10-K_EX-10.15_1560667_EX-10.15_Co-Branding Agreement.txt,8321,.txt,text/plain,c00e73fa23804a8ea70f011dfaca0debf75bccdeb375ca864cbf2a36a0ff4ce8,null,"{""encoding"": ""ascii"", ""sample_lines"": 5}",
legal_general_retrieval_eval,Cerebrum-Blocks/block_store/kits/legal_general_retrieval_eval/corpus/cuad/MPLXLP_06_17_2015-EX-10.1-TRANSPORTATION SERVICES AGREEMENT.txt,C:/Users/shimm/Cerebrum-Blocks/block_store/kits/legal_general_retrieval_eval/corpus/cuad/MPLXLP_06_17_2015-EX-10.1-TRANSPORTATION SERVICES AGREEMENT.txt,57631,.txt,text/plain,32b7190fa5a4ac20ef10f18328b16f85d8df5bcc88384ce6fabec16cf6071b8f,null,"{""encoding"": ""ascii"", ""sample_lines"": 5}",
legal_general_retrieval_eval,Cerebrum-Blocks/block_store/kits/legal_general_retrieval_eval/corpus/cuad/MRSFIELDSORIGINALCOOKIESINC_01_29_1998-EX-10-FRANCHISE AGREEMENT.txt,C:/Users/shimm/Cerebrum-Blocks/block_store/kits/legal_general_retrieval_eval/corpus/cuad/MRSFIELDSORIGINALCOOKIESINC_01_29_1998-EX-10-FRANCHISE AGREEMENT.txt,249359,.txt,text/plain,8e2adddb58dd5ac9a6ee447d09375f65b6121162f13a8e1fcd3339044aab2868,null,"{""encoding"": ""ascii"", ""sample_lines"": 5}",
legal_general_retrieval_eval,Cerebrum-Blocks/block_store/kits/legal_general_retrieval_eval/corpus/cuad/MSCIINC_02_28_2008-EX-10.10-.txt,C:/Users/shimm/Cerebrum-Blocks/block_store/kits/legal_general_retrieval_eval/corpus/cuad/MSCIINC_02_28_2008-EX-10.10-.txt,11770,.txt,text/plain,f9315155cae492ba772b8a5f69d8fcefbe1f70d0358eb402fd67a7dff4b3022e,null,"{""encoding"": ""ascii"", ""sample_lines"": 5}",
legal_general_retrieval_eval,Cerebrum-Blocks/block_store/kits/legal_general_retrieval_eval/corpus/cuad/MTITECHNOLOGYCORP_11_16_2004-EX-10.102-Reseller Agreement Premier Addendum.txt,C:/Users/shimm/Cerebrum-Blocks/block_store/kits/legal_general_retrieval_eval/corpus/cuad/MTITECHNOLOGYCORP_11_16_2004-EX-10.102-Reseller Agreement Premier Addendum.txt,32744,.txt,text/plain,b13612159cc7a207a7669ee6f3fa52835dad6ee72ed9f3c63166a72a4fff884e,null,"{""encoding"": ""ascii"", ""sample_lines"": 5}",
legal_general_retrieval_eval,Cerebrum-Blocks/block_store/kits/legal_general_retrieval_eval/corpus/cuad/MusclepharmCorp_20170208_10-KA_EX-10.38_9893581_EX-10.38_Co-Branding Agreement.txt,C:/Users/shimm/Cerebrum-Blocks/block_store/kits/legal_general_retrieval_eval/corpus/cuad/MusclepharmCorp_20170208_10-KA_EX-10.38_9893581_EX-10.38_Co-Branding Agreement.txt,87805,.txt,text/plain,0545fc6a00b64d9bb75c36ab9ebc738d4c726f11fd000b2eed284fcaed0f55e5,null,"{""encoding"": ""ascii"", ""sample_lines"": 5}",
legal_general_retrieval_eval,Cerebrum-Blocks/block_store/kits/legal_general_retrieval_eval/corpus/cuad/N2KINC_10_16_1997-EX-10.16-SPONSORSHIP AGREEMENT.txt,C:/Users/shimm/Cerebrum-Blocks/block_store/kits/legal_general_retrieval_eval/corpus/cuad/N2KINC_10_16_1997-EX-10.16-SPONSORSHIP AGREEMENT.txt,49518,.txt,text/plain,3d51fb71a4d06f8185ebfdb7c3feae4fa2935d9fc75951cdfc4aaff4b5733b07,null,"{""encoding"": ""ascii"", ""sample_lines"": 5}",
legal_general_retrieval_eval,Cerebrum-Blocks/block_store/kits/legal_general_retrieval_eval/corpus/cuad/NakedBrandGroupInc_20150731_POS AM (on S-1)_EX-10.75_9196027_EX-10.75_Endorsement Agreement.txt,C:/Users/shimm/Cerebrum-Blocks/block_store/kits/legal_general_retrieval_eval/corpus/cuad/NakedBrandGroupInc_20150731_POS AM (on S-1)_EX-10.75_9196027_EX-10.75_Endorsement Agreement.txt,48410,.txt,text/plain,1510ddf504647e19470bab2f0046771166aed262af311bd99e5b6809b49ec15d,null,"{""encoding"": ""ascii"", ""sample_lines"": 5}",
legal_general_retrieval_eval,Cerebrum-Blocks/block_store/kits/legal_general_retrieval_eval/corpus/cuad/NANOPHASETECHNOLOGIESCORP_11_01_2005-EX-99.1-DISTRIBUTOR AGREEMENT.txt,C:/Users/shimm/Cerebrum-Blocks/block_store/kits/legal_general_retrieval_eval/corpus/cuad/NANOPHASETECHNOLOGIESCORP_11_01_2005-EX-99.1-DISTRIBUTOR AGREEMENT.txt,48643,.txt,text/plain,15693ac6308963aaf092e3eae9d260fa6be9e455443f20b72697e699354b670b,null,"{""encoding"": ""utf-8"", ""sample_lines"": 5}",
legal_general_retrieval_eval,Cerebrum-Blocks/block_store/kits/legal_general_retrieval_eval/corpus/cuad/NATIONALPROCESSINGINC_07_18_1996-EX-10.4-SPONSORSHIP AGREEMENT.txt,C:/Users/shimm/Cerebrum-Blocks/block_store/kits/legal_general_retrieval_eval/corpus/cuad/NATIONALPROCESSINGINC_07_18_1996-EX-10.4-SPONSORSHIP AGREEMENT.txt,32860,.txt,text/plain,6d561fa608a258250be52237d1b7789542041506614a4867c9e0a3da1cff4ea0,null,"{""encoding"": ""ascii"", ""sample_lines"": 5}",
legal_general_retrieval_eval,Cerebrum-Blocks/block_store/kits/legal_general_retrieval_eval/corpus/cuad/NeoformaInc_19991202_S-1A_EX-10.26_5224521_EX-10.26_Co-Branding Agreement.txt,C:/Users/shimm/Cerebrum-Blocks/block_store/kits/legal_general_retrieval_eval/corpus/cuad/NeoformaInc_19991202_S-1A_EX-10.26_5224521_EX-10.26_Co-Branding Agreement.txt,98907,.txt,text/plain,8a156f69e9ca6966c0f1d48c9a972d711b6cb7583b6c9c26c3fc7fe1e27bcf0a,null,"{""encoding"": ""ascii"", ""sample_lines"": 5}",
legal_general_retrieval_eval,Cerebrum-Blocks/block_store/kits/legal_general_retrieval_eval/corpus/cuad/NEOMEDIATECHNOLOGIESINC_12_15_2005-EX-16.1-DISTRIBUTOR AGREEMENT.txt,C:/Users/shimm/Cerebrum-Blocks/block_store/kits/legal_general_retrieval_eval/corpus/cuad/NEOMEDIATECHNOLOGIESINC_12_15_2005-EX-16.1-DISTRIBUTOR AGREEMENT.txt,36275,.txt,text/plain,b3db6d72f9b7e01afbc4f535c2c4475bdbe758225567ea89ac2b3105276d6993,null,"{""encoding"": ""ascii"", ""sample_lines"": 5}",
legal_general_retrieval_eval,Cerebrum-Blocks/block_store/kits/legal_general_retrieval_eval/corpus/cuad/NEONSYSTEMSINC_03_01_1999-EX-10.5-DISTRIBUTOR AGREEMENT_Amendment.txt,C:/Users/shimm/Cerebrum-Blocks/block_store/kits/legal_general_retrieval_eval/corpus/cuad/NEONSYSTEMSINC_03_01_1999-EX-10.5-DISTRIBUTOR AGREEMENT_Amendment.txt,21994,.txt,text/plain,9efa34e33b135d9bdc6e0fa949b22953b5a1675efa39c7222cf7d2ddc2251ebf,null,"{""encoding"": ""ascii"", ""sample_lines"": 5}",
legal_general_retrieval_eval,Cerebrum-Blocks/block_store/kits/legal_general_retrieval_eval/corpus/cuad/NEONSYSTEMSINC_03_01_1999-EX-10.5-DISTRIBUTOR AGREEMENT_New.txt,C:/Users/shimm/Cerebrum-Blocks/block_store/kits/legal_general_retrieval_eval/corpus/cuad/NEONSYSTEMSINC_03_01_1999-EX-10.5-DISTRIBUTOR AGREEMENT_New.txt,61463,.txt,text/plain,acf1fbe6de84c75f0410f1f51cb94315d533cc5c97ffeb364aa99e00fc8b3958,null,"{""encoding"": ""utf-8"", ""sample_lines"": 5}",
legal_general_retrieval_eval,"Cerebrum-Blocks/block_store/kits/legal_general_retrieval_eval/corpus/cuad/NETGEAR,INC_04_21_2003-EX-10.16-DISTRIBUTOR AGREEMENT.txt","C:/Users/shimm/Cerebrum-Blocks/block_store/kits/legal_general_retrieval_eval/corpus/cuad/NETGEAR,INC_04_21_2003-EX-10.16-DISTRIBUTOR AGREEMENT.txt",41501,.txt,text/plain,1b4a0744754138176a7a3081a9c89a859248df2013a56f6ef13eeccbc264c9a1,null,"{""encoding"": ""ascii"", ""sample_lines"": 5}",
legal_general_retrieval_eval,Cerebrum-Blocks/block_store/kits/legal_general_retrieval_eval/corpus/cuad/NETGROCERINC_07_31_1998-EX-10.15-SPONSORSHIP AGREEMENT.txt,C:/Users/shimm/Cerebrum-Blocks/block_store/kits/legal_general_retrieval_eval/corpus/cuad/NETGROCERINC_07_31_1998-EX-10.15-SPONSORSHIP AGREEMENT.txt,45040,.txt,text/plain,170cad070a0fd13cd135d041f84c6846ec15134808d380f6a65f2a54d4d6e668,null,"{""encoding"": ""ascii"", ""sample_lines"": 5}",
legal_general_retrieval_eval,Cerebrum-Blocks/block_store/kits/legal_general_retrieval_eval/corpus/cuad/NETZEEINC_11_14_2002-EX-10.3-MAINTENANCE AGREEMENT.txt,C:/Users/shimm/Cerebrum-Blocks/block_store/kits/legal_general_retrieval_eval/corpus/cuad/NETZEEINC_11_14_2002-EX-10.3-MAINTENANCE AGREEMENT.txt,3474,.txt,text/plain,1590bce2bca6065376df0622a3cdd02d8d2436b5dc34e75419d60308cb128602,null,"{""encoding"": ""ascii"", ""sample_lines"": 5}",
legal_general_retrieval_eval,Cerebrum-Blocks/block_store/kits/legal_general_retrieval_eval/corpus/cuad/NeuroboPharmaceuticalsInc_20190903_S-4_EX-10.36_11802165_EX-10.36_Manufacturing Agreement_ Supply Agreement.txt,C:/Users/shimm/Cerebrum-Blocks/block_store/kits/legal_general_retrieval_eval/corpus/cuad/NeuroboPharmaceuticalsInc_20190903_S-4_EX-10.36_11802165_EX-10.36_Manufacturing Agreement_ Supply Agreement.txt,20000,.txt,text/plain,986a8d1167d9d73ce482eea02fbdb0527857d100a74da4ad627d860c723dfd38,null,"{""encoding"": ""ascii"", ""sample_lines"": 5}",
legal_general_retrieval_eval,Cerebrum-Blocks/block_store/kits/legal_general_retrieval_eval/corpus/cuad/NEXSTARFINANCEHOLDINGSINC_03_27_2002-EX-10.26-OUTSOURCING AGREEMENT.txt,C:/Users/shimm/Cerebrum-Blocks/block_store/kits/legal_general_retrieval_eval/corpus/cuad/NEXSTARFINANCEHOLDINGSINC_03_27_2002-EX-10.26-OUTSOURCING AGREEMENT.txt,120459,.txt,text/plain,6b8215ee167d155a4cee948c3846b07c8850b6277f9263bd6d29f331ecc83535,null,"{""encoding"": ""ascii"", ""sample_lines"": 5}",
legal_general_retrieval_eval,Cerebrum-Blocks/block_store/kits/legal_general_retrieval_eval/corpus/cuad/NICELTD_06_26_2003-EX-4.5-OUTSOURCING AGREEMENT.txt,C:/Users/shimm/Cerebrum-Blocks/block_store/kits/legal_general_retrieval_eval/corpus/cuad/NICELTD_06_26_2003-EX-4.5-OUTSOURCING AGREEMENT.txt,148163,.txt,text/plain,4dd3c78211abb8cbe0200daddaca6a1cf86ae1227766d9bcbc3e8fd1fd642870,null,"{""encoding"": ""ascii"", ""sample_lines"": 5}",
legal_general_retrieval_eval,Cerebrum-Blocks/block_store/kits/legal_general_retrieval_eval/corpus/cuad/NlsPharmaceuticsLtd_20200228_F-1_EX-10.14_12029046_EX-10.14_Development Agreement.txt,C:/Users/shimm/Cerebrum-Blocks/block_store/kits/legal_general_retrieval_eval/corpus/cuad/NlsPharmaceuticsLtd_20200228_F-1_EX-10.14_12029046_EX-10.14_Development Agreement.txt,67957,.txt,text/plain,7e79ea54ff155d02ae52f6e2cc9e2035a46b809f96e77885d99e1ab78c38f217,null,"{""encoding"": ""utf-8"", ""sample_lines"": 5}",
legal_general_retrieval_eval,Cerebrum-Blocks/block_store/kits/legal_general_retrieval_eval/corpus/cuad/NmfSlfIInc_20200115_10-12GA_EX-10.5_11946987_EX-10.5_Trademark License Agreement.txt,C:/Users/shimm/Cerebrum-Blocks/block_store/kits/legal_general_retrieval_eval/corpus/cuad/NmfSlfIInc_20200115_10-12GA_EX-10.5_11946987_EX-10.5_Trademark License Agreement.txt,17065,.txt,text/plain,4faa34333f1d42ec92b45de88a07eedba7e345d62bb1a2abe0a374662256b27f,null,"{""encoding"": ""utf-8"", ""sample_lines"": 5}",
legal_general_retrieval_eval,"Cerebrum-Blocks/block_store/kits/legal_general_retrieval_eval/corpus/cuad/NOVOINTEGRATEDSCIENCES,INC_12_23_2019-EX-10.1-JOINT VENTURE AGREEMENT.txt","C:/Users/shimm/Cerebrum-Blocks/block_store/kits/legal_general_retrieval_eval/corpus/cuad/NOVOINTEGRATEDSCIENCES,INC_12_23_2019-EX-10.1-JOINT VENTURE AGREEMENT.txt",21971,.txt,text/plain,ed8ec45674420e7e9d118f9141a3d0ad67b283c76ff1e2a703d339f731d65c2b,null,"{""encoding"": ""utf-8"", ""sample_lines"": 5}",
legal_general_retrieval_eval,Cerebrum-Blocks/block_store/kits/legal_general_retrieval_eval/corpus/cuad/NUVEEN - REMARKETING AGREEMENT.txt,C:/Users/shimm/Cerebrum-Blocks/block_store/kits/legal_general_retrieval_eval/corpus/cuad/NUVEEN - REMARKETING AGREEMENT.txt,70827,.txt,text/plain,2b041177437ff1bb2bf8d6dfe4fb4cdb65ad2315e2b86555e701515a67fc8b27,null,"{""encoding"": ""utf-8"", ""sample_lines"": 5}",
legal_general_retrieval_eval,Cerebrum-Blocks/block_store/kits/legal_general_retrieval_eval/corpus/cuad/NYLIACVARIABLEANNUITYSEPARATEACCOUNTIII_04_10_2020-EX-99.8.KK-SERVICE AGREEMENT.txt,C:/Users/shimm/Cerebrum-Blocks/block_store/kits/legal_general_retrieval_eval/corpus/cuad/NYLIACVARIABLEANNUITYSEPARATEACCOUNTIII_04_10_2020-EX-99.8.KK-SERVICE AGREEMENT.txt,6840,.txt,text/plain,dc38b41d2f80af947fb0a6274f2ea46f05d1f8b5e36db81640b6d0a85d59d810,null,"{""encoding"": ""ascii"", ""sample_lines"": 5}",
legal_general_retrieval_eval,"Cerebrum-Blocks/block_store/kits/legal_general_retrieval_eval/corpus/cuad/OAKTREECAPITALGROUP,LLC_03_02_2020-EX-10.8-Services Agreement.txt","C:/Users/shimm/Cerebrum-Blocks/block_store/kits/legal_general_retrieval_eval/corpus/cuad/OAKTREECAPITALGROUP,LLC_03_02_2020-EX-10.8-Services Agreement.txt",20133,.txt,text/plain,ea0ea979bf0f07976487d807d70d719c12c2054bd87e8ce6e3d3cade710e253c,null,"{""encoding"": ""ascii"", ""sample_lines"": 5}",
legal_general_retrieval_eval,"Cerebrum-Blocks/block_store/kits/legal_general_retrieval_eval/corpus/cuad/OASYSMOBILE,INC_07_05_2001-EX-10.17-OUTSOURCING AGREEMENT.txt","C:/Users/shimm/Cerebrum-Blocks/block_store/kits/legal_general_retrieval_eval/corpus/cuad/OASYSMOBILE,INC_07_05_2001-EX-10.17-OUTSOURCING AGREEMENT.txt",58860,.txt,text/plain,7c6e1cf6dd98979a0f32ffca628d15a3b51e560ed675bb7ae051a088c8a89fc7,null,"{""encoding"": ""ascii"", ""sample_lines"": 5}",
legal_general_retrieval_eval,Cerebrum-Blocks/block_store/kits/legal_general_retrieval_eval/corpus/cuad/OFGBANCORP_03_28_2007-EX-10.23-OUTSOURCING AGREEMENT.txt,C:/Users/shimm/Cerebrum-Blocks/block_store/kits/legal_general_retrieval_eval/corpus/cuad/OFGBANCORP_03_28_2007-EX-10.23-OUTSOURCING AGREEMENT.txt,159705,.txt,text/plain,2c0cbfce0cdc073b09800802a58fd0f025e9d1f7014713ecc5dd47f7c62f2c52,null,"{""encoding"": ""utf-8"", ""sample_lines"": 5}",
legal_general_retrieval_eval,Cerebrum-Blocks/block_store/kits/legal_general_retrieval_eval/corpus/cuad/OLDAPIWIND-DOWNLTD_01_08_2016-EX-1.3-AGENCY AGREEMENT1.txt,C:/Users/shimm/Cerebrum-Blocks/block_store/kits/legal_general_retrieval_eval/corpus/cuad/OLDAPIWIND-DOWNLTD_01_08_2016-EX-1.3-AGENCY AGREEMENT1.txt,98009,.txt,text/plain,96f162f2cb658cc49c87f9f1209c5bea1a72fe97d4d60d35c0d06012f2342a66,null,"{""encoding"": ""ascii"", ""sample_lines"": 5}",
legal_general_retrieval_eval,"Cerebrum-Blocks/block_store/kits/legal_general_retrieval_eval/corpus/cuad/OMINTO,INC_03_29_2004-EX-10-RESELLER AGREEMENT.txt","C:/Users/shimm/Cerebrum-Blocks/block_store/kits/legal_general_retrieval_eval/corpus/cuad/OMINTO,INC_03_29_2004-EX-10-RESELLER AGREEMENT.txt",28463,.txt,text/plain,63c4ce209111a2920d803f15cb0f1ca5c1919368cad08862fea3ce0923870e55,null,"{""encoding"": ""ascii"", ""sample_lines"": 5}",
legal_general_retrieval_eval,"Cerebrum-Blocks/block_store/kits/legal_general_retrieval_eval/corpus/cuad/ON2TECHNOLOGIES,INC_11_17_2006-EX-10.3-SUPPORT AND MAINTENANCE AGREEMENT.txt","C:/Users/shimm/Cerebrum-Blocks/block_store/kits/legal_general_retrieval_eval/corpus/cuad/ON2TECHNOLOGIES,INC_11_17_2006-EX-10.3-SUPPORT AND MAINTENANCE AGREEMENT.txt",61392,.txt,text/plain,9cb2a35f78070d574ac202873457b91f572981c78916cc28df9377424083f6da,null,"{""encoding"": ""utf-8"", ""sample_lines"": 5}",
legal_general_retrieval_eval,Cerebrum-Blocks/block_store/kits/legal_general_retrieval_eval/corpus/cuad/ON4COMMUNICATIONSINC_07_02_2009-EX-10.1-PROMOTION AGREEMENT.txt,C:/Users/shimm/Cerebrum-Blocks/block_store/kits/legal_general_retrieval_eval/corpus/cuad/ON4COMMUNICATIONSINC_07_02_2009-EX-10.1-PROMOTION AGREEMENT.txt,15103,.txt,text/plain,50407bd2ecffca3bec8f81d066233d44f93eae4054b371ccdadae6a7cc8d2cd0,null,"{""encoding"": ""ascii"", ""sample_lines"": 5}",
legal_general_retrieval_eval,Cerebrum-Blocks/block_store/kits/legal_general_retrieval_eval/corpus/cuad/OPERALTD_04_30_2020-EX-4.14-SERVICE AGREEMENT.txt,C:/Users/shimm/Cerebrum-Blocks/block_store/kits/legal_general_retrieval_eval/corpus/cuad/OPERALTD_04_30_2020-EX-4.14-SERVICE AGREEMENT.txt,20983,.txt,text/plain,579818d20eb50a9cb9893ff4dea109b70d2e74094c06489a994506b2079414fa,null,"{""encoding"": ""ascii"", ""sample_lines"": 5}",
legal_general_retrieval_eval,"Cerebrum-Blocks/block_store/kits/legal_general_retrieval_eval/corpus/cuad/OPTIMIZEDTRANSPORTATIONMANAGEMENT,INC_07_26_2000-EX-6.6-DISTRIBUTOR AGREEMENT.txt","C:/Users/shimm/Cerebrum-Blocks/block_store/kits/legal_general_retrieval_eval/corpus/cuad/OPTIMIZEDTRANSPORTATIONMANAGEMENT,INC_07_26_2000-EX-6.6-DISTRIBUTOR AGREEMENT.txt",10801,.txt,text/plain,429171f2a7d1169131390ecfe3db7e1ab8e4b208374858e898f470a64b69a990,null,"{""encoding"": ""ascii"", ""sample_lines"": 5}",
legal_general_retrieval_eval,Cerebrum-Blocks/block_store/kits/legal_general_retrieval_eval/corpus/cuad/ORBSATCORP_08_17_2007-EX-7.3-STRATEGIC ALLIANCE AGREEMENT.txt,C:/Users/shimm/Cerebrum-Blocks/block_store/kits/legal_general_retrieval_eval/corpus/cuad/ORBSATCORP_08_17_2007-EX-7.3-STRATEGIC ALLIANCE AGREEMENT.txt,18445,.txt,text/plain,bd707d51c1651939248b235e4a8903ad603134d00ab10d4dd8caf5473c81c6f3,null,"{""encoding"": ""ascii"", ""sample_lines"": 5}",
legal_general_retrieval_eval,"Cerebrum-Blocks/block_store/kits/legal_general_retrieval_eval/corpus/cuad/OTISWORLDWIDECORP_04_03_2020-EX-10.4-INTELLECTUAL PROPERTY AGREEMENT by and among UNITED TECHNOLOGIES CORPORATION, OTIS WORLDWIDE CORPORATION and CARRIER ~1.txt","C:/Users/shimm/Cerebrum-Blocks/block_store/kits/legal_general_retrieval_eval/corpus/cuad/OTISWORLDWIDECORP_04_03_2020-EX-10.4-INTELLECTUAL PROPERTY AGREEMENT by and among UNITED TECHNOLOGIES CORPORATION, OTIS WORLDWIDE CORPORATION and CARRIER ~1.txt",62196,.txt,text/plain,a41c3ff9264b236412e2b9b5cdd0a4d74bfb8b81d4f123b32b6bf391c4b1c325,null,"{""encoding"": ""ascii"", ""sample_lines"": 5}",
legal_general_retrieval_eval,Cerebrum-Blocks/block_store/kits/legal_general_retrieval_eval/corpus/cuad/PacificapEntertainmentHoldingsInc_20051115_8-KA_EX-1.01_4300894_EX-1.01_Content License Agreement.txt,C:/Users/shimm/Cerebrum-Blocks/block_store/kits/legal_general_retrieval_eval/corpus/cuad/PacificapEntertainmentHoldingsInc_20051115_8-KA_EX-1.01_4300894_EX-1.01_Content License Agreement.txt,18142,.txt,text/plain,167674d1478745bdbd7be6c3195f3e0eb3e7d741dfa6ad27c56ab4152f2a9a62,null,"{""encoding"": ""utf-8"", ""sample_lines"": 5}",
legal_general_retrieval_eval,Cerebrum-Blocks/block_store/kits/legal_general_retrieval_eval/corpus/cuad/PACIFICSYSTEMSCONTROLTECHNOLOGYINC_08_24_2000-EX-10.53-SPONSORSHIP AGREEMENT.txt,C:/Users/shimm/Cerebrum-Blocks/block_store/kits/legal_general_retrieval_eval/corpus/cuad/PACIFICSYSTEMSCONTROLTECHNOLOGYINC_08_24_2000-EX-10.53-SPONSORSHIP AGREEMENT.txt,4066,.txt,text/plain,5737af7072e7d2a4600667b0ba69e0068ec69632deaf849d7eece7bfb9fedb2c,null,"{""encoding"": ""ascii"", ""sample_lines"": 5}",
legal_general_retrieval_eval,Cerebrum-Blocks/block_store/kits/legal_general_retrieval_eval/corpus/cuad/PalmerSquareCapitalBdcInc_20200116_10-12GA_EX-10.6_11949289_EX-10.6_Trademark License Agreement.txt,C:/Users/shimm/Cerebrum-Blocks/block_store/kits/legal_general_retrieval_eval/corpus/cuad/PalmerSquareCapitalBdcInc_20200116_10-12GA_EX-10.6_11949289_EX-10.6_Trademark License Agreement.txt,14764,.txt,text/plain,354fd2490b9e3243303d90268452953aa2cf4a0145327cba2969c1d11913c9f4,null,"{""encoding"": ""ascii"", ""sample_lines"": 5}",
legal_general_retrieval_eval,Cerebrum-Blocks/block_store/kits/legal_general_retrieval_eval/corpus/cuad/PANDIONTHERAPEUTICSHOLDCOLLC_05_22_2020-EX-10.17-CONSULTING AGREEMENT.txt,C:/Users/shimm/Cerebrum-Blocks/block_store/kits/legal_general_retrieval_eval/corpus/cuad/PANDIONTHERAPEUTICSHOLDCOLLC_05_22_2020-EX-10.17-CONSULTING AGREEMENT.txt,22730,.txt,text/plain,5369ed2fb8fc914be45608b48bc734c4c5607ac6eb6c3cc9e76c4ad3f41c892f,null,"{""encoding"": ""ascii"", ""sample_lines"": 5}",
legal_general_retrieval_eval,Cerebrum-Blocks/block_store/kits/legal_general_retrieval_eval/corpus/cuad/PapaJohnsInternationalInc_20190617_8-K_EX-10.1_11707365_EX-10.1_Endorsement Agreement.txt,C:/Users/shimm/Cerebrum-Blocks/block_store/kits/legal_general_retrieval_eval/corpus/cuad/PapaJohnsInternationalInc_20190617_8-K_EX-10.1_11707365_EX-10.1_Endorsement Agreement.txt,68204,.txt,text/plain,2fac2af5a9219ca22702929af105a9cb5fbfb2982f3d2a1a73800591a21c72cc,null,"{""encoding"": ""ascii"", ""sample_lines"": 5}",
legal_general_retrieval_eval,Cerebrum-Blocks/block_store/kits/legal_general_retrieval_eval/corpus/cuad/PaperexchangeComInc_20000322_S-1A_EX-10.4_5202103_EX-10.4_Co-Branding Agreement.txt,C:/Users/shimm/Cerebrum-Blocks/block_store/kits/legal_general_retrieval_eval/corpus/cuad/PaperexchangeComInc_20000322_S-1A_EX-10.4_5202103_EX-10.4_Co-Branding Agreement.txt,92875,.txt,text/plain,46183b3468a04e9c11f082a2e51359a1403bb373cc5d0f61e6eaa4306f65a9d5,null,"{""encoding"": ""ascii"", ""sample_lines"": 5}",
legal_general_retrieval_eval,Cerebrum-Blocks/block_store/kits/legal_general_retrieval_eval/corpus/cuad/ParatekPharmaceuticalsInc_20170505_10-KA_EX-10.29_10323872_EX-10.29_Outsourcing Agreement.txt,C:/Users/shimm/Cerebrum-Blocks/block_store/kits/legal_general_retrieval_eval/corpus/cuad/ParatekPharmaceuticalsInc_20170505_10-KA_EX-10.29_10323872_EX-10.29_Outsourcing Agreement.txt,114902,.txt,text/plain,dcd5345df0e45ae2954d2601ceacb0eec003128ec081ff4a8888ad9025f449d3,null,"{""encoding"": ""utf-8"", ""sample_lines"": 5}",
legal_general_retrieval_eval,Cerebrum-Blocks/block_store/kits/legal_general_retrieval_eval/corpus/cuad/PareteumCorp_20081001_8-K_EX-99.1_2654808_EX-99.1_Hosting Agreement.txt,C:/Users/shimm/Cerebrum-Blocks/block_store/kits/legal_general_retrieval_eval/corpus/cuad/PareteumCorp_20081001_8-K_EX-99.1_2654808_EX-99.1_Hosting Agreement.txt,66261,.txt,text/plain,9c66eef9725257be89d3735e03bde9a00c307f60d1668d177cc88b42c35d4edc,null,"{""encoding"": ""utf-8"", ""sample_lines"": 5}",
legal_general_retrieval_eval,"Cerebrum-Blocks/block_store/kits/legal_general_retrieval_eval/corpus/cuad/PAXMEDICA,INC_07_02_2020-EX-10.12-Master Service Agreement.txt","C:/Users/shimm/Cerebrum-Blocks/block_store/kits/legal_general_retrieval_eval/corpus/cuad/PAXMEDICA,INC_07_02_2020-EX-10.12-Master Service Agreement.txt",16792,.txt,text/plain,874eb07ae3632c67eb5eacb3f51e5927d112f8d6e7e0ba3c1a39d9614fb14f45,null,"{""encoding"": ""ascii"", ""sample_lines"": 5}",
legal_general_retrieval_eval,Cerebrum-Blocks/block_store/kits/legal_general_retrieval_eval/corpus/cuad/PcquoteComInc_19990721_S-1A_EX-10.11_6377149_EX-10.11_Co-Branding Agreement1.txt,C:/Users/shimm/Cerebrum-Blocks/block_store/kits/legal_general_retrieval_eval/corpus/cuad/PcquoteComInc_19990721_S-1A_EX-10.11_6377149_EX-10.11_Co-Branding Agreement1.txt,19851,.txt,text/plain,168e88036f475aca607e6652e1737b7ac92c79b17df3c5ae94ce5999d5e1284d,null,"{""encoding"": ""ascii"", ""sample_lines"": 5}",
legal_general_retrieval_eval,Cerebrum-Blocks/block_store/kits/legal_general_retrieval_eval/corpus/cuad/PenntexMidstreamPartnersLp_20150416_S-1A_EX-10.4_9042833_EX-10.4_Transportation Agreement.txt,C:/Users/shimm/Cerebrum-Blocks/block_store/kits/legal_general_retrieval_eval/corpus/cuad/PenntexMidstreamPartnersLp_20150416_S-1A_EX-10.4_9042833_EX-10.4_Transportation Agreement.txt,52022,.txt,text/plain,d06674177f876cf4fc26cc68646a264f2462529ab949abdbe96372468fa7a6de,null,"{""encoding"": ""utf-8"", ""sample_lines"": 5}",
legal_general_retrieval_eval,Cerebrum-Blocks/block_store/kits/legal_general_retrieval_eval/corpus/cuad/PerformanceSportsBrandsInc_20110909_S-1_EX-10.10_7220214_EX-10.10_Endorsement Agreement.txt,C:/Users/shimm/Cerebrum-Blocks/block_store/kits/legal_general_retrieval_eval/corpus/cuad/PerformanceSportsBrandsInc_20110909_S-1_EX-10.10_7220214_EX-10.10_Endorsement Agreement.txt,27168,.txt,text/plain,227ae95e0e331a4ae924dfbba4377a343fe94e9f4c98826dab2a1dd5e2662c34,null,"{""encoding"": ""utf-8"", ""sample_lines"": 5}",
legal_general_retrieval_eval,Cerebrum-Blocks/block_store/kits/legal_general_retrieval_eval/corpus/cuad/PfHospitalityGroupInc_20150923_10-12G_EX-10.1_9266710_EX-10.1_Franchise Agreement1.txt,C:/Users/shimm/Cerebrum-Blocks/block_store/kits/legal_general_retrieval_eval/corpus/cuad/PfHospitalityGroupInc_20150923_10-12G_EX-10.1_9266710_EX-10.1_Franchise Agreement1.txt,152654,.txt,text/plain,3d9aa8e816a1271c5169e51a03dd88439b1278c21ce57cb28b786e22335108e4,null,"{""encoding"": ""utf-8"", ""sample_lines"": 5}",
legal_general_retrieval_eval,Cerebrum-Blocks/block_store/kits/legal_general_retrieval_eval/corpus/cuad/PFSFUNDS_06_26_2020-EX-99.H OTH MAT CONT-SERVICES AGREEMENT.txt,C:/Users/shimm/Cerebrum-Blocks/block_store/kits/legal_general_retrieval_eval/corpus/cuad/PFSFUNDS_06_26_2020-EX-99.H OTH MAT CONT-SERVICES AGREEMENT.txt,15052,.txt,text/plain,5e5547691fe99cd023da22a15b906d7c5d506a416da4902a653efea4900170e4,null,"{""encoding"": ""ascii"", ""sample_lines"": 5}",
legal_general_retrieval_eval,Cerebrum-Blocks/block_store/kits/legal_general_retrieval_eval/corpus/cuad/PharmagenInc_20120803_8-KA_EX-10.1_7693204_EX-10.1_Endorsement Agreement.txt,C:/Users/shimm/Cerebrum-Blocks/block_store/kits/legal_general_retrieval_eval/corpus/cuad/PharmagenInc_20120803_8-KA_EX-10.1_7693204_EX-10.1_Endorsement Agreement.txt,17886,.txt,text/plain,3dab8b717431455fd4ae11ed9b169b2e95336b28702a66c8044d6646771871f1,null,"{""encoding"": ""ascii"", ""sample_lines"": 5}",
legal_general_retrieval_eval,Cerebrum-Blocks/block_store/kits/legal_general_retrieval_eval/corpus/cuad/PhasebioPharmaceuticalsInc_20200330_10-K_EX-10.21_12086810_EX-10.21_Development Agreement.txt,C:/Users/shimm/Cerebrum-Blocks/block_store/kits/legal_general_retrieval_eval/corpus/cuad/PhasebioPharmaceuticalsInc_20200330_10-K_EX-10.21_12086810_EX-10.21_Development Agreement.txt,291903,.txt,text/plain,d21fe55a3227fc7092016602c707544b6d66bbd5686d19402204d1cd92945517,null,"{""encoding"": ""utf-8"", ""sample_lines"": 5}",
legal_general_retrieval_eval,Cerebrum-Blocks/block_store/kits/legal_general_retrieval_eval/corpus/cuad/PHLVARIABLEINSURANCECOCT_08_17_2009-EX-10.1-STRATEGIC ALLIANCE AGREEMENT.txt,C:/Users/shimm/Cerebrum-Blocks/block_store/kits/legal_general_retrieval_eval/corpus/cuad/PHLVARIABLEINSURANCECOCT_08_17_2009-EX-10.1-STRATEGIC ALLIANCE AGREEMENT.txt,100747,.txt,text/plain,d5dd12e27ecccb37f9bd2b6198912ccc7c8954ce8073c8cfaf7259354623ec1f,null,"{""encoding"": ""ascii"", ""sample_lines"": 5}",
legal_general_retrieval_eval,Cerebrum-Blocks/block_store/kits/legal_general_retrieval_eval/corpus/cuad/PhoenixNewMediaLtd_20110421_F-1_EX-10.17_6958322_EX-10.17_Content License Agreement.txt,C:/Users/shimm/Cerebrum-Blocks/block_store/kits/legal_general_retrieval_eval/corpus/cuad/PhoenixNewMediaLtd_20110421_F-1_EX-10.17_6958322_EX-10.17_Content License Agreement.txt,25060,.txt,text/plain,db39d6c284788dfdaa94423b779f5a3f188093bf5398790407de2db4a98d618e,null,"{""encoding"": ""ascii"", ""sample_lines"": 5}",
legal_general_retrieval_eval,Cerebrum-Blocks/block_store/kits/legal_general_retrieval_eval/corpus/cuad/PhotronicsInc_20171219_10-QA_EX-10.28_10982650_EX-10.28_Outsourcing Agreement.txt,C:/Users/shimm/Cerebrum-Blocks/block_store/kits/legal_general_retrieval_eval/corpus/cuad/PhotronicsInc_20171219_10-QA_EX-10.28_10982650_EX-10.28_Outsourcing Agreement.txt,25392,.txt,text/plain,59b0d3dfd4d156a8bd7bb5a9ee77fe3886699636bfd79f7406b734bc7d100257,null,"{""encoding"": ""ascii"", ""sample_lines"": 5}",
legal_general_retrieval_eval,"Cerebrum-Blocks/block_store/kits/legal_general_retrieval_eval/corpus/cuad/PHREESIA,INC_05_28_2019-EX-10.18-STRATEGIC ALLIANCE AGREEMENT.txt","C:/Users/shimm/Cerebrum-Blocks/block_store/kits/legal_general_retrieval_eval/corpus/cuad/PHREESIA,INC_05_28_2019-EX-10.18-STRATEGIC ALLIANCE AGREEMENT.txt",120178,.txt,text/plain,cdfb3869104f6d5ef5250203a5e085f58446e73916ed2aad9a504ac253e8c888,null,"{""encoding"": ""ascii"", ""sample_lines"": 5}",
legal_general_retrieval_eval,Cerebrum-Blocks/block_store/kits/legal_general_retrieval_eval/corpus/cuad/PlayboyEnterprisesInc_20090220_10-QA_EX-10.2_4091580_EX-10.2_Content License Agreement_ Marketing Agreement_ Sales-Purchase Agreement1.txt,C:/Users/shimm/Cerebrum-Blocks/block_store/kits/legal_general_retrieval_eval/corpus/cuad/PlayboyEnterprisesInc_20090220_10-QA_EX-10.2_4091580_EX-10.2_Content License Agreement_ Marketing Agreement_ Sales-Purchase Agreement1.txt,117168,.txt,text/plain,cb53054735cbbd216f4c96ff4ddcb0d36713de751760ee0b97e33c2c76555d21,null,"{""encoding"": ""ascii"", ""sample_lines"": 5}",
legal_general_retrieval_eval,Cerebrum-Blocks/block_store/kits/legal_general_retrieval_eval/corpus/cuad/PrecheckHealthServicesInc_20200320_8-K_EX-99.2_12070169_EX-99.2_Distributor Agreement.txt,C:/Users/shimm/Cerebrum-Blocks/block_store/kits/legal_general_retrieval_eval/corpus/cuad/PrecheckHealthServicesInc_20200320_8-K_EX-99.2_12070169_EX-99.2_Distributor Agreement.txt,6323,.txt,text/plain,beee329d09f6bd58196158ac36e7a86ad2f6a85be51594d77cf766e979c214fc,null,"{""encoding"": ""utf-8"", ""sample_lines"": 5}",
legal_general_retrieval_eval,Cerebrum-Blocks/block_store/kits/legal_general_retrieval_eval/corpus/cuad/PREMIERBIOMEDICALINC_05_14_2020-EX-10.2-INTELLECTUAL PROPERTY AGREEMENT.txt,C:/Users/shimm/Cerebrum-Blocks/block_store/kits/legal_general_retrieval_eval/corpus/cuad/PREMIERBIOMEDICALINC_05_14_2020-EX-10.2-INTELLECTUAL PROPERTY AGREEMENT.txt,23282,.txt,text/plain,e821a32fe4b1f36af17b4a8ad1079b3fe7a6ed1cc2f950bda202bdb5012db13b,null,"{""encoding"": ""ascii"", ""sample_lines"": 5}",
legal_general_retrieval_eval,Cerebrum-Blocks/block_store/kits/legal_general_retrieval_eval/corpus/cuad/PRIMEENERGYRESOURCESCORP_04_02_2007-EX-10.28-COMPLETION AND LIQUIDITY MAINTENANCE AGREEMENT.txt,C:/Users/shimm/Cerebrum-Blocks/block_store/kits/legal_general_retrieval_eval/corpus/cuad/PRIMEENERGYRESOURCESCORP_04_02_2007-EX-10.28-COMPLETION AND LIQUIDITY MAINTENANCE AGREEMENT.txt,5030,.txt,text/plain,050ebe65b872b964ccbcf71874e1514c34651c3dce14040ea9debb5539201bdd,null,"{""encoding"": ""ascii"", ""sample_lines"": 5}",
legal_general_retrieval_eval,Cerebrum-Blocks/block_store/kits/legal_general_retrieval_eval/corpus/cuad/PROFOUNDMEDICALCORP_08_29_2019-EX-4.5-SUPPLY AGREEMENT.txt,C:/Users/shimm/Cerebrum-Blocks/block_store/kits/legal_general_retrieval_eval/corpus/cuad/PROFOUNDMEDICALCORP_08_29_2019-EX-4.5-SUPPLY AGREEMENT.txt,66443,.txt,text/plain,68f39c0d1757881605a0c52e260b86aa0d23de970694a6397cf6654e0881405e,null,"{""encoding"": ""utf-8"", ""sample_lines"": 5}",
legal_general_retrieval_eval,Cerebrum-Blocks/block_store/kits/legal_general_retrieval_eval/corpus/cuad/PROLONGINTERNATIONALCORP_03_23_1998-EX-10.16-SPONSORSHIP AGREEMENT.txt,C:/Users/shimm/Cerebrum-Blocks/block_store/kits/legal_general_retrieval_eval/corpus/cuad/PROLONGINTERNATIONALCORP_03_23_1998-EX-10.16-SPONSORSHIP AGREEMENT.txt,14969,.txt,text/plain,915146be0c3ac1490c0b7ab4a1505301666596e627da0799887a9cfe35a024e3,null,"{""encoding"": ""ascii"", ""sample_lines"": 5}",
legal_general_retrieval_eval,Cerebrum-Blocks/block_store/kits/legal_general_retrieval_eval/corpus/cuad/PrudentialBancorpInc_20170606_8-K_EX-10.4_10474434_EX-10.4_Endorsement Agreement.txt,C:/Users/shimm/Cerebrum-Blocks/block_store/kits/legal_general_retrieval_eval/corpus/cuad/PrudentialBancorpInc_20170606_8-K_EX-10.4_10474434_EX-10.4_Endorsement Agreement.txt,14155,.txt,text/plain,fbd91f8673f9f240dbc62ccfe0665bec3490abb191df5cff64061b4c00ac71f3,null,"{""encoding"": ""ascii"", ""sample_lines"": 5}",
legal_general_retrieval_eval,Cerebrum-Blocks/block_store/kits/legal_general_retrieval_eval/corpus/cuad/QIWI_06_16_2017-EX-99.(D)(2)-COOPERATION AGREEMENT.txt,C:/Users/shimm/Cerebrum-Blocks/block_store/kits/legal_general_retrieval_eval/corpus/cuad/QIWI_06_16_2017-EX-99.(D)(2)-COOPERATION AGREEMENT.txt,26192,.txt,text/plain,7948992d36fcf6b2d27ebd55dbdaeee258e1c035b3825ff954b6e2c55f900848,null,"{""encoding"": ""ascii"", ""sample_lines"": 5}",
legal_general_retrieval_eval,Cerebrum-Blocks/block_store/kits/legal_general_retrieval_eval/corpus/cuad/Quaker Chemical Corporation - NON COMPETITION AND NON SOLICITATION AGREEMENT.txt,C:/Users/shimm/Cerebrum-Blocks/block_store/kits/legal_general_retrieval_eval/corpus/cuad/Quaker Chemical Corporation - NON COMPETITION AND NON SOLICITATION AGREEMENT.txt,22700,.txt,text/plain,c1c3668fe4a3a44599de2e66dc724a948163944c2cd92b73e810e9cfd6ede6ed,null,"{""encoding"": ""ascii"", ""sample_lines"": 5}",
legal_general_retrieval_eval,Cerebrum-Blocks/block_store/kits/legal_general_retrieval_eval/corpus/cuad/QuantumGroupIncFl_20090120_8-K_EX-99.2_3672910_EX-99.2_Hosting Agreement.txt,C:/Users/shimm/Cerebrum-Blocks/block_store/kits/legal_general_retrieval_eval/corpus/cuad/QuantumGroupIncFl_20090120_8-K_EX-99.2_3672910_EX-99.2_Hosting Agreement.txt,116315,.txt,text/plain,6154f6312169e0a13c48463a0b15c9e407ceb4f15bd18de38ebf1ac2f3fcddf8,null,"{""encoding"": ""ascii"", ""sample_lines"": 5}",
legal_general_retrieval_eval,Cerebrum-Blocks/block_store/kits/legal_general_retrieval_eval/corpus/cuad/RaeSystemsInc_20001114_10-Q_EX-10.57_2631790_EX-10.57_Co-Branding Agreement.txt,C:/Users/shimm/Cerebrum-Blocks/block_store/kits/legal_general_retrieval_eval/corpus/cuad/RaeSystemsInc_20001114_10-Q_EX-10.57_2631790_EX-10.57_Co-Branding Agreement.txt,43179,.txt,text/plain,a98e1239e03d1dfb34c31eb10d553e43c43b85a8f17434561de1b05a73654cde,null,"{""encoding"": ""ascii"", ""sample_lines"": 5}",
legal_general_retrieval_eval,Cerebrum-Blocks/block_store/kits/legal_general_retrieval_eval/corpus/cuad/RandWorldwideInc_20010402_8-KA_EX-10.2_2102464_EX-10.2_Co-Branding Agreement.txt,C:/Users/shimm/Cerebrum-Blocks/block_store/kits/legal_general_retrieval_eval/corpus/cuad/RandWorldwideInc_20010402_8-KA_EX-10.2_2102464_EX-10.2_Co-Branding Agreement.txt,48159,.txt,text/plain,d74ebaf7b1969b0cf8eb44f7a0384e3083e9d99b08f38c593fc6fe626c1cc7c4,null,"{""encoding"": ""ascii"", ""sample_lines"": 5}",
legal_general_retrieval_eval,Cerebrum-Blocks/block_store/kits/legal_general_retrieval_eval/corpus/cuad/RangeResourcesLouisianaInc_20150417_8-K_EX-10.5_9045501_EX-10.5_Transportation Agreement.txt,C:/Users/shimm/Cerebrum-Blocks/block_store/kits/legal_general_retrieval_eval/corpus/cuad/RangeResourcesLouisianaInc_20150417_8-K_EX-10.5_9045501_EX-10.5_Transportation Agreement.txt,100309,.txt,text/plain,7fc48e1f66eb87cca6ac67e84e7286fd95f39b7b9f3d70169fa527291595eb1d,null,"{""encoding"": ""utf-8"", ""sample_lines"": 5}",
legal_general_retrieval_eval,Cerebrum-Blocks/block_store/kits/legal_general_retrieval_eval/corpus/cuad/RareElementResourcesLtd_20171019_SC 13D_EX-99.4_10897534_EX-99.4_Intellectual Property Agreement.txt,C:/Users/shimm/Cerebrum-Blocks/block_store/kits/legal_general_retrieval_eval/corpus/cuad/RareElementResourcesLtd_20171019_SC 13D_EX-99.4_10897534_EX-99.4_Intellectual Property Agreement.txt,34462,.txt,text/plain,c8366d11f3a251c8b0341a4c703e8285cef642b2a11a443870ef3cf6d9fa947b,null,"{""encoding"": ""utf-8"", ""sample_lines"": 5}",
legal_general_retrieval_eval,Cerebrum-Blocks/block_store/kits/legal_general_retrieval_eval/corpus/cuad/ReedsInc_20191113_10-Q_EX-10.4_11888303_EX-10.4_Development Agreement.txt,C:/Users/shimm/Cerebrum-Blocks/block_store/kits/legal_general_retrieval_eval/corpus/cuad/ReedsInc_20191113_10-Q_EX-10.4_11888303_EX-10.4_Development Agreement.txt,28343,.txt,text/plain,85f5180bdbec81e0765720a6c2bd0b83587330775e11e65d625d548e51bcf6c2,null,"{""encoding"": ""utf-8"", ""sample_lines"": 5}",
legal_general_retrieval_eval,Cerebrum-Blocks/block_store/kits/legal_general_retrieval_eval/corpus/cuad/REGANHOLDINGCORP_03_31_2008-EX-10-LICENSE AND HOSTING AGREEMENT.txt,C:/Users/shimm/Cerebrum-Blocks/block_store/kits/legal_general_retrieval_eval/corpus/cuad/REGANHOLDINGCORP_03_31_2008-EX-10-LICENSE AND HOSTING AGREEMENT.txt,55889,.txt,text/plain,234a940d6953ff14c4abdde395f83cf0746539c3a006a2bfaa7cbdd80b4baf9e,null,"{""encoding"": ""ascii"", ""sample_lines"": 5}",
legal_general_retrieval_eval,Cerebrum-Blocks/block_store/kits/legal_general_retrieval_eval/corpus/cuad/RemarkHoldingsInc_20081114_10-Q_EX-10.24_2895649_EX-10.24_Content License Agreement.txt,C:/Users/shimm/Cerebrum-Blocks/block_store/kits/legal_general_retrieval_eval/corpus/cuad/RemarkHoldingsInc_20081114_10-Q_EX-10.24_2895649_EX-10.24_Content License Agreement.txt,59109,.txt,text/plain,633730271ed5a6b43ae1f54c01d6760b01d3442f4802679c8dcfa08078e7d937,null,"{""encoding"": ""utf-8"", ""sample_lines"": 5}",
legal_general_retrieval_eval,Cerebrum-Blocks/block_store/kits/legal_general_retrieval_eval/corpus/cuad/RevolutionMedicinesInc_20200117_S-1_EX-10.1_11948417_EX-10.1_Development Agreement.txt,C:/Users/shimm/Cerebrum-Blocks/block_store/kits/legal_general_retrieval_eval/corpus/cuad/RevolutionMedicinesInc_20200117_S-1_EX-10.1_11948417_EX-10.1_Development Agreement.txt,266226,.txt,text/plain,614d80aa5d416949088c7dcad51aab867ed0af1e3ac906ac0060ef7256bcb37a,null,"{""encoding"": ""utf-8"", ""sample_lines"": 5}",
legal_general_retrieval_eval,Cerebrum-Blocks/block_store/kits/legal_general_retrieval_eval/corpus/cuad/REWALKROBOTICSLTD_07_10_2014-EX-10.2-STRATEGIC ALLIANCE AGREEMENT.txt,C:/Users/shimm/Cerebrum-Blocks/block_store/kits/legal_general_retrieval_eval/corpus/cuad/REWALKROBOTICSLTD_07_10_2014-EX-10.2-STRATEGIC ALLIANCE AGREEMENT.txt,14979,.txt,text/plain,ab268b758dc8d77ce5d9e6fa71a399b21bc8c32a4b37a8e60d804ea50f5a34c9,null,"{""encoding"": ""ascii"", ""sample_lines"": 5}",
legal_general_retrieval_eval,Cerebrum-Blocks/block_store/kits/legal_general_retrieval_eval/corpus/cuad/ReynoldsConsumerProductsInc_20191115_S-1_EX-10.18_11896469_EX-10.18_Supply Agreement.txt,C:/Users/shimm/Cerebrum-Blocks/block_store/kits/legal_general_retrieval_eval/corpus/cuad/ReynoldsConsumerProductsInc_20191115_S-1_EX-10.18_11896469_EX-10.18_Supply Agreement.txt,61710,.txt,text/plain,8c63d9a33c82bdae898b8511f7e476205323844dfee40ce52765fc08e2a5f200,null,"{""encoding"": ""ascii"", ""sample_lines"": 5}",
legal_general_retrieval_eval,Cerebrum-Blocks/block_store/kits/legal_general_retrieval_eval/corpus/cuad/ReynoldsConsumerProductsInc_20200121_S-1A_EX-10.22_11948918_EX-10.22_Service Agreement.txt,C:/Users/shimm/Cerebrum-Blocks/block_store/kits/legal_general_retrieval_eval/corpus/cuad/ReynoldsConsumerProductsInc_20200121_S-1A_EX-10.22_11948918_EX-10.22_Service Agreement.txt,113984,.txt,text/plain,0ddc8b40e5ad7b4f6b1a9d2a921cc7ab2e5d4076a4dcd2575b10b59fc2e6f6d2,null,"{""encoding"": ""utf-8"", ""sample_lines"": 5}",
legal_general_retrieval_eval,Cerebrum-Blocks/block_store/kits/legal_general_retrieval_eval/corpus/cuad/RgcResourcesInc_20151216_8-K_EX-10.3_9372751_EX-10.3_Franchise Agreement.txt,C:/Users/shimm/Cerebrum-Blocks/block_store/kits/legal_general_retrieval_eval/corpus/cuad/RgcResourcesInc_20151216_8-K_EX-10.3_9372751_EX-10.3_Franchise Agreement.txt,5171,.txt,text/plain,aa88c412a408f6d57bfabda8476b1eb04f5fab66d0c38beea7d1aba0adb54e00,null,"{""encoding"": ""ascii"", ""sample_lines"": 5}",
legal_general_retrieval_eval,Cerebrum-Blocks/block_store/kits/legal_general_retrieval_eval/corpus/cuad/RISEEDUCATIONCAYMANLTD_04_17_2020-EX-4.23-SERVICE AGREEMENT.txt,C:/Users/shimm/Cerebrum-Blocks/block_store/kits/legal_general_retrieval_eval/corpus/cuad/RISEEDUCATIONCAYMANLTD_04_17_2020-EX-4.23-SERVICE AGREEMENT.txt,16402,.txt,text/plain,4d9af82e13bc95c4459e66c7d19439753237bc89e6e4bf10819aedcc4018534f,null,"{""encoding"": ""utf-8"", ""sample_lines"": 5}",
legal_general_retrieval_eval,Cerebrum-Blocks/block_store/kits/legal_general_retrieval_eval/corpus/cuad/RitterPharmaceuticalsInc_20200313_S-4A_EX-10.54_12055220_EX-10.54_Development Agreement.txt,C:/Users/shimm/Cerebrum-Blocks/block_store/kits/legal_general_retrieval_eval/corpus/cuad/RitterPharmaceuticalsInc_20200313_S-4A_EX-10.54_12055220_EX-10.54_Development Agreement.txt,122908,.txt,text/plain,55591b926b7dd5047ba98179de7513692f1f57241b70e8bdcbd9fca01889b6fb,null,"{""encoding"": ""utf-8"", ""sample_lines"": 5}",
legal_general_retrieval_eval,"Cerebrum-Blocks/block_store/kits/legal_general_retrieval_eval/corpus/cuad/ROCKYMOUNTAINCHOCOLATEFACTORY,INC_12_23_2019-EX-10.2-STRATEGIC ALLIANCE AGREEMENT.txt","C:/Users/shimm/Cerebrum-Blocks/block_store/kits/legal_general_retrieval_eval/corpus/cuad/ROCKYMOUNTAINCHOCOLATEFACTORY,INC_12_23_2019-EX-10.2-STRATEGIC ALLIANCE AGREEMENT.txt",121115,.txt,text/plain,0cf2b9b2c6137425894a54226b39ce8f050eaebde0f9b95bbe1e25af0b119a75,null,"{""encoding"": ""ascii"", ""sample_lines"": 5}",
legal_general_retrieval_eval,Cerebrum-Blocks/block_store/kits/legal_general_retrieval_eval/corpus/cuad/RUBIOSRESTAURANTSINC_03_31_2008-EX-10.75-SPONSORSHIP AGREEMENT.txt,C:/Users/shimm/Cerebrum-Blocks/block_store/kits/legal_general_retrieval_eval/corpus/cuad/RUBIOSRESTAURANTSINC_03_31_2008-EX-10.75-SPONSORSHIP AGREEMENT.txt,37103,.txt,text/plain,4c1e19a2f5bf0491cfb0bd243d5a355827686935a049ba9cdf8e0d0ccbfb88b4,null,"{""encoding"": ""utf-8"", ""sample_lines"": 5}",
legal_general_retrieval_eval,Cerebrum-Blocks/block_store/kits/legal_general_retrieval_eval/corpus/cuad/SANDRIDGEENERGYINC_08_06_2009-EX-10.6-OPERATIONS AND MAINTENANCE AGREEMENT.txt,C:/Users/shimm/Cerebrum-Blocks/block_store/kits/legal_general_retrieval_eval/corpus/cuad/SANDRIDGEENERGYINC_08_06_2009-EX-10.6-OPERATIONS AND MAINTENANCE AGREEMENT.txt,73134,.txt,text/plain,264aba6daf987e09c103aef01f08d38a75cac25738a949a26a6d3fad1ed148c7,null,"{""encoding"": ""utf-8"", ""sample_lines"": 5}",
legal_general_retrieval_eval,Cerebrum-Blocks/block_store/kits/legal_general_retrieval_eval/corpus/cuad/ScansourceInc_20190509_10-Q_EX-10.2_11661422_EX-10.2_Distributor Agreement.txt,C:/Users/shimm/Cerebrum-Blocks/block_store/kits/legal_general_retrieval_eval/corpus/cuad/ScansourceInc_20190509_10-Q_EX-10.2_11661422_EX-10.2_Distributor Agreement.txt,14164,.txt,text/plain,4996dfa734c77a1825fb95e4916c09bd264181e35d455e10717433d1709b2aee,null,"{""encoding"": ""utf-8"", ""sample_lines"": 5}",
legal_general_retrieval_eval,Cerebrum-Blocks/block_store/kits/legal_general_retrieval_eval/corpus/cuad/ScansourceInc_20190822_10-K_EX-10.38_11793958_EX-10.38_Distributor Agreement1.txt,C:/Users/shimm/Cerebrum-Blocks/block_store/kits/legal_general_retrieval_eval/corpus/cuad/ScansourceInc_20190822_10-K_EX-10.38_11793958_EX-10.38_Distributor Agreement1.txt,84406,.txt,text/plain,78d91abf7c1efc2a3a2458c5257d3c6e3fd1ec36154a3342bf253b04f5cababc,null,"{""encoding"": ""utf-8"", ""sample_lines"": 5}",
legal_general_retrieval_eval,Cerebrum-Blocks/block_store/kits/legal_general_retrieval_eval/corpus/cuad/ScansourceInc_20190822_10-K_EX-10.39_11793959_EX-10.39_Distributor Agreement.txt,C:/Users/shimm/Cerebrum-Blocks/block_store/kits/legal_general_retrieval_eval/corpus/cuad/ScansourceInc_20190822_10-K_EX-10.39_11793959_EX-10.39_Distributor Agreement.txt,10893,.txt,text/plain,73c1a2a9f68cdab2e62518200def5559058e20553d14f8dff4a6b7574d516416,null,"{""encoding"": ""utf-8"", ""sample_lines"": 5}",
legal_general_retrieval_eval,Cerebrum-Blocks/block_store/kits/legal_general_retrieval_eval/corpus/cuad/SCOUTCAMINC_05_12_2020-EX-10.22-SERVICES AGREEMENT.txt,C:/Users/shimm/Cerebrum-Blocks/block_store/kits/legal_general_retrieval_eval/corpus/cuad/SCOUTCAMINC_05_12_2020-EX-10.22-SERVICES AGREEMENT.txt,8315,.txt,text/plain,1b5779a8d78732df0ef5604e6d5ea62fef8fab11a25d1945cf9469dc3c6d3f44,null,"{""encoding"": ""ascii"", ""sample_lines"": 5}",
legal_general_retrieval_eval,Cerebrum-Blocks/block_store/kits/legal_general_retrieval_eval/corpus/cuad/SEASPINEHOLDINGSCORP_10_10_2018-EX-10.1-SUPPLY AGREEMENT.txt,C:/Users/shimm/Cerebrum-Blocks/block_store/kits/legal_general_retrieval_eval/corpus/cuad/SEASPINEHOLDINGSCORP_10_10_2018-EX-10.1-SUPPLY AGREEMENT.txt,70898,.txt,text/plain,5657b1ef6001f6f5bee46cfc0165399d42466af1265048c3f816bba1edb624bc,null,"{""encoding"": ""ascii"", ""sample_lines"": 5}",
legal_general_retrieval_eval,Cerebrum-Blocks/block_store/kits/legal_general_retrieval_eval/corpus/cuad/SECURIANFUNDSTRUST_05_01_2012-EX-99.28.H.9-NET INVESTMENT INCOME MAINTENANCE AGREEMENT.txt,C:/Users/shimm/Cerebrum-Blocks/block_store/kits/legal_general_retrieval_eval/corpus/cuad/SECURIANFUNDSTRUST_05_01_2012-EX-99.28.H.9-NET INVESTMENT INCOME MAINTENANCE AGREEMENT.txt,9700,.txt,text/plain,13fb5e17815c0a1a770eade8af0f4395f095599366c3ee40319cca9e982d21ad,null,"{""encoding"": ""ascii"", ""sample_lines"": 5}",
legal_general_retrieval_eval,Cerebrum-Blocks/block_store/kits/legal_general_retrieval_eval/corpus/cuad/SENMIAOTECHNOLOGYLTD_02_19_2019-EX-10.5-Collaboration Agreement.txt,C:/Users/shimm/Cerebrum-Blocks/block_store/kits/legal_general_retrieval_eval/corpus/cuad/SENMIAOTECHNOLOGYLTD_02_19_2019-EX-10.5-Collaboration Agreement.txt,73926,.txt,text/plain,8da2c49973d8fb73e5107a17b76c10c7cbf38fdb97b6235e9ab77446c9c8de0a,null,"{""encoding"": ""utf-8"", ""sample_lines"": 5}",
legal_general_retrieval_eval,Cerebrum-Blocks/block_store/kits/legal_general_retrieval_eval/corpus/cuad/SEPARATEACCOUNTIIOFAGL_05_02_2011-EX-99.(J)(4)-UNCONDITIONAL CAPITAL MAINTENANCE AGREEMENT.txt,C:/Users/shimm/Cerebrum-Blocks/block_store/kits/legal_general_retrieval_eval/corpus/cuad/SEPARATEACCOUNTIIOFAGL_05_02_2011-EX-99.(J)(4)-UNCONDITIONAL CAPITAL MAINTENANCE AGREEMENT.txt,20121,.txt,text/plain,c56352505b46b56b03def5a240fa4bd87d76565de9fee00b59136e6be991176b,null,"{""encoding"": ""utf-8"", ""sample_lines"": 5}",
legal_general_retrieval_eval,Cerebrum-Blocks/block_store/kits/legal_general_retrieval_eval/corpus/cuad/SFGFINANCIALCORP_05_12_2009-EX-10.1-SOFTWARE LICENSE AND MAINTENANCE AGREEMENT.txt,C:/Users/shimm/Cerebrum-Blocks/block_store/kits/legal_general_retrieval_eval/corpus/cuad/SFGFINANCIALCORP_05_12_2009-EX-10.1-SOFTWARE LICENSE AND MAINTENANCE AGREEMENT.txt,51043,.txt,text/plain,cf4e22020c47726a3aeb241d838ae0bc8bc171283f1f881357fd5c5b5767e411,null,"{""encoding"": ""utf-8"", ""sample_lines"": 5}",
legal_general_retrieval_eval,"Cerebrum-Blocks/block_store/kits/legal_general_retrieval_eval/corpus/cuad/SIBANNAC,INC_12_04_2017-EX-2.1-Strategic Alliance Agreement.txt","C:/Users/shimm/Cerebrum-Blocks/block_store/kits/legal_general_retrieval_eval/corpus/cuad/SIBANNAC,INC_12_04_2017-EX-2.1-Strategic Alliance Agreement.txt",8380,.txt,text/plain,c0b6b7a59795c666d653f5bc73bddba2d852fc59c63b93b97d648a8c593c921f,null,"{""encoding"": ""ascii"", ""sample_lines"": 5}",
legal_general_retrieval_eval,Cerebrum-Blocks/block_store/kits/legal_general_retrieval_eval/corpus/cuad/SigaTechnologiesInc_20190603_8-K_EX-10.1_11695818_EX-10.1_Promotion Agreement.txt,C:/Users/shimm/Cerebrum-Blocks/block_store/kits/legal_general_retrieval_eval/corpus/cuad/SigaTechnologiesInc_20190603_8-K_EX-10.1_11695818_EX-10.1_Promotion Agreement.txt,144491,.txt,text/plain,810f6fdd8c93332806735652e91637e49aeaf529c71e50ec111977d08129224f,null,"{""encoding"": ""utf-8"", ""sample_lines"": 5}",
legal_general_retrieval_eval,Cerebrum-Blocks/block_store/kits/legal_general_retrieval_eval/corpus/cuad/SimplicityEsportsGamingCompany_20181130_8-K_EX-10.1_11444071_EX-10.1_Franchise Agreement.txt,C:/Users/shimm/Cerebrum-Blocks/block_store/kits/legal_general_retrieval_eval/corpus/cuad/SimplicityEsportsGamingCompany_20181130_8-K_EX-10.1_11444071_EX-10.1_Franchise Agreement.txt,28531,.txt,text/plain,4e5ebafdd3f0f5b43a304ea01666db6ee39355ddb58155c1c8a8fec3cf37824a,null,"{""encoding"": ""utf-8"", ""sample_lines"": 5}",
legal_general_retrieval_eval,Cerebrum-Blocks/block_store/kits/legal_general_retrieval_eval/corpus/cuad/SLINGERBAGINC_05_27_2020-EX-10.7-CONSULTING AGREEMENT.txt,C:/Users/shimm/Cerebrum-Blocks/block_store/kits/legal_general_retrieval_eval/corpus/cuad/SLINGERBAGINC_05_27_2020-EX-10.7-CONSULTING AGREEMENT.txt,33439,.txt,text/plain,2ab2f2c768a8cd5dab726a17b764a96b49d227350e3a534ae2a1adff914eb38a,null,"{""encoding"": ""utf-8"", ""sample_lines"": 5}",
legal_general_retrieval_eval,Cerebrum-Blocks/block_store/kits/legal_general_retrieval_eval/corpus/cuad/SLOVAKWIRELESSFINANCECOBV_03_28_2001-EX-4.(B)(II).3-Maintenance and support contract for SICAP(R) modules.txt,C:/Users/shimm/Cerebrum-Blocks/block_store/kits/legal_general_retrieval_eval/corpus/cuad/SLOVAKWIRELESSFINANCECOBV_03_28_2001-EX-4.(B)(II).3-Maintenance and support contract for SICAP(R) modules.txt,33577,.txt,text/plain,a02a8b8ce5b8ecf0e5f8cdb5ed8cbdd475452c087348f1d34fa54f97eec54f5a,null,"{""encoding"": ""ascii"", ""sample_lines"": 5}",
legal_general_retrieval_eval,Cerebrum-Blocks/block_store/kits/legal_general_retrieval_eval/corpus/cuad/SmartRxSystemsInc_20180914_1-A_EX1A-6 MAT CTRCT_11351705_EX1A-6 MAT CTRCT_Distributor Agreement.txt,C:/Users/shimm/Cerebrum-Blocks/block_store/kits/legal_general_retrieval_eval/corpus/cuad/SmartRxSystemsInc_20180914_1-A_EX1A-6 MAT CTRCT_11351705_EX1A-6 MAT CTRCT_Distributor Agreement.txt,40002,.txt,text/plain,fc07e63599e78e19f7a225bc4ef1b3e7dc5fd0cf05c7892210b24596b0f2360d,null,"{""encoding"": ""utf-8"", ""sample_lines"": 5}",
legal_general_retrieval_eval,Cerebrum-Blocks/block_store/kits/legal_general_retrieval_eval/corpus/cuad/SMITHELECTRICVEHICLESCORP_04_04_2012-EX-10.26-FLEET MAINTENANCE AGREEMENT.txt,C:/Users/shimm/Cerebrum-Blocks/block_store/kits/legal_general_retrieval_eval/corpus/cuad/SMITHELECTRICVEHICLESCORP_04_04_2012-EX-10.26-FLEET MAINTENANCE AGREEMENT.txt,85969,.txt,text/plain,292f4fdd8046cbbc420982a39675973dd70c9859ee56e68dbd95eb74c53e0da5,null,"{""encoding"": ""ascii"", ""sample_lines"": 5}",
legal_general_retrieval_eval,"Cerebrum-Blocks/block_store/kits/legal_general_retrieval_eval/corpus/cuad/SOLUTIONSVENDINGINTERNATIONAL,INC_03_31_2020-EX1A-1 UNDR AGMT-SERVICES AGREEMENT.txt","C:/Users/shimm/Cerebrum-Blocks/block_store/kits/legal_general_retrieval_eval/corpus/cuad/SOLUTIONSVENDINGINTERNATIONAL,INC_03_31_2020-EX1A-1 UNDR AGMT-SERVICES AGREEMENT.txt",7124,.txt,text/plain,1b7b190b8b9a85de761a9034df7d07a3157afec851b2550c7c176040f958ec57,null,"{""encoding"": ""ascii"", ""sample_lines"": 5}",
legal_general_retrieval_eval,"Cerebrum-Blocks/block_store/kits/legal_general_retrieval_eval/corpus/cuad/Sonos, Inc. - Manufacturing Agreement .txt","C:/Users/shimm/Cerebrum-Blocks/block_store/kits/legal_general_retrieval_eval/corpus/cuad/Sonos, Inc. - Manufacturing Agreement .txt",109227,.txt,text/plain,3d9aff615a747ad43e65e81bd0786d96efcff7bcfde886f5e1363c068bf899c5,null,"{""encoding"": ""ascii"", ""sample_lines"": 5}",
legal_general_retrieval_eval,Cerebrum-Blocks/block_store/kits/legal_general_retrieval_eval/corpus/cuad/SONUSCORP_03_12_1997-EX-10.11-SPONSORSHIP AGREEMENT.txt,C:/Users/shimm/Cerebrum-Blocks/block_store/kits/legal_general_retrieval_eval/corpus/cuad/SONUSCORP_03_12_1997-EX-10.11-SPONSORSHIP AGREEMENT.txt,34903,.txt,text/plain,faa9e354038e87c4e00f17d587da7c2c7d915e7fd6911e9506c6620686ff8221,null,"{""encoding"": ""ascii"", ""sample_lines"": 5}",
legal_general_retrieval_eval,Cerebrum-Blocks/block_store/kits/legal_general_retrieval_eval/corpus/cuad/SoupmanInc_20150814_8-K_EX-10.1_9230148_EX-10.1_Franchise Agreement1.txt,C:/Users/shimm/Cerebrum-Blocks/block_store/kits/legal_general_retrieval_eval/corpus/cuad/SoupmanInc_20150814_8-K_EX-10.1_9230148_EX-10.1_Franchise Agreement1.txt,144235,.txt,text/plain,9009d53b3f1c416872fa6d70cdc98940f7c62f25523b76b3fe231f0e11b3d0dc,null,"{""encoding"": ""ascii"", ""sample_lines"": 5}",
legal_general_retrieval_eval,Cerebrum-Blocks/block_store/kits/legal_general_retrieval_eval/corpus/cuad/SouthernStarEnergyInc_20051202_SB-2A_EX-9_801890_EX-9_Affiliate Agreement.txt,C:/Users/shimm/Cerebrum-Blocks/block_store/kits/legal_general_retrieval_eval/corpus/cuad/SouthernStarEnergyInc_20051202_SB-2A_EX-9_801890_EX-9_Affiliate Agreement.txt,22744,.txt,text/plain,bcfdbdeb43d354d56b4c401db1f80fdd5da4304ec1dc77c3de14fb9c841350fb,null,"{""encoding"": ""utf-8"", ""sample_lines"": 5}",
legal_general_retrieval_eval,Cerebrum-Blocks/block_store/kits/legal_general_retrieval_eval/corpus/cuad/SPARKLINGSPRINGWATERHOLDINGSLTD_07_03_2002-EX-10.13-SOFTWARE LICENSE AND MAINTENANCE AGREEMENT.txt,C:/Users/shimm/Cerebrum-Blocks/block_store/kits/legal_general_retrieval_eval/corpus/cuad/SPARKLINGSPRINGWATERHOLDINGSLTD_07_03_2002-EX-10.13-SOFTWARE LICENSE AND MAINTENANCE AGREEMENT.txt,27714,.txt,text/plain,0c1d630fd900445bbf248da583ad3dd0c5b051a7f96e574c13839efdd7383490,null,"{""encoding"": ""ascii"", ""sample_lines"": 5}",
legal_general_retrieval_eval,Cerebrum-Blocks/block_store/kits/legal_general_retrieval_eval/corpus/cuad/SPHERE3DCORP_06_24_2020-EX-10.12-CONSULTING AGREEMENT.txt,C:/Users/shimm/Cerebrum-Blocks/block_store/kits/legal_general_retrieval_eval/corpus/cuad/SPHERE3DCORP_06_24_2020-EX-10.12-CONSULTING AGREEMENT.txt,12394,.txt,text/plain,4fcfd8db0d74abd10832ecbc5658a6a3b30e5a16a1220a462394ac9eb43b3268,null,"{""encoding"": ""ascii"", ""sample_lines"": 5}",
legal_general_retrieval_eval,"Cerebrum-Blocks/block_store/kits/legal_general_retrieval_eval/corpus/cuad/SPIENERGYCO,LTD_03_09_2011-EX-99.5-OPERATIONS AND MAINTENANCE AGREEMENT.txt","C:/Users/shimm/Cerebrum-Blocks/block_store/kits/legal_general_retrieval_eval/corpus/cuad/SPIENERGYCO,LTD_03_09_2011-EX-99.5-OPERATIONS AND MAINTENANCE AGREEMENT.txt",54180,.txt,text/plain,51d2e78315b1adab437d58922567571704bb637b575c9c730471d0bbc52486e9,null,"{""encoding"": ""utf-8"", ""sample_lines"": 5}",
legal_general_retrieval_eval,"Cerebrum-Blocks/block_store/kits/legal_general_retrieval_eval/corpus/cuad/SPOKHOLDINGS,INC_06_19_2020-EX-10.1-COOPERATION AGREEMENT.txt","C:/Users/shimm/Cerebrum-Blocks/block_store/kits/legal_general_retrieval_eval/corpus/cuad/SPOKHOLDINGS,INC_06_19_2020-EX-10.1-COOPERATION AGREEMENT.txt",17713,.txt,text/plain,a89d914772be939230b36e8203170c5cff90b598ce640e6b11d5d49b191c7c1f,null,"{""encoding"": ""utf-8"", ""sample_lines"": 5}",
legal_general_retrieval_eval,Cerebrum-Blocks/block_store/kits/legal_general_retrieval_eval/corpus/cuad/SPORTHALEYINC_09_29_1997-EX-10.2-10-ENDORSEMENT AGREEMENT.txt,C:/Users/shimm/Cerebrum-Blocks/block_store/kits/legal_general_retrieval_eval/corpus/cuad/SPORTHALEYINC_09_29_1997-EX-10.2-10-ENDORSEMENT AGREEMENT.txt,11930,.txt,text/plain,27265699e9aba675462068dbd984315b19d01aa113780fe27aee1c27912da4e0,null,"{""encoding"": ""ascii"", ""sample_lines"": 5}",
legal_general_retrieval_eval,Cerebrum-Blocks/block_store/kits/legal_general_retrieval_eval/corpus/cuad/StaarSurgicalCompany_20180801_10-Q_EX-10.37_11289449_EX-10.37_Distributor Agreement.txt,C:/Users/shimm/Cerebrum-Blocks/block_store/kits/legal_general_retrieval_eval/corpus/cuad/StaarSurgicalCompany_20180801_10-Q_EX-10.37_11289449_EX-10.37_Distributor Agreement.txt,49760,.txt,text/plain,59c04dd39af6531fd9ac9629ac6ca5172e541a1cd453014c01af4bc459ccfc58,null,"{""encoding"": ""ascii"", ""sample_lines"": 5}",
legal_general_retrieval_eval,Cerebrum-Blocks/block_store/kits/legal_general_retrieval_eval/corpus/cuad/STAMPSCOMINC_06_24_1999-EX-10.18-SPONSORSHIP AGREEMENT.txt,C:/Users/shimm/Cerebrum-Blocks/block_store/kits/legal_general_retrieval_eval/corpus/cuad/STAMPSCOMINC_06_24_1999-EX-10.18-SPONSORSHIP AGREEMENT.txt,40856,.txt,text/plain,9f065ac5ffd4d1c95be4c7e8f97967f77bc5689952f589429095e6a59003416f,null,"{""encoding"": ""ascii"", ""sample_lines"": 5}",
legal_general_retrieval_eval,Cerebrum-Blocks/block_store/kits/legal_general_retrieval_eval/corpus/cuad/StampscomInc_20001114_10-Q_EX-10.47_2631630_EX-10.47_Co-Branding Agreement.txt,C:/Users/shimm/Cerebrum-Blocks/block_store/kits/legal_general_retrieval_eval/corpus/cuad/StampscomInc_20001114_10-Q_EX-10.47_2631630_EX-10.47_Co-Branding Agreement.txt,87014,.txt,text/plain,0fec47f78bf4f1f6a230d495bbb23c91106f96cbb2d53f556c0d7ada09c850fc,null,"{""encoding"": ""ascii"", ""sample_lines"": 5}",
legal_general_retrieval_eval,Cerebrum-Blocks/block_store/kits/legal_general_retrieval_eval/corpus/cuad/STARTECGLOBALCOMMUNICATIONSCORP_11_16_1998-EX-10.30-CONSTRUCTION AND MAINTENANCE AGREEMENT.txt,C:/Users/shimm/Cerebrum-Blocks/block_store/kits/legal_general_retrieval_eval/corpus/cuad/STARTECGLOBALCOMMUNICATIONSCORP_11_16_1998-EX-10.30-CONSTRUCTION AND MAINTENANCE AGREEMENT.txt,116260,.txt,text/plain,cf04de080570e4ba426c11eaba774f54552c9f8f3dfba54f655473b80cbac9da,null,"{""encoding"": ""ascii"", ""sample_lines"": 5}",
legal_general_retrieval_eval,Cerebrum-Blocks/block_store/kits/legal_general_retrieval_eval/corpus/cuad/SteelVaultCorp_20081224_10-K_EX-10.16_3074935_EX-10.16_Affiliate Agreement.txt,C:/Users/shimm/Cerebrum-Blocks/block_store/kits/legal_general_retrieval_eval/corpus/cuad/SteelVaultCorp_20081224_10-K_EX-10.16_3074935_EX-10.16_Affiliate Agreement.txt,18159,.txt,text/plain,93c7b52c2c43487dae56a24e2c14aeec98b1a6bc74866fc0fa18f644edb3d337,null,"{""encoding"": ""utf-8"", ""sample_lines"": 5}",
legal_general_retrieval_eval,Cerebrum-Blocks/block_store/kits/legal_general_retrieval_eval/corpus/cuad/STWRESOURCESHOLDINGCORP_08_06_2014-EX-10.1-COOPERATION AGREEMENT.txt,C:/Users/shimm/Cerebrum-Blocks/block_store/kits/legal_general_retrieval_eval/corpus/cuad/STWRESOURCESHOLDINGCORP_08_06_2014-EX-10.1-COOPERATION AGREEMENT.txt,27725,.txt,text/plain,58356a12396d1fac4b19989fe1b0a9f21f8d1a3243f406fe782d154599d63e64,null,"{""encoding"": ""utf-8"", ""sample_lines"": 5}",
legal_general_retrieval_eval,"Cerebrum-Blocks/block_store/kits/legal_general_retrieval_eval/corpus/cuad/SUCAMPOPHARMACEUTICALS,INC_11_04_2015-EX-10.2-STRATEGIC ALLIANCE AGREEMENT.txt","C:/Users/shimm/Cerebrum-Blocks/block_store/kits/legal_general_retrieval_eval/corpus/cuad/SUCAMPOPHARMACEUTICALS,INC_11_04_2015-EX-10.2-STRATEGIC ALLIANCE AGREEMENT.txt",62585,.txt,text/plain,83c8a5b6a0ee219c184a90eaffec0cf930e7ed80e4f12ce342714bc745115934,null,"{""encoding"": ""utf-8"", ""sample_lines"": 5}",
legal_general_retrieval_eval,Cerebrum-Blocks/block_store/kits/legal_general_retrieval_eval/corpus/cuad/SUMMAFOURINC_06_19_1998-EX-10.3-SOFTWARE LICENSE AND MAINTENANCE AGREEMENT.txt,C:/Users/shimm/Cerebrum-Blocks/block_store/kits/legal_general_retrieval_eval/corpus/cuad/SUMMAFOURINC_06_19_1998-EX-10.3-SOFTWARE LICENSE AND MAINTENANCE AGREEMENT.txt,117803,.txt,text/plain,3281881ac4a95c90e9359a9b9533640c0e9bb0e4b0b699021d42ac85fa8c7db7,null,"{""encoding"": ""ascii"", ""sample_lines"": 5}",
legal_general_retrieval_eval,Cerebrum-Blocks/block_store/kits/legal_general_retrieval_eval/corpus/cuad/SUNTRONCORP_05_17_2006-EX-10.22-MAINTENANCE AGREEMENT.txt,C:/Users/shimm/Cerebrum-Blocks/block_store/kits/legal_general_retrieval_eval/corpus/cuad/SUNTRONCORP_05_17_2006-EX-10.22-MAINTENANCE AGREEMENT.txt,32263,.txt,text/plain,691241b8540fc279c2ee8d72640cbfd5462e32ee7b6d991a7693b82227c88eb6,null,"{""encoding"": ""ascii"", ""sample_lines"": 5}",
legal_general_retrieval_eval,Cerebrum-Blocks/block_store/kits/legal_general_retrieval_eval/corpus/cuad/SYKESHEALTHPLANSERVICESINC_04_24_1998-EX-10.14-OUTSOURCING AGREEMENT.txt,C:/Users/shimm/Cerebrum-Blocks/block_store/kits/legal_general_retrieval_eval/corpus/cuad/SYKESHEALTHPLANSERVICESINC_04_24_1998-EX-10.14-OUTSOURCING AGREEMENT.txt,12852,.txt,text/plain,0188ca707e39631156e62f71ee99a8a49a2183ca562eb0e35a2945167ecb1750,null,"{""encoding"": ""ascii"", ""sample_lines"": 5}",
legal_general_retrieval_eval,Cerebrum-Blocks/block_store/kits/legal_general_retrieval_eval/corpus/cuad/TALCOTTRESOLUTIONLIFEINSURANCECO-SEPARATEACCOUNTTWELVE_04_30_2020-EX-99.8(L)-SERVICE AGREEMENT.txt,C:/Users/shimm/Cerebrum-Blocks/block_store/kits/legal_general_retrieval_eval/corpus/cuad/TALCOTTRESOLUTIONLIFEINSURANCECO-SEPARATEACCOUNTTWELVE_04_30_2020-EX-99.8(L)-SERVICE AGREEMENT.txt,29797,.txt,text/plain,058d89037c36c9dc486680c17a129f00339d791f21f5b7e49ea60517673e8ae9,null,"{""encoding"": ""utf-8"", ""sample_lines"": 5}",
legal_general_retrieval_eval,Cerebrum-Blocks/block_store/kits/legal_general_retrieval_eval/corpus/cuad/TcPipelinesLp_20160226_10-K_EX-99.12_9454048_EX-99.12_Transportation Agreement.txt,C:/Users/shimm/Cerebrum-Blocks/block_store/kits/legal_general_retrieval_eval/corpus/cuad/TcPipelinesLp_20160226_10-K_EX-99.12_9454048_EX-99.12_Transportation Agreement.txt,6088,.txt,text/plain,39457f659c35d463dcf94e4be347bc6772ba5627ba3d48f2968d82e39393f865,null,"{""encoding"": ""ascii"", ""sample_lines"": 5}",
legal_general_retrieval_eval,Cerebrum-Blocks/block_store/kits/legal_general_retrieval_eval/corpus/cuad/TEARDROPGOLFCO_10_23_1996-EX-10.12-ENDORSEMENT AGREEMENT.txt,C:/Users/shimm/Cerebrum-Blocks/block_store/kits/legal_general_retrieval_eval/corpus/cuad/TEARDROPGOLFCO_10_23_1996-EX-10.12-ENDORSEMENT AGREEMENT.txt,26215,.txt,text/plain,3310cdd1e51609025da7bd6bfc11d72087bde2b2bdfdf2b8f371f2e159abf3b2,null,"{""encoding"": ""ascii"", ""sample_lines"": 5}",
legal_general_retrieval_eval,Cerebrum-Blocks/block_store/kits/legal_general_retrieval_eval/corpus/cuad/TELEGLOBEINTERNATIONALHOLDINGSLTD_03_29_2004-EX-10.10-CONSTRUCTION AND MAINTENANCE AGREEMENT.txt,C:/Users/shimm/Cerebrum-Blocks/block_store/kits/legal_general_retrieval_eval/corpus/cuad/TELEGLOBEINTERNATIONALHOLDINGSLTD_03_29_2004-EX-10.10-CONSTRUCTION AND MAINTENANCE AGREEMENT.txt,94266,.txt,text/plain,b86a8e64c553d03a982cc5f149435f29181e309db400ff250ed850599a01b225,null,"{""encoding"": ""ascii"", ""sample_lines"": 5}",
legal_general_retrieval_eval,Cerebrum-Blocks/block_store/kits/legal_general_retrieval_eval/corpus/cuad/TELKOMSALTD_01_30_2003-EX-10-LICENCE AND MAINTENANCE AGREEMENT.txt,C:/Users/shimm/Cerebrum-Blocks/block_store/kits/legal_general_retrieval_eval/corpus/cuad/TELKOMSALTD_01_30_2003-EX-10-LICENCE AND MAINTENANCE AGREEMENT.txt,105748,.txt,text/plain,b06cfa7dd295bc09dd7e7ed8142e79e9a853009d2550c4780a5cc9a514ad6ed9,null,"{""encoding"": ""ascii"", ""sample_lines"": 5}",
legal_general_retrieval_eval,Cerebrum-Blocks/block_store/kits/legal_general_retrieval_eval/corpus/cuad/TheglobeComInc_19990503_S-1A_EX-10.20_5416126_EX-10.20_Co-Branding Agreement.txt,C:/Users/shimm/Cerebrum-Blocks/block_store/kits/legal_general_retrieval_eval/corpus/cuad/TheglobeComInc_19990503_S-1A_EX-10.20_5416126_EX-10.20_Co-Branding Agreement.txt,48004,.txt,text/plain,51b71ecc7fb7756524eec4e5bc2130ef0cbf99352537669e0887836391695392,null,"{""encoding"": ""ascii"", ""sample_lines"": 5}",
legal_general_retrieval_eval,"Cerebrum-Blocks/block_store/kits/legal_general_retrieval_eval/corpus/cuad/THERAVANCEBIOPHARMA,INC_05_08_2020-EX-10.2-SERVICE AGREEMENT.txt","C:/Users/shimm/Cerebrum-Blocks/block_store/kits/legal_general_retrieval_eval/corpus/cuad/THERAVANCEBIOPHARMA,INC_05_08_2020-EX-10.2-SERVICE AGREEMENT.txt",32862,.txt,text/plain,7c2390dde1298f7b6d6640069fd955d5dc762d409802e66e88bee173d8fc6843,null,"{""encoding"": ""utf-8"", ""sample_lines"": 5}",
legal_general_retrieval_eval,Cerebrum-Blocks/block_store/kits/legal_general_retrieval_eval/corpus/cuad/ThriventVariableInsuranceAccountB_20190701_N-6_EX-99.D(IV)_11720968_EX-99.D(IV)_Endorsement Agreement.txt,C:/Users/shimm/Cerebrum-Blocks/block_store/kits/legal_general_retrieval_eval/corpus/cuad/ThriventVariableInsuranceAccountB_20190701_N-6_EX-99.D(IV)_11720968_EX-99.D(IV)_Endorsement Agreement.txt,4871,.txt,text/plain,2a5599674f4e11b15ba23a0a967adf5a0e9a8209f0882d5c7cc01d27a9eb1212,null,"{""encoding"": ""ascii"", ""sample_lines"": 5}",
legal_general_retrieval_eval,Cerebrum-Blocks/block_store/kits/legal_general_retrieval_eval/corpus/cuad/TICKETSCOMINC_06_22_1999-EX-10.22-SPONSORSHIP AGREEMENT.txt,C:/Users/shimm/Cerebrum-Blocks/block_store/kits/legal_general_retrieval_eval/corpus/cuad/TICKETSCOMINC_06_22_1999-EX-10.22-SPONSORSHIP AGREEMENT.txt,8080,.txt,text/plain,4928e56782c0c6c8d589f9ceb019dc418e38b7b324be28f49a20a81b03d1eaa7,null,"{""encoding"": ""ascii"", ""sample_lines"": 5}",
legal_general_retrieval_eval,Cerebrum-Blocks/block_store/kits/legal_general_retrieval_eval/corpus/cuad/TodosMedicalLtd_20190328_20-F_EX-4.10_11587157_EX-4.10_Marketing Agreement_ Reseller Agreement.txt,C:/Users/shimm/Cerebrum-Blocks/block_store/kits/legal_general_retrieval_eval/corpus/cuad/TodosMedicalLtd_20190328_20-F_EX-4.10_11587157_EX-4.10_Marketing Agreement_ Reseller Agreement.txt,32321,.txt,text/plain,3bcd68919d852aef771a652fb959f6774a84cef37a1438c685b8e3cd96b486b9,null,"{""encoding"": ""ascii"", ""sample_lines"": 5}",
legal_general_retrieval_eval,Cerebrum-Blocks/block_store/kits/legal_general_retrieval_eval/corpus/cuad/TomOnlineInc_20060501_20-F_EX-4.46_749700_EX-4.46_Co-Branding Agreement.txt,C:/Users/shimm/Cerebrum-Blocks/block_store/kits/legal_general_retrieval_eval/corpus/cuad/TomOnlineInc_20060501_20-F_EX-4.46_749700_EX-4.46_Co-Branding Agreement.txt,112387,.txt,text/plain,1c475f59db3b10b7165246b64eec22328ace5caec1960723e24d94aeaaf7471e,null,"{""encoding"": ""utf-8"", ""sample_lines"": 5}",
legal_general_retrieval_eval,Cerebrum-Blocks/block_store/kits/legal_general_retrieval_eval/corpus/cuad/TRANSMONTAIGNEPARTNERSLLC_03_13_2020-EX-10.9-SERVICES AGREEMENT.txt,C:/Users/shimm/Cerebrum-Blocks/block_store/kits/legal_general_retrieval_eval/corpus/cuad/TRANSMONTAIGNEPARTNERSLLC_03_13_2020-EX-10.9-SERVICES AGREEMENT.txt,5886,.txt,text/plain,0351a656e287a75d220da655a5ffff90f9cafdf47292478177e2ea7c1662d4fb,null,"{""encoding"": ""ascii"", ""sample_lines"": 5}",
legal_general_retrieval_eval,"Cerebrum-Blocks/block_store/kits/legal_general_retrieval_eval/corpus/cuad/TRANSPHORM,INC_02_14_2020-EX-10.12(1)-JOINT VENTURE AGREEMENT.txt","C:/Users/shimm/Cerebrum-Blocks/block_store/kits/legal_general_retrieval_eval/corpus/cuad/TRANSPHORM,INC_02_14_2020-EX-10.12(1)-JOINT VENTURE AGREEMENT.txt",95198,.txt,text/plain,c24b749849b2bd9c4f668df4f855f715f0e1fd00137ec07ea7cc283f14d58025,null,"{""encoding"": ""utf-8"", ""sample_lines"": 5}",
legal_general_retrieval_eval,Cerebrum-Blocks/block_store/kits/legal_general_retrieval_eval/corpus/cuad/TRICITYBANKSHARESCORP_05_15_1998-EX-10-OUTSOURCING AGREEMENT.txt,C:/Users/shimm/Cerebrum-Blocks/block_store/kits/legal_general_retrieval_eval/corpus/cuad/TRICITYBANKSHARESCORP_05_15_1998-EX-10-OUTSOURCING AGREEMENT.txt,101639,.txt,text/plain,5ace7a03650252f3f2a08d44b3bf4c689d6b9e1bc62a90a455a23bcb4e484b02,null,"{""encoding"": ""ascii"", ""sample_lines"": 5}",
legal_general_retrieval_eval,Cerebrum-Blocks/block_store/kits/legal_general_retrieval_eval/corpus/cuad/TRIZETTOGROUPINC_08_18_1999-EX-10.17-TECHNICAL INFRASTRUCTURE MAINTENANCE AGREEMENT.txt,C:/Users/shimm/Cerebrum-Blocks/block_store/kits/legal_general_retrieval_eval/corpus/cuad/TRIZETTOGROUPINC_08_18_1999-EX-10.17-TECHNICAL INFRASTRUCTURE MAINTENANCE AGREEMENT.txt,17786,.txt,text/plain,36724bd21fa87d101e0450b60f9265c5510d285cfb893f6a72fbe06ed765764b,null,"{""encoding"": ""ascii"", ""sample_lines"": 5}",
legal_general_retrieval_eval,Cerebrum-Blocks/block_store/kits/legal_general_retrieval_eval/corpus/cuad/TRUENORTHENERGYCORP_02_08_2007-EX-10.1-DEVELOPMENT AGREEMENT.txt,C:/Users/shimm/Cerebrum-Blocks/block_store/kits/legal_general_retrieval_eval/corpus/cuad/TRUENORTHENERGYCORP_02_08_2007-EX-10.1-DEVELOPMENT AGREEMENT.txt,43809,.txt,text/plain,37104b954c35b7e787eebe9da39567d4025449a11167072c06e81ab4286eb0c3,null,"{""encoding"": ""utf-8"", ""sample_lines"": 5}",
legal_general_retrieval_eval,Cerebrum-Blocks/block_store/kits/legal_general_retrieval_eval/corpus/cuad/TubeMediaCorp_20060310_8-K_EX-10.1_513921_EX-10.1_Affiliate Agreement.txt,C:/Users/shimm/Cerebrum-Blocks/block_store/kits/legal_general_retrieval_eval/corpus/cuad/TubeMediaCorp_20060310_8-K_EX-10.1_513921_EX-10.1_Affiliate Agreement.txt,69984,.txt,text/plain,920be40f24a6f9ac6cd8a438ef3932ae275589b0433f6a7a55241cf8ea865495,null,"{""encoding"": ""utf-8"", ""sample_lines"": 5}",
legal_general_retrieval_eval,Cerebrum-Blocks/block_store/kits/legal_general_retrieval_eval/corpus/cuad/TUNIUCORP_03_06_2014-EX-10-COOPERATION AGREEMENT.txt,C:/Users/shimm/Cerebrum-Blocks/block_store/kits/legal_general_retrieval_eval/corpus/cuad/TUNIUCORP_03_06_2014-EX-10-COOPERATION AGREEMENT.txt,17917,.txt,text/plain,de64f561a87663b8a6fb9d4be477fd0c0eba01695499870e754f108474440e8d,null,"{""encoding"": ""ascii"", ""sample_lines"": 5}",
legal_general_retrieval_eval,"Cerebrum-Blocks/block_store/kits/legal_general_retrieval_eval/corpus/cuad/TURNKEYCAPITAL,INC_07_20_2017-EX-1.1-Strategic Alliance Agreement.txt","C:/Users/shimm/Cerebrum-Blocks/block_store/kits/legal_general_retrieval_eval/corpus/cuad/TURNKEYCAPITAL,INC_07_20_2017-EX-1.1-Strategic Alliance Agreement.txt",12648,.txt,text/plain,c6d3bd7a840671da319819fad0b8c1cc1545ab83ddcf9016c7ce3aaf2b52c4de,null,"{""encoding"": ""ascii"", ""sample_lines"": 5}",
legal_general_retrieval_eval,Cerebrum-Blocks/block_store/kits/legal_general_retrieval_eval/corpus/cuad/UAGHINC_04_14_2004-EX-10.18-MAINTENANCE AGREEMENT.txt,C:/Users/shimm/Cerebrum-Blocks/block_store/kits/legal_general_retrieval_eval/corpus/cuad/UAGHINC_04_14_2004-EX-10.18-MAINTENANCE AGREEMENT.txt,16823,.txt,text/plain,357149c870e8edc3d56935a44a10fe0ecdd4db2381e3cd1fd72c0eadbe200bde,null,"{""encoding"": ""utf-8"", ""sample_lines"": 5}",
legal_general_retrieval_eval,Cerebrum-Blocks/block_store/kits/legal_general_retrieval_eval/corpus/cuad/ULTRAGENYXPHARMACEUTICALINC_12_23_2013-EX-10.9-SUPPLY AGREEMENT.txt,C:/Users/shimm/Cerebrum-Blocks/block_store/kits/legal_general_retrieval_eval/corpus/cuad/ULTRAGENYXPHARMACEUTICALINC_12_23_2013-EX-10.9-SUPPLY AGREEMENT.txt,14609,.txt,text/plain,17ac5985ac36701f55353d870e6c8ad5686b6e105a82c5b49a033adc70b2d541,null,"{""encoding"": ""utf-8"", ""sample_lines"": 5}",
legal_general_retrieval_eval,Cerebrum-Blocks/block_store/kits/legal_general_retrieval_eval/corpus/cuad/UnionDentalHoldingsInc_20050204_8-KA_EX-10_3345577_EX-10_Affiliate Agreement.txt,C:/Users/shimm/Cerebrum-Blocks/block_store/kits/legal_general_retrieval_eval/corpus/cuad/UnionDentalHoldingsInc_20050204_8-KA_EX-10_3345577_EX-10_Affiliate Agreement.txt,14083,.txt,text/plain,552913b336a816ccd16a4acfdef63791d383dc26b7483b856cc717bf6e7d9cd1,null,"{""encoding"": ""ascii"", ""sample_lines"": 5}",
legal_general_retrieval_eval,Cerebrum-Blocks/block_store/kits/legal_general_retrieval_eval/corpus/cuad/UpjohnInc_20200121_10-12G_EX-2.6_11948692_EX-2.6_Manufacturing Agreement_ Supply Agreement.txt,C:/Users/shimm/Cerebrum-Blocks/block_store/kits/legal_general_retrieval_eval/corpus/cuad/UpjohnInc_20200121_10-12G_EX-2.6_11948692_EX-2.6_Manufacturing Agreement_ Supply Agreement.txt,225639,.txt,text/plain,d89ff42b33c8d92c367ed43c67b9213fbc4ac2df1a489a76cc60992e6ee1b9b1,null,"{""encoding"": ""utf-8"", ""sample_lines"": 5}",
legal_general_retrieval_eval,Cerebrum-Blocks/block_store/kits/legal_general_retrieval_eval/corpus/cuad/URSCORPNEW_03_17_2014-EX-99-COOPERATION AGREEMENT.txt,C:/Users/shimm/Cerebrum-Blocks/block_store/kits/legal_general_retrieval_eval/corpus/cuad/URSCORPNEW_03_17_2014-EX-99-COOPERATION AGREEMENT.txt,37219,.txt,text/plain,07848e3706709597a01cdad14d2ad9269a5840e7364fb8ff62dc03ba75d9203f,null,"{""encoding"": ""utf-8"", ""sample_lines"": 5}",
legal_general_retrieval_eval,Cerebrum-Blocks/block_store/kits/legal_general_retrieval_eval/corpus/cuad/USASYNTHETICFUELCORP_10_21_2010-EX-10.10-STRATEGIC ALLIANCE AGREEMENT.txt,C:/Users/shimm/Cerebrum-Blocks/block_store/kits/legal_general_retrieval_eval/corpus/cuad/USASYNTHETICFUELCORP_10_21_2010-EX-10.10-STRATEGIC ALLIANCE AGREEMENT.txt,52272,.txt,text/plain,0fb8cd828f5c763b777f5eb8d80e5f92c46dbcd65a1cc5b3b911aae1c4ab9974,null,"{""encoding"": ""utf-8"", ""sample_lines"": 5}",
legal_general_retrieval_eval,Cerebrum-Blocks/block_store/kits/legal_general_retrieval_eval/corpus/cuad/UsioInc_20040428_SB-2_EX-10.11_1723988_EX-10.11_Affiliate Agreement 2.txt,C:/Users/shimm/Cerebrum-Blocks/block_store/kits/legal_general_retrieval_eval/corpus/cuad/UsioInc_20040428_SB-2_EX-10.11_1723988_EX-10.11_Affiliate Agreement 2.txt,26115,.txt,text/plain,42ae613e5bb22f1c5684f8215983db7ce2a1ae603db45a4b0d849f8942f9dc91,null,"{""encoding"": ""ascii"", ""sample_lines"": 5}",
legal_general_retrieval_eval,Cerebrum-Blocks/block_store/kits/legal_general_retrieval_eval/corpus/cuad/VALENCETECHNOLOGYINC_02_14_2003-EX-10-JOINT VENTURE CONTRACT.txt,C:/Users/shimm/Cerebrum-Blocks/block_store/kits/legal_general_retrieval_eval/corpus/cuad/VALENCETECHNOLOGYINC_02_14_2003-EX-10-JOINT VENTURE CONTRACT.txt,73698,.txt,text/plain,c1c3c5d87acdce496832abeb85ed860e5379861b9f29744f88c55da16f5c91ac,null,"{""encoding"": ""utf-8"", ""sample_lines"": 5}",
legal_general_retrieval_eval,"Cerebrum-Blocks/block_store/kits/legal_general_retrieval_eval/corpus/cuad/VAPOTHERM, INC. - Manufacturing and Supply Agreement.txt","C:/Users/shimm/Cerebrum-Blocks/block_store/kits/legal_general_retrieval_eval/corpus/cuad/VAPOTHERM, INC. - Manufacturing and Supply Agreement.txt",75632,.txt,text/plain,e584820f6e143596f07de393907f376ef06e23b5d5d1a7a5048e45bd839d5431,null,"{""encoding"": ""ascii"", ""sample_lines"": 5}",
legal_general_retrieval_eval,Cerebrum-Blocks/block_store/kits/legal_general_retrieval_eval/corpus/cuad/VARIABLESEPARATEACCOUNT_04_30_2014-EX-13.C-UNCONDITIONAL CAPITAL MAINTENANCE AGREEMENT.txt,C:/Users/shimm/Cerebrum-Blocks/block_store/kits/legal_general_retrieval_eval/corpus/cuad/VARIABLESEPARATEACCOUNT_04_30_2014-EX-13.C-UNCONDITIONAL CAPITAL MAINTENANCE AGREEMENT.txt,15202,.txt,text/plain,4ec6ade43e623807e2d21951b938a1f46b975b881b4fdee404782d678d3ed5b2,null,"{""encoding"": ""utf-8"", ""sample_lines"": 5}",
legal_general_retrieval_eval,"Cerebrum-Blocks/block_store/kits/legal_general_retrieval_eval/corpus/cuad/VAXCYTE,INC_05_22_2020-EX-10.19-SUPPLY AGREEMENT.txt","C:/Users/shimm/Cerebrum-Blocks/block_store/kits/legal_general_retrieval_eval/corpus/cuad/VAXCYTE,INC_05_22_2020-EX-10.19-SUPPLY AGREEMENT.txt",99700,.txt,text/plain,5aa9d49ff424aa455a94f3d3c9503bc79a3f8bbbbc088cc82a39f76a3ff557b9,null,"{""encoding"": ""utf-8"", ""sample_lines"": 5}",
legal_general_retrieval_eval,"Cerebrum-Blocks/block_store/kits/legal_general_retrieval_eval/corpus/cuad/VEONEER,INC_02_21_2020-EX-10.11-JOINT VENTURE AGREEMENT.txt","C:/Users/shimm/Cerebrum-Blocks/block_store/kits/legal_general_retrieval_eval/corpus/cuad/VEONEER,INC_02_21_2020-EX-10.11-JOINT VENTURE AGREEMENT.txt",8259,.txt,text/plain,c9ab266dd8eeb900805cae1c37539145898f8c58dc6ed13c4b76c438e1bac051,null,"{""encoding"": ""utf-8"", ""sample_lines"": 5}",
legal_general_retrieval_eval,Cerebrum-Blocks/block_store/kits/legal_general_retrieval_eval/corpus/cuad/VERICELCORP_08_06_2019-EX-10.10-SUPPLY AGREEMENT.txt,C:/Users/shimm/Cerebrum-Blocks/block_store/kits/legal_general_retrieval_eval/corpus/cuad/VERICELCORP_08_06_2019-EX-10.10-SUPPLY AGREEMENT.txt,102024,.txt,text/plain,3301e94eda679d32b0a586b4b8d4ab8fb4e26b83dbc102caeee0199da87da802,null,"{""encoding"": ""ascii"", ""sample_lines"": 5}",
legal_general_retrieval_eval,Cerebrum-Blocks/block_store/kits/legal_general_retrieval_eval/corpus/cuad/VerizonAbsLlc_20200123_8-K_EX-10.4_11952335_EX-10.4_Service Agreement.txt,C:/Users/shimm/Cerebrum-Blocks/block_store/kits/legal_general_retrieval_eval/corpus/cuad/VerizonAbsLlc_20200123_8-K_EX-10.4_11952335_EX-10.4_Service Agreement.txt,289660,.txt,text/plain,6ed1f77b684b1c6ebbd6fd986c7717015b4ee44b302173ab69c329e272560c47,null,"{""encoding"": ""utf-8"", ""sample_lines"": 5}",
legal_general_retrieval_eval,Cerebrum-Blocks/block_store/kits/legal_general_retrieval_eval/corpus/cuad/VERSOTECHNOLOGIESINC_12_28_2007-EX-99.3-INTELLECTUAL PROPERTY AGREEMENT.txt,C:/Users/shimm/Cerebrum-Blocks/block_store/kits/legal_general_retrieval_eval/corpus/cuad/VERSOTECHNOLOGIESINC_12_28_2007-EX-99.3-INTELLECTUAL PROPERTY AGREEMENT.txt,5046,.txt,text/plain,6e8bb4c94c61b71c7b1583aabc6bfce2214f398a43577e48bac526a46a9b5f1f,null,"{""encoding"": ""ascii"", ""sample_lines"": 5}",
legal_general_retrieval_eval,Cerebrum-Blocks/block_store/kits/legal_general_retrieval_eval/corpus/cuad/VERTEXENERGYINC_08_14_2014-EX-10.24-OPERATION AND MAINTENANCE AGREEMENT.txt,C:/Users/shimm/Cerebrum-Blocks/block_store/kits/legal_general_retrieval_eval/corpus/cuad/VERTEXENERGYINC_08_14_2014-EX-10.24-OPERATION AND MAINTENANCE AGREEMENT.txt,57259,.txt,text/plain,4b2cb71fad30b513054df0fcbe35d333dfb5b0b2267ff0733589427ad5e7327c,null,"{""encoding"": ""utf-8"", ""sample_lines"": 5}",
legal_general_retrieval_eval,Cerebrum-Blocks/block_store/kits/legal_general_retrieval_eval/corpus/cuad/VertexEnergyInc_20200113_8-K_EX-10.1_11943624_EX-10.1_Marketing Agreement.txt,C:/Users/shimm/Cerebrum-Blocks/block_store/kits/legal_general_retrieval_eval/corpus/cuad/VertexEnergyInc_20200113_8-K_EX-10.1_11943624_EX-10.1_Marketing Agreement.txt,45076,.txt,text/plain,480cfbb8c3b84fd4e2e8bfb0a218b1b20d5c4634dc99a7defbd89c68f933ee88,null,"{""encoding"": ""utf-8"", ""sample_lines"": 5}",
legal_general_retrieval_eval,Cerebrum-Blocks/block_store/kits/legal_general_retrieval_eval/corpus/cuad/VERTICALNETINC_04_01_2002-EX-10.19-MAINTENANCE AND SUPPORT AGREEMENT.txt,C:/Users/shimm/Cerebrum-Blocks/block_store/kits/legal_general_retrieval_eval/corpus/cuad/VERTICALNETINC_04_01_2002-EX-10.19-MAINTENANCE AND SUPPORT AGREEMENT.txt,78033,.txt,text/plain,07ea8cb475970f1bf20abd998524a9e0c4a5b808b7699fd71050287f4863e97f,null,"{""encoding"": ""ascii"", ""sample_lines"": 5}",
legal_general_retrieval_eval,Cerebrum-Blocks/block_store/kits/legal_general_retrieval_eval/corpus/cuad/VgrabCommunicationsInc_20200129_10-K_EX-10.33_11958828_EX-10.33_Development Agreement.txt,C:/Users/shimm/Cerebrum-Blocks/block_store/kits/legal_general_retrieval_eval/corpus/cuad/VgrabCommunicationsInc_20200129_10-K_EX-10.33_11958828_EX-10.33_Development Agreement.txt,14848,.txt,text/plain,7dce71c812ecc7cf1d1b1f366eae70cbd1bebf1c3b3ce3023541cd50577325b2,null,"{""encoding"": ""utf-8"", ""sample_lines"": 5}",
legal_general_retrieval_eval,Cerebrum-Blocks/block_store/kits/legal_general_retrieval_eval/corpus/cuad/VIOLINMEMORYINC_12_12_2012-EX-10.14-SPONSORSHIP AGREEMENT.txt,C:/Users/shimm/Cerebrum-Blocks/block_store/kits/legal_general_retrieval_eval/corpus/cuad/VIOLINMEMORYINC_12_12_2012-EX-10.14-SPONSORSHIP AGREEMENT.txt,53775,.txt,text/plain,58b3868a7d14cb5c3eac5ae11359c4781204a5cdef9d293db096d3776de60b33,null,"{""encoding"": ""utf-8"", ""sample_lines"": 5}",
legal_general_retrieval_eval,"Cerebrum-Blocks/block_store/kits/legal_general_retrieval_eval/corpus/cuad/VIRTUALSCOPICS,INC_11_12_2010-EX-10.1-STRATEGIC ALLIANCE AGREEMENT.txt","C:/Users/shimm/Cerebrum-Blocks/block_store/kits/legal_general_retrieval_eval/corpus/cuad/VIRTUALSCOPICS,INC_11_12_2010-EX-10.1-STRATEGIC ALLIANCE AGREEMENT.txt",46060,.txt,text/plain,a9ccfbb7f803224e5c58009f8fd32250cd2cb2502551cea8f6adfb5be1e69309,null,"{""encoding"": ""utf-8"", ""sample_lines"": 5}",
legal_general_retrieval_eval,Cerebrum-Blocks/block_store/kits/legal_general_retrieval_eval/corpus/cuad/VirtuosoSurgicalInc_20191227_1-A_EX1A-6 MAT CTRCT_11933379_EX1A-6 MAT CTRCT_License Agreement.txt,C:/Users/shimm/Cerebrum-Blocks/block_store/kits/legal_general_retrieval_eval/corpus/cuad/VirtuosoSurgicalInc_20191227_1-A_EX1A-6 MAT CTRCT_11933379_EX1A-6 MAT CTRCT_License Agreement.txt,35902,.txt,text/plain,f430f627738934e99e4ef645a86b95ed73b39f8c586b3c754a56400783256792,null,"{""encoding"": ""ascii"", ""sample_lines"": 5}",
legal_general_retrieval_eval,"Cerebrum-Blocks/block_store/kits/legal_general_retrieval_eval/corpus/cuad/VISIUMTECHNOLOGIES,INC_10_20_2004-EX-10.20-DISTRIBUTOR AGREEMENT.txt","C:/Users/shimm/Cerebrum-Blocks/block_store/kits/legal_general_retrieval_eval/corpus/cuad/VISIUMTECHNOLOGIES,INC_10_20_2004-EX-10.20-DISTRIBUTOR AGREEMENT.txt",49784,.txt,text/plain,cec5f04420ae88b3e5efd45a814f83d161cae9765f95a3b06404a81266f85caa,null,"{""encoding"": ""ascii"", ""sample_lines"": 5}",
legal_general_retrieval_eval,Cerebrum-Blocks/block_store/kits/legal_general_retrieval_eval/corpus/cuad/VitalibisInc_20180316_8-K_EX-10.2_11100168_EX-10.2_Hosting Agreement.txt,C:/Users/shimm/Cerebrum-Blocks/block_store/kits/legal_general_retrieval_eval/corpus/cuad/VitalibisInc_20180316_8-K_EX-10.2_11100168_EX-10.2_Hosting Agreement.txt,46221,.txt,text/plain,7863e8bf7aaff7ae207d0864a7a7066e1b7ad6a309117538ee2db1d9b4137bbb,null,"{""encoding"": ""utf-8"", ""sample_lines"": 5}",
legal_general_retrieval_eval,Cerebrum-Blocks/block_store/kits/legal_general_retrieval_eval/corpus/cuad/VITAMINSHOPPECOMINC_09_13_1999-EX-10.26-SPONSORSHIP AGREEMENT.txt,C:/Users/shimm/Cerebrum-Blocks/block_store/kits/legal_general_retrieval_eval/corpus/cuad/VITAMINSHOPPECOMINC_09_13_1999-EX-10.26-SPONSORSHIP AGREEMENT.txt,88105,.txt,text/plain,0df2116cdf74ca2842b3ae8fe77864e2bb350d05d9dc1d967485a95833402ad5,null,"{""encoding"": ""ascii"", ""sample_lines"": 5}",
legal_general_retrieval_eval,"Cerebrum-Blocks/block_store/kits/legal_general_retrieval_eval/corpus/cuad/VIVINT SOLAR, INC. - NON-COMPETITION AGREEMENT.txt","C:/Users/shimm/Cerebrum-Blocks/block_store/kits/legal_general_retrieval_eval/corpus/cuad/VIVINT SOLAR, INC. - NON-COMPETITION AGREEMENT.txt",3493,.txt,text/plain,fc312da6f40b38046396f30b7ed00ca644ed82d35b5dbe40bb48615e9e837270,null,"{""encoding"": ""ascii"", ""sample_lines"": 5}",
legal_general_retrieval_eval,"Cerebrum-Blocks/block_store/kits/legal_general_retrieval_eval/corpus/cuad/VNUE,INC_07_10_2015-EX-10.1-SPONSORSHIP AGREEMENT.txt","C:/Users/shimm/Cerebrum-Blocks/block_store/kits/legal_general_retrieval_eval/corpus/cuad/VNUE,INC_07_10_2015-EX-10.1-SPONSORSHIP AGREEMENT.txt",20487,.txt,text/plain,e3ce39469d5b67b169af1e3b0164b3457fdbf324855320d8cc5637f9f432a5d1,null,"{""encoding"": ""ascii"", ""sample_lines"": 5}",
legal_general_retrieval_eval,Cerebrum-Blocks/block_store/kits/legal_general_retrieval_eval/corpus/cuad/VnueInc_20150914_8-K_EX-10.1_9259571_EX-10.1_Promotion Agreement.txt,C:/Users/shimm/Cerebrum-Blocks/block_store/kits/legal_general_retrieval_eval/corpus/cuad/VnueInc_20150914_8-K_EX-10.1_9259571_EX-10.1_Promotion Agreement.txt,10553,.txt,text/plain,1cf474e83b78700c764b3d756a6ad0c4720327f851361993144fe2e734144f7d,null,"{""encoding"": ""ascii"", ""sample_lines"": 5}",
legal_general_retrieval_eval,Cerebrum-Blocks/block_store/kits/legal_general_retrieval_eval/corpus/cuad/WARNERCHILCOTTPLC_12_31_2003-EX-4.36-DEVELOPMENT AGREEMENT.txt,C:/Users/shimm/Cerebrum-Blocks/block_store/kits/legal_general_retrieval_eval/corpus/cuad/WARNERCHILCOTTPLC_12_31_2003-EX-4.36-DEVELOPMENT AGREEMENT.txt,29683,.txt,text/plain,041cf1228436df335d70b2c4b6b563780fe5c9f30b20a10e5fee807a669b5f8b,null,"{""encoding"": ""ascii"", ""sample_lines"": 5}",
legal_general_retrieval_eval,Cerebrum-Blocks/block_store/kits/legal_general_retrieval_eval/corpus/cuad/WARNINGMANAGEMENTSERVICESINC_12_10_1999-EX-10-ENDORSEMENT AGREEMENT.txt,C:/Users/shimm/Cerebrum-Blocks/block_store/kits/legal_general_retrieval_eval/corpus/cuad/WARNINGMANAGEMENTSERVICESINC_12_10_1999-EX-10-ENDORSEMENT AGREEMENT.txt,29724,.txt,text/plain,2e450b492547179d245558bc0209d8490ad9f4f152778271f80809784f79995e,null,"{""encoding"": ""ascii"", ""sample_lines"": 5}",
legal_general_retrieval_eval,"Cerebrum-Blocks/block_store/kits/legal_general_retrieval_eval/corpus/cuad/WASTE2ENERGYHOLDINGS,INC_06_03_2010-EX-10.2-STRATEGIC ALLIANCE AGREEMENT.txt","C:/Users/shimm/Cerebrum-Blocks/block_store/kits/legal_general_retrieval_eval/corpus/cuad/WASTE2ENERGYHOLDINGS,INC_06_03_2010-EX-10.2-STRATEGIC ALLIANCE AGREEMENT.txt",40442,.txt,text/plain,bb4490eb87a64beac2445b430f94a57ba78e6ab397dd7535ad29ba3b7c2f3303,null,"{""encoding"": ""ascii"", ""sample_lines"": 5}",
legal_general_retrieval_eval,Cerebrum-Blocks/block_store/kits/legal_general_retrieval_eval/corpus/cuad/WatchitMediaInc_20061201_8-K_EX-10.1_4148672_EX-10.1_Content License Agreement.txt,C:/Users/shimm/Cerebrum-Blocks/block_store/kits/legal_general_retrieval_eval/corpus/cuad/WatchitMediaInc_20061201_8-K_EX-10.1_4148672_EX-10.1_Content License Agreement.txt,2106,.txt,text/plain,953a9b9f91d2ad75c73ba38ab811823b7707bc60c6600e4ed8b2aa8b27949a36,null,"{""encoding"": ""ascii"", ""sample_lines"": 5}",
legal_general_retrieval_eval,Cerebrum-Blocks/block_store/kits/legal_general_retrieval_eval/corpus/cuad/WaterNowInc_20191120_10-Q_EX-10.12_11900227_EX-10.12_Distributor Agreement.txt,C:/Users/shimm/Cerebrum-Blocks/block_store/kits/legal_general_retrieval_eval/corpus/cuad/WaterNowInc_20191120_10-Q_EX-10.12_11900227_EX-10.12_Distributor Agreement.txt,48412,.txt,text/plain,266cfed204be27d671b6ab02ded4106b6c854747a3c46604f4d10614b20fcc06,null,"{""encoding"": ""ascii"", ""sample_lines"": 5}",
legal_general_retrieval_eval,Cerebrum-Blocks/block_store/kits/legal_general_retrieval_eval/corpus/cuad/WEBHELPCOMINC_03_22_2000-EX-10.8-HOSTING AGREEMENT.txt,C:/Users/shimm/Cerebrum-Blocks/block_store/kits/legal_general_retrieval_eval/corpus/cuad/WEBHELPCOMINC_03_22_2000-EX-10.8-HOSTING AGREEMENT.txt,19257,.txt,text/plain,2d4e106b0139dbc3fa27478071905b7edae86ff3d0277c29ebb770a904216e10,null,"{""encoding"": ""utf-8"", ""sample_lines"": 5}",
legal_general_retrieval_eval,Cerebrum-Blocks/block_store/kits/legal_general_retrieval_eval/corpus/cuad/WebmdHealthCorp_20050908_S-1A_EX-10.7_1027007_EX-10.7_Content License Agreement.txt,C:/Users/shimm/Cerebrum-Blocks/block_store/kits/legal_general_retrieval_eval/corpus/cuad/WebmdHealthCorp_20050908_S-1A_EX-10.7_1027007_EX-10.7_Content License Agreement.txt,14993,.txt,text/plain,88644a8e3238de6ed500bae045cdbd4ffc204ee2fa827d3859f56610d2031822,null,"{""encoding"": ""ascii"", ""sample_lines"": 5}",
legal_general_retrieval_eval,Cerebrum-Blocks/block_store/kits/legal_general_retrieval_eval/corpus/cuad/WELLSFARGOMORTGAGEBACKEDSECURITIES2006-6TRUST_05_11_2006-EX-10.3-Yield Maintenance Agreement.txt,C:/Users/shimm/Cerebrum-Blocks/block_store/kits/legal_general_retrieval_eval/corpus/cuad/WELLSFARGOMORTGAGEBACKEDSECURITIES2006-6TRUST_05_11_2006-EX-10.3-Yield Maintenance Agreement.txt,37683,.txt,text/plain,1914db4c36292a45df26e406dce19767f783b0da0ab1de40d0bc1cb2ecad8bc7,null,"{""encoding"": ""utf-8"", ""sample_lines"": 5}",
legal_general_retrieval_eval,Cerebrum-Blocks/block_store/kits/legal_general_retrieval_eval/corpus/cuad/WESTERN COPPER - NON-COMPETITION AGREEMENT.txt,C:/Users/shimm/Cerebrum-Blocks/block_store/kits/legal_general_retrieval_eval/corpus/cuad/WESTERN COPPER - NON-COMPETITION AGREEMENT.txt,16406,.txt,text/plain,d148e0be306beafca1731bbda95efdd7d3fa21be087c5b1a56bdd51b3433f9aa,null,"{""encoding"": ""utf-8"", ""sample_lines"": 5}",
legal_general_retrieval_eval,Cerebrum-Blocks/block_store/kits/legal_general_retrieval_eval/corpus/cuad/WestPharmaceuticalServicesInc_20200116_8-K_EX-10.1_11947529_EX-10.1_Supply Agreement.txt,C:/Users/shimm/Cerebrum-Blocks/block_store/kits/legal_general_retrieval_eval/corpus/cuad/WestPharmaceuticalServicesInc_20200116_8-K_EX-10.1_11947529_EX-10.1_Supply Agreement.txt,82902,.txt,text/plain,7c991c9f55f81fd83a885f40cf89eb81f276897ee3ff068f0b7d689b6f88d495,null,"{""encoding"": ""utf-8"", ""sample_lines"": 5}",
legal_general_retrieval_eval,"Cerebrum-Blocks/block_store/kits/legal_general_retrieval_eval/corpus/cuad/WHITESMOKE,INC_11_08_2011-EX-10.26-PROMOTION AND DISTRIBUTION AGREEMENT.txt","C:/Users/shimm/Cerebrum-Blocks/block_store/kits/legal_general_retrieval_eval/corpus/cuad/WHITESMOKE,INC_11_08_2011-EX-10.26-PROMOTION AND DISTRIBUTION AGREEMENT.txt",70383,.txt,text/plain,8b34af224646d2837b3552c7380dd430403d3665a6141ef0bf5b1088e42fbb9a,null,"{""encoding"": ""ascii"", ""sample_lines"": 5}",
legal_general_retrieval_eval,Cerebrum-Blocks/block_store/kits/legal_general_retrieval_eval/corpus/cuad/WOMENSGOLFUNLIMITEDINC_03_29_2000-EX-10.13-ENDORSEMENT AGREEMENT - Intellectual Property Rights                 Confidentiality and Non-Use Obligations Agreement.txt,C:/Users/shimm/Cerebrum-Blocks/block_store/kits/legal_general_retrieval_eval/corpus/cuad/WOMENSGOLFUNLIMITEDINC_03_29_2000-EX-10.13-ENDORSEMENT AGREEMENT - Intellectual Property Rights                 Confidentiality and Non-Use Obligations Agreement.txt,7042,.txt,text/plain,326b491f5f1079ba35a2f03ae6a9dd9c009668e7e2a8156dedf3bbaf553b1d34,null,"{""encoding"": ""ascii"", ""sample_lines"": 5}",
legal_general_retrieval_eval,Cerebrum-Blocks/block_store/kits/legal_general_retrieval_eval/corpus/cuad/WOMENSGOLFUNLIMITEDINC_03_29_2000-EX-10.13-ENDORSEMENT AGREEMENT.txt,C:/Users/shimm/Cerebrum-Blocks/block_store/kits/legal_general_retrieval_eval/corpus/cuad/WOMENSGOLFUNLIMITEDINC_03_29_2000-EX-10.13-ENDORSEMENT AGREEMENT.txt,32371,.txt,text/plain,4409b6e45aec52486aef45e86a94f12aaa5c36246a131e1d7311585a9d37ad39,null,"{""encoding"": ""ascii"", ""sample_lines"": 5}",
legal_general_retrieval_eval,Cerebrum-Blocks/block_store/kits/legal_general_retrieval_eval/corpus/cuad/WORLDWIDESTRATEGIESINC_11_02_2005-EX-10-RESELLER AGREEMENT.txt,C:/Users/shimm/Cerebrum-Blocks/block_store/kits/legal_general_retrieval_eval/corpus/cuad/WORLDWIDESTRATEGIESINC_11_02_2005-EX-10-RESELLER AGREEMENT.txt,84618,.txt,text/plain,70266f75d5c1e1e2d99f5d3c3035c68d20d81b320dca675616267a4ee793f8eb,null,"{""encoding"": ""ascii"", ""sample_lines"": 5}",
legal_general_retrieval_eval,Cerebrum-Blocks/block_store/kits/legal_general_retrieval_eval/corpus/cuad/WPPPLC_04_30_2020-EX-4.28-SERVICE AGREEMENT.txt,C:/Users/shimm/Cerebrum-Blocks/block_store/kits/legal_general_retrieval_eval/corpus/cuad/WPPPLC_04_30_2020-EX-4.28-SERVICE AGREEMENT.txt,65555,.txt,text/plain,7a5fbb1185c660bdcdcbdb340f92b50048a49f708ba3ab1051b40c700c0a00a6,null,"{""encoding"": ""utf-8"", ""sample_lines"": 5}",
legal_general_retrieval_eval,"Cerebrum-Blocks/block_store/kits/legal_general_retrieval_eval/corpus/cuad/XACCT Technologies, Inc.SUPPORT AND MAINTENANCE AGREEMENT.txt","C:/Users/shimm/Cerebrum-Blocks/block_store/kits/legal_general_retrieval_eval/corpus/cuad/XACCT Technologies, Inc.SUPPORT AND MAINTENANCE AGREEMENT.txt",14193,.txt,text/plain,caf3ed803f22678ad41977cc950225b240d52506d14ad45a3e619f50a4f3fb5b,null,"{""encoding"": ""ascii"", ""sample_lines"": 5}",
legal_general_retrieval_eval,Cerebrum-Blocks/block_store/kits/legal_general_retrieval_eval/corpus/cuad/XENCORINC_10_25_2013-EX-10.24-COLLABORATION AGREEMENT (3).txt,C:/Users/shimm/Cerebrum-Blocks/block_store/kits/legal_general_retrieval_eval/corpus/cuad/XENCORINC_10_25_2013-EX-10.24-COLLABORATION AGREEMENT (3).txt,144489,.txt,text/plain,afa8a94a1c6252861882320a9d28516ea5b4b8a4e0215e9b2213f442a2528540,null,"{""encoding"": ""utf-8"", ""sample_lines"": 5}",
legal_general_retrieval_eval,Cerebrum-Blocks/block_store/kits/legal_general_retrieval_eval/corpus/cuad/XinhuaSportsEntertainmentLtd_20070221_F-1_EX-99.4_645553_EX-99.4_Content License Agreement.txt,C:/Users/shimm/Cerebrum-Blocks/block_store/kits/legal_general_retrieval_eval/corpus/cuad/XinhuaSportsEntertainmentLtd_20070221_F-1_EX-99.4_645553_EX-99.4_Content License Agreement.txt,19128,.txt,text/plain,d20ca7099b4894b290f3e0399f466b78ab1cd297bdfc9b270b80528607dcab51,null,"{""encoding"": ""ascii"", ""sample_lines"": 5}",
legal_general_retrieval_eval,"Cerebrum-Blocks/block_store/kits/legal_general_retrieval_eval/corpus/cuad/XLITECHNOLOGIES,INC_12_02_2015-EX-10.02-STRATEGIC ALLIANCE AGREEMENT.txt","C:/Users/shimm/Cerebrum-Blocks/block_store/kits/legal_general_retrieval_eval/corpus/cuad/XLITECHNOLOGIES,INC_12_02_2015-EX-10.02-STRATEGIC ALLIANCE AGREEMENT.txt",5712,.txt,text/plain,f472689ea796c2becb882fee8be93608f3c2191bae6efb59e164044ec55dc1ee,null,"{""encoding"": ""ascii"", ""sample_lines"": 5}",
legal_general_retrieval_eval,"Cerebrum-Blocks/block_store/kits/legal_general_retrieval_eval/corpus/cuad/XLITECHNOLOGIES,INC_12_11_2015-EX-10.1-Sponsorship Agreement.txt","C:/Users/shimm/Cerebrum-Blocks/block_store/kits/legal_general_retrieval_eval/corpus/cuad/XLITECHNOLOGIES,INC_12_11_2015-EX-10.1-Sponsorship Agreement.txt",18240,.txt,text/plain,8bfbb8ed601688097ffffff9dc9c11bb709e677d2a9fd00ab6f5b5c5daf6f6f5,null,"{""encoding"": ""ascii"", ""sample_lines"": 5}",
legal_general_retrieval_eval,Cerebrum-Blocks/block_store/kits/legal_general_retrieval_eval/corpus/cuad/XpresspaGroupInc_20190401_10-K_EX-10.28_11599457_EX-10.28_Marketing Agreement.txt,C:/Users/shimm/Cerebrum-Blocks/block_store/kits/legal_general_retrieval_eval/corpus/cuad/XpresspaGroupInc_20190401_10-K_EX-10.28_11599457_EX-10.28_Marketing Agreement.txt,52165,.txt,text/plain,92fd854aaedfc9d3cd2b414eedeb115e929352e7f04b12c96066a26043466ddf,null,"{""encoding"": ""utf-8"", ""sample_lines"": 5}",
legal_general_retrieval_eval,Cerebrum-Blocks/block_store/kits/legal_general_retrieval_eval/corpus/cuad/XYBERNAUTCORP_07_12_2002-EX-4-SPONSORSHIP AGREEMENT.txt,C:/Users/shimm/Cerebrum-Blocks/block_store/kits/legal_general_retrieval_eval/corpus/cuad/XYBERNAUTCORP_07_12_2002-EX-4-SPONSORSHIP AGREEMENT.txt,48489,.txt,text/plain,40b817ce4ffa7162f5f8c2ebe5d0149cea8b76b5bd8482ca3a27c73a8bf68d4c,null,"{""encoding"": ""ascii"", ""sample_lines"": 5}",
legal_general_retrieval_eval,Cerebrum-Blocks/block_store/kits/legal_general_retrieval_eval/corpus/cuad/ZEBRATECHNOLOGIESCORP_04_16_2014-EX-10.1-INTELLECTUAL PROPERTY AGREEMENT.txt,C:/Users/shimm/Cerebrum-Blocks/block_store/kits/legal_general_retrieval_eval/corpus/cuad/ZEBRATECHNOLOGIESCORP_04_16_2014-EX-10.1-INTELLECTUAL PROPERTY AGREEMENT.txt,127208,.txt,text/plain,7531749b5e46a8c1523b8469a1d1d629a2447c354f97bb9bf850fe683d530443,null,"{""encoding"": ""utf-8"", ""sample_lines"": 5}",
legal_general_retrieval_eval,Cerebrum-Blocks/block_store/kits/legal_general_retrieval_eval/corpus/cuad/ZogenixInc_20190509_10-Q_EX-10.2_11663313_EX-10.2_Distributor Agreement.txt,C:/Users/shimm/Cerebrum-Blocks/block_store/kits/legal_general_retrieval_eval/corpus/cuad/ZogenixInc_20190509_10-Q_EX-10.2_11663313_EX-10.2_Distributor Agreement.txt,175779,.txt,text/plain,441ffefff8b1ea9ae55dd3e3898c0c2983589431f693fcbbbeebbffa1d90df18,null,"{""encoding"": ""utf-8"", ""sample_lines"": 5}",
legal_general_retrieval_eval,"Cerebrum-Blocks/block_store/kits/legal_general_retrieval_eval/corpus/cuad/Zounds Hearing, Inc. - MANUFACTURING DESIGN MARKETING AGREEMENT.txt","C:/Users/shimm/Cerebrum-Blocks/block_store/kits/legal_general_retrieval_eval/corpus/cuad/Zounds Hearing, Inc. - MANUFACTURING DESIGN MARKETING AGREEMENT.txt",47001,.txt,text/plain,f937d9d8473ea43cf76f0826065fd6af38b08c2ccb46792bcf65de1652719485,null,"{""encoding"": ""ascii"", ""sample_lines"": 5}",
legal_general_retrieval_eval,Cerebrum-Blocks/block_store/kits/legal_general_retrieval_eval/corpus/cuad/ZtoExpressCaymanInc_20160930_F-1_EX-10.10_9752871_EX-10.10_Transportation Agreement.txt,C:/Users/shimm/Cerebrum-Blocks/block_store/kits/legal_general_retrieval_eval/corpus/cuad/ZtoExpressCaymanInc_20160930_F-1_EX-10.10_9752871_EX-10.10_Transportation Agreement.txt,9174,.txt,text/plain,b18c00b398935e7fa82c85f6d21ca06e5db562d29032caa64b901bc74acd6256,null,"{""encoding"": ""ascii"", ""sample_lines"": 5}",
legal_general_retrieval_eval,Cerebrum-Blocks/block_store/kits/legal_general_retrieval_eval/corpus/maud/Acacia_Communications_Cisco_Systems.txt,C:/Users/shimm/Cerebrum-Blocks/block_store/kits/legal_general_retrieval_eval/corpus/maud/Acacia_Communications_Cisco_Systems.txt,332412,.txt,text/plain,4cb4cc02767b7b3a6519f587cb4d7b1b62c0ae79af47419c13afe1c492d1c3ad,null,"{""encoding"": ""UTF-8-SIG"", ""sample_lines"": 5}",
legal_general_retrieval_eval,Cerebrum-Blocks/block_store/kits/legal_general_retrieval_eval/corpus/maud/Acceleron_Pharma_Inc_Merck_Co.txt,C:/Users/shimm/Cerebrum-Blocks/block_store/kits/legal_general_retrieval_eval/corpus/maud/Acceleron_Pharma_Inc_Merck_Co.txt,338780,.txt,text/plain,4bf64918a45faa972f869f6fc7452e3ee39c144327a6138dc15f5325cfa43f19,null,"{""encoding"": ""UTF-8-SIG"", ""sample_lines"": 5}",
legal_general_retrieval_eval,Cerebrum-Blocks/block_store/kits/legal_general_retrieval_eval/corpus/maud/Adamas_Pharmaceuticals_Supernus_Pharmaceuticals.txt,C:/Users/shimm/Cerebrum-Blocks/block_store/kits/legal_general_retrieval_eval/corpus/maud/Adamas_Pharmaceuticals_Supernus_Pharmaceuticals.txt,406146,.txt,text/plain,d0a51047afcf786af36a230bb9316d00161f61c20e067aa413f6d528d6d4f06c,null,"{""encoding"": ""UTF-8-SIG"", ""sample_lines"": 5}",
legal_general_retrieval_eval,"Cerebrum-Blocks/block_store/kits/legal_general_retrieval_eval/corpus/maud/Aegion Corporation_New Mountain Capital, L.L.C..pdf__Aegion Corporation_New Mountain Capital, L.L.C. Amendments No.1 & 2.txt","C:/Users/shimm/Cerebrum-Blocks/block_store/kits/legal_general_retrieval_eval/corpus/maud/Aegion Corporation_New Mountain Capital, L.L.C..pdf__Aegion Corporation_New Mountain Capital, L.L.C. Amendments No.1 & 2.txt",316850,.txt,text/plain,a35752057f67c9aecefdf7be028572ecabb4562512ed48cc64f7355dfec8e07a,null,"{""encoding"": ""UTF-8-SIG"", ""sample_lines"": 5}",
legal_general_retrieval_eval,"Cerebrum-Blocks/block_store/kits/legal_general_retrieval_eval/corpus/maud/Alaska Communications Systems Group, Inc._Investment Group.txt","C:/Users/shimm/Cerebrum-Blocks/block_store/kits/legal_general_retrieval_eval/corpus/maud/Alaska Communications Systems Group, Inc._Investment Group.txt",339759,.txt,text/plain,245a0967275b86869d69bcd9439586ade0527e229e17fa633fbd6a62d18b63ae,null,"{""encoding"": ""UTF-8-SIG"", ""sample_lines"": 5}",
legal_general_retrieval_eval,"Cerebrum-Blocks/block_store/kits/legal_general_retrieval_eval/corpus/maud/Alexion Pharmaceuticals, Inc._AstraZeneca PLC.txt","C:/Users/shimm/Cerebrum-Blocks/block_store/kits/legal_general_retrieval_eval/corpus/maud/Alexion Pharmaceuticals, Inc._AstraZeneca PLC.txt",439312,.txt,text/plain,87bd8a9b35ea3ececa76b9cea7c1eeb2879aa862c1883a338a5570a3ae99a078,null,"{""encoding"": ""UTF-8-SIG"", ""sample_lines"": 5}",
legal_general_retrieval_eval,"Cerebrum-Blocks/block_store/kits/legal_general_retrieval_eval/corpus/maud/Altabancorp_Glacier Bancorp, Inc..txt","C:/Users/shimm/Cerebrum-Blocks/block_store/kits/legal_general_retrieval_eval/corpus/maud/Altabancorp_Glacier Bancorp, Inc..txt",221032,.txt,text/plain,b23df82752e23ca988b278186328078bf4dfbac38e082c545b27bd618ed62fba,null,"{""encoding"": ""UTF-8-SIG"", ""sample_lines"": 5}",
legal_general_retrieval_eval,Cerebrum-Blocks/block_store/kits/legal_general_retrieval_eval/corpus/maud/American_Renal_Associates_Holdings_IRC_Superman_Midco.txt,C:/Users/shimm/Cerebrum-Blocks/block_store/kits/legal_general_retrieval_eval/corpus/maud/American_Renal_Associates_Holdings_IRC_Superman_Midco.txt,335802,.txt,text/plain,51f709f52dd68a378da586779e29c6eee35e3b70410b87865e6a2aa9346e6273,null,"{""encoding"": ""UTF-8-SIG"", ""sample_lines"": 5}",
legal_general_retrieval_eval,Cerebrum-Blocks/block_store/kits/legal_general_retrieval_eval/corpus/maud/Anworth Mortgage Asset Corporation_Ready Capital Corporation.txt,C:/Users/shimm/Cerebrum-Blocks/block_store/kits/legal_general_retrieval_eval/corpus/maud/Anworth Mortgage Asset Corporation_Ready Capital Corporation.txt,503172,.txt,text/plain,221d12c62624d7822392eebc6deb5071c5822ab165aeaf8c295d78740d2cca6a,null,"{""encoding"": ""UTF-8-SIG"", ""sample_lines"": 5}",
legal_general_retrieval_eval,Cerebrum-Blocks/block_store/kits/legal_general_retrieval_eval/corpus/maud/At Home Group Inc._Hellman_Friedman LLC (A&R).txt,C:/Users/shimm/Cerebrum-Blocks/block_store/kits/legal_general_retrieval_eval/corpus/maud/At Home Group Inc._Hellman_Friedman LLC (A&R).txt,317590,.txt,text/plain,1598dde813cf4edeb621ff8eb562c19eb110d8164685e2be1f6caffab33dcacb,null,"{""encoding"": ""UTF-8-SIG"", ""sample_lines"": 5}",
legal_general_retrieval_eval,"Cerebrum-Blocks/block_store/kits/legal_general_retrieval_eval/corpus/maud/Bank of Commerce Holdings_Columbia Banking System, Inc..txt","C:/Users/shimm/Cerebrum-Blocks/block_store/kits/legal_general_retrieval_eval/corpus/maud/Bank of Commerce Holdings_Columbia Banking System, Inc..txt",261137,.txt,text/plain,39e427ae5a36d611f9e27e5575e6766a6515e7bde3b2bf403e800abb24c84a43,null,"{""encoding"": ""UTF-8-SIG"", ""sample_lines"": 5}",
legal_general_retrieval_eval,"Cerebrum-Blocks/block_store/kits/legal_general_retrieval_eval/corpus/maud/BioTelemetry, Inc._Koninklijke Philips N.V..txt","C:/Users/shimm/Cerebrum-Blocks/block_store/kits/legal_general_retrieval_eval/corpus/maud/BioTelemetry, Inc._Koninklijke Philips N.V..txt",311742,.txt,text/plain,90ecf6ebf92a3c19aea73283a7f198a3c6f427cc70b87b51b13ec7ba0d0df5ac,null,"{""encoding"": ""UTF-8-SIG"", ""sample_lines"": 5}",
legal_general_retrieval_eval,"Cerebrum-Blocks/block_store/kits/legal_general_retrieval_eval/corpus/maud/Boingo Wireless, Inc._Digital Colony Partners, LP.txt","C:/Users/shimm/Cerebrum-Blocks/block_store/kits/legal_general_retrieval_eval/corpus/maud/Boingo Wireless, Inc._Digital Colony Partners, LP.txt",363533,.txt,text/plain,375502f7e8122bbac5cc202a0e81e2b1f72e716fbd338ed34ddbd2d13950e5e4,null,"{""encoding"": ""UTF-8-SIG"", ""sample_lines"": 5}",
legal_general_retrieval_eval,"Cerebrum-Blocks/block_store/kits/legal_general_retrieval_eval/corpus/maud/Boston Private Financial Holdings, Inc._SVB Financial Group.txt","C:/Users/shimm/Cerebrum-Blocks/block_store/kits/legal_general_retrieval_eval/corpus/maud/Boston Private Financial Holdings, Inc._SVB Financial Group.txt",307669,.txt,text/plain,026af6330efe076f516d1c9ce083ba9b244035de95b2f853b8150fe0477568a1,null,"{""encoding"": ""UTF-8-SIG"", ""sample_lines"": 5}",
legal_general_retrieval_eval,Cerebrum-Blocks/block_store/kits/legal_general_retrieval_eval/corpus/maud/Bryn Mawr Bank Corporation_WSFS Financial Corporation.txt,C:/Users/shimm/Cerebrum-Blocks/block_store/kits/legal_general_retrieval_eval/corpus/maud/Bryn Mawr Bank Corporation_WSFS Financial Corporation.txt,325544,.txt,text/plain,1e88c9795d6730eb050565b10fb6e81321822fec998d56fb8377796c98e772ac,null,"{""encoding"": ""UTF-8-SIG"", ""sample_lines"": 5}",
legal_general_retrieval_eval,Cerebrum-Blocks/block_store/kits/legal_general_retrieval_eval/corpus/maud/Cadence Bancorporation_BancorpSouth Bank.pdf__Cadence_Bancorporation_BancorpSouth_Bank_Amendment No.1.txt,C:/Users/shimm/Cerebrum-Blocks/block_store/kits/legal_general_retrieval_eval/corpus/maud/Cadence Bancorporation_BancorpSouth Bank.pdf__Cadence_Bancorporation_BancorpSouth_Bank_Amendment No.1.txt,322658,.txt,text/plain,29560a50722f875d8a4d735663cdf8aef28778790f50d3a8b4f87f4d5732d964,null,"{""encoding"": ""UTF-8-SIG"", ""sample_lines"": 5}",
legal_general_retrieval_eval,"Cerebrum-Blocks/block_store/kits/legal_general_retrieval_eval/corpus/maud/CAI International, Inc._Mitsubishi HC Capital Inc..txt","C:/Users/shimm/Cerebrum-Blocks/block_store/kits/legal_general_retrieval_eval/corpus/maud/CAI International, Inc._Mitsubishi HC Capital Inc..txt",292408,.txt,text/plain,78e54db373b1c4e890228b37809ec7d9f927f88d05dcb74ec63776c9e8df6df9,null,"{""encoding"": ""UTF-8-SIG"", ""sample_lines"": 5}",
legal_general_retrieval_eval,Cerebrum-Blocks/block_store/kits/legal_general_retrieval_eval/corpus/maud/Cantel Medical Corp._STERIS plc.pdf__Cantel Medical Corp._STERIS plc. Amendment No. 1.txt,C:/Users/shimm/Cerebrum-Blocks/block_store/kits/legal_general_retrieval_eval/corpus/maud/Cantel Medical Corp._STERIS plc.pdf__Cantel Medical Corp._STERIS plc. Amendment No. 1.txt,385317,.txt,text/plain,4fe3c2f1aa4f545c29a075f4cb70108ecae4fd02810a63cbd247f1f369161a91,null,"{""encoding"": ""UTF-8-SIG"", ""sample_lines"": 5}",
legal_general_retrieval_eval,Cerebrum-Blocks/block_store/kits/legal_general_retrieval_eval/corpus/maud/Capstead_Mortgage_Corp_Benefit_Street_Partners.pdf__Capstead_Mortgage_Corp_Benefit_Street_Partners_Amendment No.1.txt,C:/Users/shimm/Cerebrum-Blocks/block_store/kits/legal_general_retrieval_eval/corpus/maud/Capstead_Mortgage_Corp_Benefit_Street_Partners.pdf__Capstead_Mortgage_Corp_Benefit_Street_Partners_Amendment No.1.txt,425579,.txt,text/plain,f9abab132b2bd69c71ed14e12a24fbc8d73e772fcdc7c5df814a7f9acc5c94a9,null,"{""encoding"": ""UTF-8-SIG"", ""sample_lines"": 5}",
legal_general_retrieval_eval,"Cerebrum-Blocks/block_store/kits/legal_general_retrieval_eval/corpus/maud/Century Bancorp, Inc._Eastern Bankshares, Inc..txt","C:/Users/shimm/Cerebrum-Blocks/block_store/kits/legal_general_retrieval_eval/corpus/maud/Century Bancorp, Inc._Eastern Bankshares, Inc..txt",241640,.txt,text/plain,a7faee765c5169d52f9e8fea062279a645e7066731026edc04e7911ccd3e8ff1,null,"{""encoding"": ""UTF-8-SIG"", ""sample_lines"": 5}",
legal_general_retrieval_eval,Cerebrum-Blocks/block_store/kits/legal_general_retrieval_eval/corpus/maud/Change Healthcare Inc._UnitedHealth Group Incorporated.txt,C:/Users/shimm/Cerebrum-Blocks/block_store/kits/legal_general_retrieval_eval/corpus/maud/Change Healthcare Inc._UnitedHealth Group Incorporated.txt,347112,.txt,text/plain,ed8fad8cfcbc5d1c0c2c9970830a4a468398b6419e74f143451b81c95269b554,null,"{""encoding"": ""UTF-8-SIG"", ""sample_lines"": 5}",
legal_general_retrieval_eval,"Cerebrum-Blocks/block_store/kits/legal_general_retrieval_eval/corpus/maud/Chiasma, Inc._Amryt Pharma plc.txt","C:/Users/shimm/Cerebrum-Blocks/block_store/kits/legal_general_retrieval_eval/corpus/maud/Chiasma, Inc._Amryt Pharma plc.txt",403857,.txt,text/plain,fed5e67f3703ee5873fe35762972d945166847987fefd0284c36a1822efb5abd,null,"{""encoding"": ""UTF-8-SIG"", ""sample_lines"": 5}",
legal_general_retrieval_eval,Cerebrum-Blocks/block_store/kits/legal_general_retrieval_eval/corpus/maud/Cimarex Energy Co._Cabot Oil & Gas Corporation.pdf__Cimarex_Energy_Co_Cabot_Oil_Gas_Corporation_Amendment No.1.txt,C:/Users/shimm/Cerebrum-Blocks/block_store/kits/legal_general_retrieval_eval/corpus/maud/Cimarex Energy Co._Cabot Oil & Gas Corporation.pdf__Cimarex_Energy_Co_Cabot_Oil_Gas_Corporation_Amendment No.1.txt,458757,.txt,text/plain,5147eb47583af5e51ab48f924519e4c87005131c6cde6e4e83f3a75b1c8af046,null,"{""encoding"": ""UTF-8-SIG"", ""sample_lines"": 5}",
legal_general_retrieval_eval,Cerebrum-Blocks/block_store/kits/legal_general_retrieval_eval/corpus/maud/Cincinnati Bell Inc._Macquarie Infrastructure and Real Assets.txt,C:/Users/shimm/Cerebrum-Blocks/block_store/kits/legal_general_retrieval_eval/corpus/maud/Cincinnati Bell Inc._Macquarie Infrastructure and Real Assets.txt,314116,.txt,text/plain,5118d4e31bdbcfe4c9406b2fa8596d17a6092c3403e7b7e72419e5070e8f0f4a,null,"{""encoding"": ""UTF-8-SIG"", ""sample_lines"": 5}",
legal_general_retrieval_eval,"Cerebrum-Blocks/block_store/kits/legal_general_retrieval_eval/corpus/maud/CIT Group Inc._First Citizens BancShares, Inc..txt","C:/Users/shimm/Cerebrum-Blocks/block_store/kits/legal_general_retrieval_eval/corpus/maud/CIT Group Inc._First Citizens BancShares, Inc..txt",359498,.txt,text/plain,91c9c7ddedb67d0f92949903d0b171dc71b2f1716f97f0c80ef2ae303fd497aa,null,"{""encoding"": ""UTF-8-SIG"", ""sample_lines"": 5}",
legal_general_retrieval_eval,"Cerebrum-Blocks/block_store/kits/legal_general_retrieval_eval/corpus/maud/Cloudera, Inc._Investment Group.txt","C:/Users/shimm/Cerebrum-Blocks/block_store/kits/legal_general_retrieval_eval/corpus/maud/Cloudera, Inc._Investment Group.txt",373531,.txt,text/plain,11fc4da8ac856eb24e4cdb068fe862befaec83247187f2a4945844a8c1d67868,null,"{""encoding"": ""UTF-8-SIG"", ""sample_lines"": 5}",
legal_general_retrieval_eval,"Cerebrum-Blocks/block_store/kits/legal_general_retrieval_eval/corpus/maud/Coherent, Inc._II-VI Incorporated.txt","C:/Users/shimm/Cerebrum-Blocks/block_store/kits/legal_general_retrieval_eval/corpus/maud/Coherent, Inc._II-VI Incorporated.txt",496862,.txt,text/plain,b0dbbc0f213f04d96c329ddebb4f7b07a8a50b2aaa733830e8e24645f96acf0b,null,"{""encoding"": ""UTF-8-SIG"", ""sample_lines"": 5}",
legal_general_retrieval_eval,"Cerebrum-Blocks/block_store/kits/legal_general_retrieval_eval/corpus/maud/Collectors Universe, Inc._Investment Group.txt","C:/Users/shimm/Cerebrum-Blocks/block_store/kits/legal_general_retrieval_eval/corpus/maud/Collectors Universe, Inc._Investment Group.txt",356417,.txt,text/plain,b69c020256e64f72da98214db460b0bdfadc41cc13bb3d5f40c72120ef8080c1,null,"{""encoding"": ""UTF-8-SIG"", ""sample_lines"": 5}",
legal_general_retrieval_eval,Cerebrum-Blocks/block_store/kits/legal_general_retrieval_eval/corpus/maud/Columbia_Property_Pacific_Investment_Management.txt,C:/Users/shimm/Cerebrum-Blocks/block_store/kits/legal_general_retrieval_eval/corpus/maud/Columbia_Property_Pacific_Investment_Management.txt,326776,.txt,text/plain,29810b09966051af48a1c49a817a4d3646ce421eadd6d27f9e817eccd31e334e,null,"{""encoding"": ""UTF-8-SIG"", ""sample_lines"": 5}",
legal_general_retrieval_eval,"Cerebrum-Blocks/block_store/kits/legal_general_retrieval_eval/corpus/maud/Community Bankers Trust Corporation_United Bankshares, Inc..txt","C:/Users/shimm/Cerebrum-Blocks/block_store/kits/legal_general_retrieval_eval/corpus/maud/Community Bankers Trust Corporation_United Bankshares, Inc..txt",261676,.txt,text/plain,67f1e353c04151fd847a866305528b0fafeebe8a416a755a4ef8ce638616133a,null,"{""encoding"": ""UTF-8-SIG"", ""sample_lines"": 5}",
legal_general_retrieval_eval,Cerebrum-Blocks/block_store/kits/legal_general_retrieval_eval/corpus/maud/Concho Resources Inc._ConocoPhillips.txt,C:/Users/shimm/Cerebrum-Blocks/block_store/kits/legal_general_retrieval_eval/corpus/maud/Concho Resources Inc._ConocoPhillips.txt,363952,.txt,text/plain,263cad3e71c33d035ffe1a78f7a5ba73c78c76835ca069b683d3dd845eb25e79,null,"{""encoding"": ""UTF-8-SIG"", ""sample_lines"": 5}",
legal_general_retrieval_eval,"Cerebrum-Blocks/block_store/kits/legal_general_retrieval_eval/corpus/maud/Constellation Pharmaceuticals, Inc._MorphoSys AG.txt","C:/Users/shimm/Cerebrum-Blocks/block_store/kits/legal_general_retrieval_eval/corpus/maud/Constellation Pharmaceuticals, Inc._MorphoSys AG.txt",263371,.txt,text/plain,9ea7ad18d3db6e5e3904af0320802a9363a75a2edeb784aaa6c795352c70a049,null,"{""encoding"": ""UTF-8-SIG"", ""sample_lines"": 5}",
legal_general_retrieval_eval,Cerebrum-Blocks/block_store/kits/legal_general_retrieval_eval/corpus/maud/Contango_Oil_&_Gas_KKR_&_Co.txt,C:/Users/shimm/Cerebrum-Blocks/block_store/kits/legal_general_retrieval_eval/corpus/maud/Contango_Oil_&_Gas_KKR_&_Co.txt,1013485,.txt,text/plain,4edc30a193b5b61d464406c2ad12406d33e218828c340d027414020f99305df7,null,"{""encoding"": ""UTF-8-SIG"", ""sample_lines"": 5}",
legal_general_retrieval_eval,Cerebrum-Blocks/block_store/kits/legal_general_retrieval_eval/corpus/maud/Cooper Tire _ Rubber Company_The Goodyear Tire _ Rubber Company.txt,C:/Users/shimm/Cerebrum-Blocks/block_store/kits/legal_general_retrieval_eval/corpus/maud/Cooper Tire _ Rubber Company_The Goodyear Tire _ Rubber Company.txt,393967,.txt,text/plain,04b126ab6ddeb40f40ed143c5b86b30e5355d298f68d1397b50a69c6c7718032,null,"{""encoding"": ""UTF-8-SIG"", ""sample_lines"": 5}",
legal_general_retrieval_eval,"Cerebrum-Blocks/block_store/kits/legal_general_retrieval_eval/corpus/maud/Core-Mark Holding Company, Inc._Performance Food Group Company.txt","C:/Users/shimm/Cerebrum-Blocks/block_store/kits/legal_general_retrieval_eval/corpus/maud/Core-Mark Holding Company, Inc._Performance Food Group Company.txt",354094,.txt,text/plain,f37e3556313f49aaf84a1f40a08b3dc93e5799d5271ce99bcac0b5ee8de9f7a8,null,"{""encoding"": ""UTF-8-SIG"", ""sample_lines"": 5}",
legal_general_retrieval_eval,"Cerebrum-Blocks/block_store/kits/legal_general_retrieval_eval/corpus/maud/CoreLogic, Inc._Investment Group.txt","C:/Users/shimm/Cerebrum-Blocks/block_store/kits/legal_general_retrieval_eval/corpus/maud/CoreLogic, Inc._Investment Group.txt",326384,.txt,text/plain,35513af6cca8d31ca8c06f1a9180464eb9c062733548fed4796a685382d3035f,null,"{""encoding"": ""UTF-8-SIG"", ""sample_lines"": 5}",
legal_general_retrieval_eval,Cerebrum-Blocks/block_store/kits/legal_general_retrieval_eval/corpus/maud/CoreSite_Realty_Corporation_American_Tower_Corporation.txt,C:/Users/shimm/Cerebrum-Blocks/block_store/kits/legal_general_retrieval_eval/corpus/maud/CoreSite_Realty_Corporation_American_Tower_Corporation.txt,344969,.txt,text/plain,36cc8da99e225ccb39f383191be1cd44fab3b1cbf803b452ae2a4384996c2b04,null,"{""encoding"": ""mac_iceland"", ""sample_lines"": 5}",
legal_general_retrieval_eval,Cerebrum-Blocks/block_store/kits/legal_general_retrieval_eval/corpus/maud/Cornerstone_OnDemand_Clearlake_Capital_Group_L_P.txt,C:/Users/shimm/Cerebrum-Blocks/block_store/kits/legal_general_retrieval_eval/corpus/maud/Cornerstone_OnDemand_Clearlake_Capital_Group_L_P.txt,420654,.txt,text/plain,0bcebd9a3778bf8dcdeb42174d1cf3bd60ee49d96478a7e9380f0beafb9d4d3d,null,"{""encoding"": ""UTF-8-SIG"", ""sample_lines"": 5}",
legal_general_retrieval_eval,"Cerebrum-Blocks/block_store/kits/legal_general_retrieval_eval/corpus/maud/County Bancorp, Inc._Nicolet Bankshares, Inc..txt","C:/Users/shimm/Cerebrum-Blocks/block_store/kits/legal_general_retrieval_eval/corpus/maud/County Bancorp, Inc._Nicolet Bankshares, Inc..txt",293520,.txt,text/plain,edb02229ceeb70619145f0d278b95edf1756cd71aef9bdd8cf07d17036993d58,null,"{""encoding"": ""UTF-8-SIG"", ""sample_lines"": 5}",
legal_general_retrieval_eval,Cerebrum-Blocks/block_store/kits/legal_general_retrieval_eval/corpus/maud/Covanta_Holding_Corporation_EQT_Holdings_AB.txt,C:/Users/shimm/Cerebrum-Blocks/block_store/kits/legal_general_retrieval_eval/corpus/maud/Covanta_Holding_Corporation_EQT_Holdings_AB.txt,330753,.txt,text/plain,82cf39e5dff34c66a6494a7c0ee52d936de7749813c19dd94a7b077f607764e5,null,"{""encoding"": ""UTF-8-SIG"", ""sample_lines"": 5}",
legal_general_retrieval_eval,Cerebrum-Blocks/block_store/kits/legal_general_retrieval_eval/corpus/maud/Cubic Corporation_Investment Group.pdf__Cubic_Corporation_Investment_Group_Amendment No.1.txt,C:/Users/shimm/Cerebrum-Blocks/block_store/kits/legal_general_retrieval_eval/corpus/maud/Cubic Corporation_Investment Group.pdf__Cubic_Corporation_Investment_Group_Amendment No.1.txt,402118,.txt,text/plain,2b8e5a24c30e16936e79d6b830fada6cd07d37e3cb5e26f23ef014549d91d5b2,null,"{""encoding"": ""UTF-8-SIG"", ""sample_lines"": 5}",
legal_general_retrieval_eval,Cerebrum-Blocks/block_store/kits/legal_general_retrieval_eval/corpus/maud/Dicerna_Pharmaceuticals_Inc_Novo_Nordisk_A_S.txt,C:/Users/shimm/Cerebrum-Blocks/block_store/kits/legal_general_retrieval_eval/corpus/maud/Dicerna_Pharmaceuticals_Inc_Novo_Nordisk_A_S.txt,253130,.txt,text/plain,653a1d3f1b5ab03da2359e9fc4bada6afd4459ba6e568a4c047d81bb998a7f1d,null,"{""encoding"": ""UTF-8-SIG"", ""sample_lines"": 5}",
legal_general_retrieval_eval,"Cerebrum-Blocks/block_store/kits/legal_general_retrieval_eval/corpus/maud/Dime Community Bancshares, Inc._Bridge Bancorp, Inc..txt","C:/Users/shimm/Cerebrum-Blocks/block_store/kits/legal_general_retrieval_eval/corpus/maud/Dime Community Bancshares, Inc._Bridge Bancorp, Inc..txt",476179,.txt,text/plain,2b079517b71f86f7757f63a0dec1858e185659daf0954ee9fe37d179cea17281,null,"{""encoding"": ""UTF-8-SIG"", ""sample_lines"": 5}",
legal_general_retrieval_eval,Cerebrum-Blocks/block_store/kits/legal_general_retrieval_eval/corpus/maud/Domtar Corporation_Paper Excellence Canada Group.txt,C:/Users/shimm/Cerebrum-Blocks/block_store/kits/legal_general_retrieval_eval/corpus/maud/Domtar Corporation_Paper Excellence Canada Group.txt,351764,.txt,text/plain,8da5a8211f65e64f555f36d15047c480f4bcf0ed51994913f464b0d9cd3c3764,null,"{""encoding"": ""UTF-8-SIG"", ""sample_lines"": 5}",
legal_general_retrieval_eval,Cerebrum-Blocks/block_store/kits/legal_general_retrieval_eval/corpus/maud/DSP_Group_Synaptics_Incorporated.txt,C:/Users/shimm/Cerebrum-Blocks/block_store/kits/legal_general_retrieval_eval/corpus/maud/DSP_Group_Synaptics_Incorporated.txt,388489,.txt,text/plain,abf0623806041f7f4d5fe58090fb4c0dd623dd987263f2ef9a33e4a3aeae6f90,null,"{""encoding"": ""UTF-8-SIG"", ""sample_lines"": 5}",
legal_general_retrieval_eval,Cerebrum-Blocks/block_store/kits/legal_general_retrieval_eval/corpus/maud/Eaton Vance Corp._Morgan Stanley.txt,C:/Users/shimm/Cerebrum-Blocks/block_store/kits/legal_general_retrieval_eval/corpus/maud/Eaton Vance Corp._Morgan Stanley.txt,442390,.txt,text/plain,375496c034e75c9135cda052f0df4f3e2b889200da8af44f477cb3b0cf29aae4,null,"{""encoding"": ""UTF-8-SIG"", ""sample_lines"": 5}",
legal_general_retrieval_eval,Cerebrum-Blocks/block_store/kits/legal_general_retrieval_eval/corpus/maud/Echo_Global_Logistics_The_Jordan_Company_L_P.txt,C:/Users/shimm/Cerebrum-Blocks/block_store/kits/legal_general_retrieval_eval/corpus/maud/Echo_Global_Logistics_The_Jordan_Company_L_P.txt,266852,.txt,text/plain,43e36bcc29ed77ea0de1c2e2bedcb03523a9fdd850ff7009bf34838818c8f035,null,"{""encoding"": ""UTF-8-SIG"", ""sample_lines"": 5}",
legal_general_retrieval_eval,"Cerebrum-Blocks/block_store/kits/legal_general_retrieval_eval/corpus/maud/Eidos Therapeutics, Inc._BridgeBio Pharma, Inc..txt","C:/Users/shimm/Cerebrum-Blocks/block_store/kits/legal_general_retrieval_eval/corpus/maud/Eidos Therapeutics, Inc._BridgeBio Pharma, Inc..txt",335527,.txt,text/plain,a4fbfd35cfb62c874b280e9c35b994458918389aa4a5c8f51f9d58a91468063d,null,"{""encoding"": ""UTF-8-SIG"", ""sample_lines"": 5}",
legal_general_retrieval_eval,"Cerebrum-Blocks/block_store/kits/legal_general_retrieval_eval/corpus/maud/Endurance International Group Holdings, Inc._Clearlake Capital Group, L.P..txt","C:/Users/shimm/Cerebrum-Blocks/block_store/kits/legal_general_retrieval_eval/corpus/maud/Endurance International Group Holdings, Inc._Clearlake Capital Group, L.P..txt",335928,.txt,text/plain,7cdd47430365bb5ddf1152f6f44a5ed43db95757735ce224492250328e31b157,null,"{""encoding"": ""UTF-8-SIG"", ""sample_lines"": 5}",
legal_general_retrieval_eval,"Cerebrum-Blocks/block_store/kits/legal_general_retrieval_eval/corpus/maud/Extended Stay America, Inc._Investment Group.pdf__Extended Stay America, Inc._Investment Group Amendment No. 1.txt","C:/Users/shimm/Cerebrum-Blocks/block_store/kits/legal_general_retrieval_eval/corpus/maud/Extended Stay America, Inc._Investment Group.pdf__Extended Stay America, Inc._Investment Group Amendment No. 1.txt",383402,.txt,text/plain,7f7c8fa0d9fcbe7237b5857630bfc42ca39c22d1ad3b72c18f8f0cd5138cf309,null,"{""encoding"": ""UTF-8-SIG"", ""sample_lines"": 5}",
legal_general_retrieval_eval,"Cerebrum-Blocks/block_store/kits/legal_general_retrieval_eval/corpus/maud/Extraction Oil _ Gas, Inc._Bonanza Creek Energy, Inc..pdf__Extraction Oil Gas, Inc. Bonanza Creek Energy Amendment No.1.txt","C:/Users/shimm/Cerebrum-Blocks/block_store/kits/legal_general_retrieval_eval/corpus/maud/Extraction Oil _ Gas, Inc._Bonanza Creek Energy, Inc..pdf__Extraction Oil Gas, Inc. Bonanza Creek Energy Amendment No.1.txt",439442,.txt,text/plain,427291bb399de869538b5c53fb726ad8b7073c3f7bb63815845d3f60ff6c117c,null,"{""encoding"": ""UTF-8-SIG"", ""sample_lines"": 5}",
legal_general_retrieval_eval,Cerebrum-Blocks/block_store/kits/legal_general_retrieval_eval/corpus/maud/Ferro Corporation_American Securities LLC.txt,C:/Users/shimm/Cerebrum-Blocks/block_store/kits/legal_general_retrieval_eval/corpus/maud/Ferro Corporation_American Securities LLC.txt,360105,.txt,text/plain,c3e0087d8030fe8972bf9d8d8a631c8b7ac02606a3d57b112105ee508591a182,null,"{""encoding"": ""UTF-8-SIG"", ""sample_lines"": 5}",
legal_general_retrieval_eval,Cerebrum-Blocks/block_store/kits/legal_general_retrieval_eval/corpus/maud/First Choice Bancorp_Enterprise Financial Services Corp.txt,C:/Users/shimm/Cerebrum-Blocks/block_store/kits/legal_general_retrieval_eval/corpus/maud/First Choice Bancorp_Enterprise Financial Services Corp.txt,415831,.txt,text/plain,6b1dcf4aec8ae7f979237b9529099c0496f03fb1446da9a3885f64dd0953800e,null,"{""encoding"": ""UTF-8-SIG"", ""sample_lines"": 5}",
legal_general_retrieval_eval,"Cerebrum-Blocks/block_store/kits/legal_general_retrieval_eval/corpus/maud/Five Prime Therapeutics, Inc._Amgen Inc..txt","C:/Users/shimm/Cerebrum-Blocks/block_store/kits/legal_general_retrieval_eval/corpus/maud/Five Prime Therapeutics, Inc._Amgen Inc..txt",261151,.txt,text/plain,9bfe15ff886b184d2f9d503b42e9d0d327837906958524a1d42ad9d9b7453e73,null,"{""encoding"": ""UTF-8-SIG"", ""sample_lines"": 5}",
legal_general_retrieval_eval,"Cerebrum-Blocks/block_store/kits/legal_general_retrieval_eval/corpus/maud/Flagstar Bancorp, Inc._New York Community Bancorp, Inc..txt","C:/Users/shimm/Cerebrum-Blocks/block_store/kits/legal_general_retrieval_eval/corpus/maud/Flagstar Bancorp, Inc._New York Community Bancorp, Inc..txt",349200,.txt,text/plain,b088db2bcd8b4b7caef226865ffcfd9b34f883246dc8734f00488af696f786f4,null,"{""encoding"": ""UTF-8-SIG"", ""sample_lines"": 5}",
legal_general_retrieval_eval,Cerebrum-Blocks/block_store/kits/legal_general_retrieval_eval/corpus/maud/Flexion_Therapeutics_Pacira_BioSciences.txt,C:/Users/shimm/Cerebrum-Blocks/block_store/kits/legal_general_retrieval_eval/corpus/maud/Flexion_Therapeutics_Pacira_BioSciences.txt,433081,.txt,text/plain,24bc001974463f2f6ac0b26f100d0554605a30759fd5003f9362626db4922c18,null,"{""encoding"": ""UTF-8-SIG"", ""sample_lines"": 5}",
legal_general_retrieval_eval,"Cerebrum-Blocks/block_store/kits/legal_general_retrieval_eval/corpus/maud/FLIR Systems, Inc._Teledyne Technologies Incorporated.txt","C:/Users/shimm/Cerebrum-Blocks/block_store/kits/legal_general_retrieval_eval/corpus/maud/FLIR Systems, Inc._Teledyne Technologies Incorporated.txt",351802,.txt,text/plain,7f6082795d14a57ef8554292e1f0d2708e32bc51d059f1845fa17eb1450c0d74,null,"{""encoding"": ""UTF-8-SIG"", ""sample_lines"": 5}",
legal_general_retrieval_eval,"Cerebrum-Blocks/block_store/kits/legal_general_retrieval_eval/corpus/maud/Forterra, Inc._Quikrete Holdings, Inc..txt","C:/Users/shimm/Cerebrum-Blocks/block_store/kits/legal_general_retrieval_eval/corpus/maud/Forterra, Inc._Quikrete Holdings, Inc..txt",288830,.txt,text/plain,463468a3751b780631e9179f3448ea5c470f994119d3c2c66e58ff5a6d26aa0b,null,"{""encoding"": ""UTF-8-SIG"", ""sample_lines"": 5}",
legal_general_retrieval_eval,"Cerebrum-Blocks/block_store/kits/legal_general_retrieval_eval/corpus/maud/Foundation Building Materials, Inc._American Securities LLC.txt","C:/Users/shimm/Cerebrum-Blocks/block_store/kits/legal_general_retrieval_eval/corpus/maud/Foundation Building Materials, Inc._American Securities LLC.txt",239239,.txt,text/plain,17217da851ac6c6ea2e82dfe14273c20a915229b9fc174665fb822bc84dba36e,null,"{""encoding"": ""UTF-8-SIG"", ""sample_lines"": 5}",
legal_general_retrieval_eval,Cerebrum-Blocks/block_store/kits/legal_general_retrieval_eval/corpus/maud/Front Yard Residential Corporation_Investment Group.pdf__Front Yard Residential Corporation Investment Group Amendment No. 1.txt,C:/Users/shimm/Cerebrum-Blocks/block_store/kits/legal_general_retrieval_eval/corpus/maud/Front Yard Residential Corporation_Investment Group.pdf__Front Yard Residential Corporation Investment Group Amendment No. 1.txt,347156,.txt,text/plain,b8e5fe9314b16d8eb3c64592ca1d1d763e18bdaf78dc3551cf7f742ceb23677c,null,"{""encoding"": ""UTF-8-SIG"", ""sample_lines"": 5}",
legal_general_retrieval_eval,"Cerebrum-Blocks/block_store/kits/legal_general_retrieval_eval/corpus/maud/General Finance Corporation_United Rentals, Inc..txt","C:/Users/shimm/Cerebrum-Blocks/block_store/kits/legal_general_retrieval_eval/corpus/maud/General Finance Corporation_United Rentals, Inc..txt",301260,.txt,text/plain,ac3de239c6b176fd84b8f79fb8685c74a61f604eeca0431b8dd1433fcb1ef9f5,null,"{""encoding"": ""UTF-8-SIG"", ""sample_lines"": 5}",
legal_general_retrieval_eval,"Cerebrum-Blocks/block_store/kits/legal_general_retrieval_eval/corpus/maud/GenMark Diagnostics, Inc._Roche Holding Ltd.txt","C:/Users/shimm/Cerebrum-Blocks/block_store/kits/legal_general_retrieval_eval/corpus/maud/GenMark Diagnostics, Inc._Roche Holding Ltd.txt",324928,.txt,text/plain,89141158c1ed54687304893676993702b7df56182f83caea8f932e79b56dbe1b,null,"{""encoding"": ""UTF-8-SIG"", ""sample_lines"": 5}",
legal_general_retrieval_eval,Cerebrum-Blocks/block_store/kits/legal_general_retrieval_eval/corpus/maud/Glu Mobile Inc._Electronic Arts Inc..txt,C:/Users/shimm/Cerebrum-Blocks/block_store/kits/legal_general_retrieval_eval/corpus/maud/Glu Mobile Inc._Electronic Arts Inc..txt,298221,.txt,text/plain,508526fa8fd98c6c8f97018bc6600fd0eafaffedaaae5bd2af9ca399f6b60c32,null,"{""encoding"": ""UTF-8-SIG"", ""sample_lines"": 5}",
legal_general_retrieval_eval,Cerebrum-Blocks/block_store/kits/legal_general_retrieval_eval/corpus/maud/Goodrich_Petroleum_Corporation_EnCap_Investments_L_P.txt,C:/Users/shimm/Cerebrum-Blocks/block_store/kits/legal_general_retrieval_eval/corpus/maud/Goodrich_Petroleum_Corporation_EnCap_Investments_L_P.txt,267704,.txt,text/plain,a69d0ce0b50721735240db608f0f464dace264822e19c4cf7c6b269479c3fbc7,null,"{""encoding"": ""UTF-8-SIG"", ""sample_lines"": 5}",
legal_general_retrieval_eval,Cerebrum-Blocks/block_store/kits/legal_general_retrieval_eval/corpus/maud/GP_Strategies_Corp_Learning_Technologies_Group.txt,C:/Users/shimm/Cerebrum-Blocks/block_store/kits/legal_general_retrieval_eval/corpus/maud/GP_Strategies_Corp_Learning_Technologies_Group.txt,327824,.txt,text/plain,e63604e7fff300f5c605e2cb5a5ffab1605700ae0ebe1984cfb14f669122611c,null,"{""encoding"": ""UTF-8-SIG"", ""sample_lines"": 5}",
legal_general_retrieval_eval,Cerebrum-Blocks/block_store/kits/legal_general_retrieval_eval/corpus/maud/Grubhub Inc._Just Eat Takeaway.com N.V..pdf__Grubhub Inc._Just Eat Takeaway.com N.V..Amendment No. 1&2.txt,C:/Users/shimm/Cerebrum-Blocks/block_store/kits/legal_general_retrieval_eval/corpus/maud/Grubhub Inc._Just Eat Takeaway.com N.V..pdf__Grubhub Inc._Just Eat Takeaway.com N.V..Amendment No. 1&2.txt,448483,.txt,text/plain,3f42e7b1ddf23f5a850a198b81956eb8b1b6554cf9356465646e36f03164b3f1,null,"{""encoding"": ""UTF-8-SIG"", ""sample_lines"": 5}",
legal_general_retrieval_eval,"Cerebrum-Blocks/block_store/kits/legal_general_retrieval_eval/corpus/maud/HighPoint Resources Corporation_Bonanza Creek Energy, Inc..pdf__HighPoint Resources Corporation_Bonanza Creek Energy, Inc. Amendment No. 1.txt","C:/Users/shimm/Cerebrum-Blocks/block_store/kits/legal_general_retrieval_eval/corpus/maud/HighPoint Resources Corporation_Bonanza Creek Energy, Inc..pdf__HighPoint Resources Corporation_Bonanza Creek Energy, Inc. Amendment No. 1.txt",791879,.txt,text/plain,91466097cc1b007a10bb496125514bb48180cfa15908643685ffded23c75627c,null,"{""encoding"": ""UTF-8-SIG"", ""sample_lines"": 5}",
legal_general_retrieval_eval,Cerebrum-Blocks/block_store/kits/legal_general_retrieval_eval/corpus/maud/Hill_Rom_Holdings~Baxter_International_Inc.txt,C:/Users/shimm/Cerebrum-Blocks/block_store/kits/legal_general_retrieval_eval/corpus/maud/Hill_Rom_Holdings~Baxter_International_Inc.txt,327937,.txt,text/plain,2392c7f98fd2031068b66986594c594e6319fe534163d9997645f899a5fd06b5,null,"{""encoding"": ""UTF-8-SIG"", ""sample_lines"": 5}",
legal_general_retrieval_eval,Cerebrum-Blocks/block_store/kits/legal_general_retrieval_eval/corpus/maud/HMS Holdings Corp._Veritas Capital.txt,C:/Users/shimm/Cerebrum-Blocks/block_store/kits/legal_general_retrieval_eval/corpus/maud/HMS Holdings Corp._Veritas Capital.txt,300677,.txt,text/plain,d055191eac19294942bfd8aee8d0baa534f830e454831e4138204a164465cca5,null,"{""encoding"": ""UTF-8-SIG"", ""sample_lines"": 5}",
legal_general_retrieval_eval,Cerebrum-Blocks/block_store/kits/legal_general_retrieval_eval/corpus/maud/Iconix_Brand_Group_Lancer Capital.txt,C:/Users/shimm/Cerebrum-Blocks/block_store/kits/legal_general_retrieval_eval/corpus/maud/Iconix_Brand_Group_Lancer Capital.txt,342655,.txt,text/plain,797d2c3e7ced2c78e56e58cd471de98e4923e69bc61730e58cf98e194f768b7d,null,"{""encoding"": ""UTF-8-SIG"", ""sample_lines"": 5}",
legal_general_retrieval_eval,Cerebrum-Blocks/block_store/kits/legal_general_retrieval_eval/corpus/maud/IEC_Electronics_Corp_Lindsay_Goldberg_LLC.txt,C:/Users/shimm/Cerebrum-Blocks/block_store/kits/legal_general_retrieval_eval/corpus/maud/IEC_Electronics_Corp_Lindsay_Goldberg_LLC.txt,397842,.txt,text/plain,0c80307ee300169347e8896f7408242361a4d161e435a68e86b4da1028a67379,null,"{""encoding"": ""UTF-8-SIG"", ""sample_lines"": 5}",
legal_general_retrieval_eval,Cerebrum-Blocks/block_store/kits/legal_general_retrieval_eval/corpus/maud/Inovalon_Holdings_Management_Led_Buyout.txt,C:/Users/shimm/Cerebrum-Blocks/block_store/kits/legal_general_retrieval_eval/corpus/maud/Inovalon_Holdings_Management_Led_Buyout.txt,319792,.txt,text/plain,dbffa9bb2017f3d0fea46d06ceddb98d0aca89ac421bd82a126511559f0d2798,null,"{""encoding"": ""UTF-8-SIG"", ""sample_lines"": 5}",
legal_general_retrieval_eval,Cerebrum-Blocks/block_store/kits/legal_general_retrieval_eval/corpus/maud/Inphi Corporation_Marvell Technology Group Ltd..txt,C:/Users/shimm/Cerebrum-Blocks/block_store/kits/legal_general_retrieval_eval/corpus/maud/Inphi Corporation_Marvell Technology Group Ltd..txt,507540,.txt,text/plain,386c84bc9b782d63919a764f8e8e04fa87539d01e2474a9d7c8438d9438a3835,null,"{""encoding"": ""UTF-8-SIG"", ""sample_lines"": 5}",
legal_general_retrieval_eval,Cerebrum-Blocks/block_store/kits/legal_general_retrieval_eval/corpus/maud/J_Alexander_s_Holdings_Inc_SPB_Hospitality_LLC.txt,C:/Users/shimm/Cerebrum-Blocks/block_store/kits/legal_general_retrieval_eval/corpus/maud/J_Alexander_s_Holdings_Inc_SPB_Hospitality_LLC.txt,311950,.txt,text/plain,f7d6be0057fda3e6a93c3b13c32141124af4895453b8c174fa296791ccc351cb,null,"{""encoding"": ""UTF-8-SIG"", ""sample_lines"": 5}",
legal_general_retrieval_eval,Cerebrum-Blocks/block_store/kits/legal_general_retrieval_eval/corpus/maud/Kadmon_Holdings_Sanofi_SA_Merger_Agreement.txt,C:/Users/shimm/Cerebrum-Blocks/block_store/kits/legal_general_retrieval_eval/corpus/maud/Kadmon_Holdings_Sanofi_SA_Merger_Agreement.txt,287622,.txt,text/plain,0b4f15b4428be81baa5dcd228e9ed68f41004906bc3e9b7107ebf3a3604242e0,null,"{""encoding"": ""UTF-8-SIG"", ""sample_lines"": 5}",
legal_general_retrieval_eval,Cerebrum-Blocks/block_store/kits/legal_general_retrieval_eval/corpus/maud/Kansas_City_Southern_Canadian_Pacific_Railway.txt,C:/Users/shimm/Cerebrum-Blocks/block_store/kits/legal_general_retrieval_eval/corpus/maud/Kansas_City_Southern_Canadian_Pacific_Railway.txt,467002,.txt,text/plain,6d66ff78c311c0c3480f9e222529af181569869780fde70c9c70d66d6885a506,null,"{""encoding"": ""UTF-8-SIG"", ""sample_lines"": 5}",
legal_general_retrieval_eval,Cerebrum-Blocks/block_store/kits/legal_general_retrieval_eval/corpus/maud/Kentucky_Bancshares_Stock_Yards_Bancorp.txt,C:/Users/shimm/Cerebrum-Blocks/block_store/kits/legal_general_retrieval_eval/corpus/maud/Kentucky_Bancshares_Stock_Yards_Bancorp.txt,308432,.txt,text/plain,294b7f7cf011e73059856075a6415a02f243224467b1515a45e4f27e21d5a300,null,"{""encoding"": ""UTF-8-SIG"", ""sample_lines"": 5}",
legal_general_retrieval_eval,"Cerebrum-Blocks/block_store/kits/legal_general_retrieval_eval/corpus/maud/Kindred Biosciences, Inc._Elanco Animal Health Incorporated.pdf__Kindred_Biosciences_Inc_Elanco_Animal_Health_Incorporated Amendment No.1.txt","C:/Users/shimm/Cerebrum-Blocks/block_store/kits/legal_general_retrieval_eval/corpus/maud/Kindred Biosciences, Inc._Elanco Animal Health Incorporated.pdf__Kindred_Biosciences_Inc_Elanco_Animal_Health_Incorporated Amendment No.1.txt",278638,.txt,text/plain,cb5d6d525eab4c06a9fc847de8eff3fe8066613d987009035988824d3a8d98d0,null,"{""encoding"": ""UTF-8-SIG"", ""sample_lines"": 5}",
legal_general_retrieval_eval,Cerebrum-Blocks/block_store/kits/legal_general_retrieval_eval/corpus/maud/Knoll_Inc_Herman_Miller_Inc.pdf.txt,C:/Users/shimm/Cerebrum-Blocks/block_store/kits/legal_general_retrieval_eval/corpus/maud/Knoll_Inc_Herman_Miller_Inc.pdf.txt,396339,.txt,text/plain,8ced136001ce0ad62747e4ffc191145c966676bd95fe4272289dc50bd2c6d7b4,null,"{""encoding"": ""UTF-8-SIG"", ""sample_lines"": 5}",
legal_general_retrieval_eval,Cerebrum-Blocks/block_store/kits/legal_general_retrieval_eval/corpus/maud/Leaf Group Ltd._Graham Holdings Company.txt,C:/Users/shimm/Cerebrum-Blocks/block_store/kits/legal_general_retrieval_eval/corpus/maud/Leaf Group Ltd._Graham Holdings Company.txt,344583,.txt,text/plain,153774da39b4f6f1e3bc4d800dcb5f9a4122633c16d2639d3a4fcfe7c8646bb6,null,"{""encoding"": ""UTF-8-SIG"", ""sample_lines"": 5}",
legal_general_retrieval_eval,Cerebrum-Blocks/block_store/kits/legal_general_retrieval_eval/corpus/maud/Lonestar_Resources_US_Inc_Penn_Virginia_Corporation.txt,C:/Users/shimm/Cerebrum-Blocks/block_store/kits/legal_general_retrieval_eval/corpus/maud/Lonestar_Resources_US_Inc_Penn_Virginia_Corporation.txt,507844,.txt,text/plain,8686e62ca878e8ccfebb1694c468a5003253133c599579bf340d98cc74495ec9,null,"{""encoding"": ""UTF-8-SIG"", ""sample_lines"": 5}",
legal_general_retrieval_eval,Cerebrum-Blocks/block_store/kits/legal_general_retrieval_eval/corpus/maud/Luminex Corporation_DiaSorin S.p.A..txt,C:/Users/shimm/Cerebrum-Blocks/block_store/kits/legal_general_retrieval_eval/corpus/maud/Luminex Corporation_DiaSorin S.p.A..txt,294824,.txt,text/plain,d3404fee615255103d8b74aba1a2c782ac9fa97c50fe3ac1fdfeb1dcfb15ed92,null,"{""encoding"": ""UTF-8-SIG"", ""sample_lines"": 5}",
legal_general_retrieval_eval,"Cerebrum-Blocks/block_store/kits/legal_general_retrieval_eval/corpus/maud/Lydall, Inc._Clearlake Capital Group, L.P..txt","C:/Users/shimm/Cerebrum-Blocks/block_store/kits/legal_general_retrieval_eval/corpus/maud/Lydall, Inc._Clearlake Capital Group, L.P..txt",281262,.txt,text/plain,48ec7cbd049da3d9ead6b7c03a1c3eaec6bdce8625d486e0b3697a1b4a25d65c,null,"{""encoding"": ""UTF-8-SIG"", ""sample_lines"": 5}",
legal_general_retrieval_eval,"Cerebrum-Blocks/block_store/kits/legal_general_retrieval_eval/corpus/maud/Mackinac Financial Corporation_Nicolet Bankshares, Inc..txt","C:/Users/shimm/Cerebrum-Blocks/block_store/kits/legal_general_retrieval_eval/corpus/maud/Mackinac Financial Corporation_Nicolet Bankshares, Inc..txt",266164,.txt,text/plain,a69710d02f49456c0ef2a47d01ab87cc40dbc5c552e5f2105e053e3b9b9d31a8,null,"{""encoding"": ""UTF-8-SIG"", ""sample_lines"": 5}",
legal_general_retrieval_eval,"Cerebrum-Blocks/block_store/kits/legal_general_retrieval_eval/corpus/maud/Magellan Health, Inc._Centene Corporation.txt","C:/Users/shimm/Cerebrum-Blocks/block_store/kits/legal_general_retrieval_eval/corpus/maud/Magellan Health, Inc._Centene Corporation.txt",106166,.txt,text/plain,8c6f4e3e16a651aed3529264e09d08422028526bd332908004295bd6ff51c08e,null,"{""encoding"": ""utf-8"", ""sample_lines"": 5}",
legal_general_retrieval_eval,"Cerebrum-Blocks/block_store/kits/legal_general_retrieval_eval/corpus/maud/Marlin Business Services Corp._HPS Investment Partners, LLC.txt","C:/Users/shimm/Cerebrum-Blocks/block_store/kits/legal_general_retrieval_eval/corpus/maud/Marlin Business Services Corp._HPS Investment Partners, LLC.txt",324411,.txt,text/plain,047c077c32d0bd5d054454babfddfd048a9b6a82392d616767e2481c97c52fd4,null,"{""encoding"": ""UTF-8-SIG"", ""sample_lines"": 5}",
legal_general_retrieval_eval,"Cerebrum-Blocks/block_store/kits/legal_general_retrieval_eval/corpus/maud/Maxim Integrated Products, Inc._Analog Devices, Inc..txt","C:/Users/shimm/Cerebrum-Blocks/block_store/kits/legal_general_retrieval_eval/corpus/maud/Maxim Integrated Products, Inc._Analog Devices, Inc..txt",363830,.txt,text/plain,8c6621459619ebc030ab5f7e1780e782babd8b784b868acd7520d2ba9c2b511c,null,"{""encoding"": ""UTF-8-SIG"", ""sample_lines"": 5}",
legal_general_retrieval_eval,Cerebrum-Blocks/block_store/kits/legal_general_retrieval_eval/corpus/maud/Medallia_Inc_Thoma_Bravo_L_P.txt,C:/Users/shimm/Cerebrum-Blocks/block_store/kits/legal_general_retrieval_eval/corpus/maud/Medallia_Inc_Thoma_Bravo_L_P.txt,385444,.txt,text/plain,bbc541201dc8f0ab9bd5789f30bd7f01e0c2e299c000e6a47397667fe4868c88,null,"{""encoding"": ""mac_iceland"", ""sample_lines"": 5}",
legal_general_retrieval_eval,"Cerebrum-Blocks/block_store/kits/legal_general_retrieval_eval/corpus/maud/Meredith Corporation_Gray Television, Inc..pdf__Meredith Corporation_Gray Television, Inc. Amendment No.1.txt","C:/Users/shimm/Cerebrum-Blocks/block_store/kits/legal_general_retrieval_eval/corpus/maud/Meredith Corporation_Gray Television, Inc..pdf__Meredith Corporation_Gray Television, Inc. Amendment No.1.txt",423001,.txt,text/plain,fb7d0d8a6393c68a419d33b62262fcc7e40eb615171acb5fd664bfe7af011000,null,"{""encoding"": ""UTF-8-SIG"", ""sample_lines"": 5}",
legal_general_retrieval_eval,"Cerebrum-Blocks/block_store/kits/legal_general_retrieval_eval/corpus/maud/Meridian Bancorp, Inc._Independent Bank Corp..txt","C:/Users/shimm/Cerebrum-Blocks/block_store/kits/legal_general_retrieval_eval/corpus/maud/Meridian Bancorp, Inc._Independent Bank Corp..txt",342366,.txt,text/plain,11ad9a3ab569734f10c1e9c2794d7cae034c3a6f4403b3bf23fdfa9ed2da97df,null,"{""encoding"": ""UTF-8-SIG"", ""sample_lines"": 5}",
legal_general_retrieval_eval,Cerebrum-Blocks/block_store/kits/legal_general_retrieval_eval/corpus/maud/MGM_Growth_Properties_LLC_VICI_Properties_Inc.txt,C:/Users/shimm/Cerebrum-Blocks/block_store/kits/legal_general_retrieval_eval/corpus/maud/MGM_Growth_Properties_LLC_VICI_Properties_Inc.txt,560848,.txt,text/plain,f33c6467f3be28ff807058eff13f56ced38bd1b83358f45ee75e34aad0637210,null,"{""encoding"": ""UTF-8-SIG"", ""sample_lines"": 5}",
legal_general_retrieval_eval,Cerebrum-Blocks/block_store/kits/legal_general_retrieval_eval/corpus/maud/Misonix_Inc_Bioventus_Inc.txt,C:/Users/shimm/Cerebrum-Blocks/block_store/kits/legal_general_retrieval_eval/corpus/maud/Misonix_Inc_Bioventus_Inc.txt,458987,.txt,text/plain,4cde1c08196ab3c80ee4de6acc6677259d1c5bab69ffddb7c67240f0755b9872,null,"{""encoding"": ""UTF-8-SIG"", ""sample_lines"": 5}",
legal_general_retrieval_eval,Cerebrum-Blocks/block_store/kits/legal_general_retrieval_eval/corpus/maud/MSG Networks Inc._Madison Square Garden Entertainment Corp..txt,C:/Users/shimm/Cerebrum-Blocks/block_store/kits/legal_general_retrieval_eval/corpus/maud/MSG Networks Inc._Madison Square Garden Entertainment Corp..txt,289272,.txt,text/plain,31de31182decb2ea93c8ee1e963d63bde03215f74570eeb4994e34b8f73ab268,null,"{""encoding"": ""UTF-8-SIG"", ""sample_lines"": 5}",
legal_general_retrieval_eval,Cerebrum-Blocks/block_store/kits/legal_general_retrieval_eval/corpus/maud/MTS Systems Corporation_Amphenol Corporation.txt,C:/Users/shimm/Cerebrum-Blocks/block_store/kits/legal_general_retrieval_eval/corpus/maud/MTS Systems Corporation_Amphenol Corporation.txt,304319,.txt,text/plain,face05a5c1c0d7483d2caa03a2930b2779d2f2484d68eda000bfb84bcc4b6197,null,"{""encoding"": ""UTF-8-SIG"", ""sample_lines"": 5}",
legal_general_retrieval_eval,Cerebrum-Blocks/block_store/kits/legal_general_retrieval_eval/corpus/maud/National General Holdings Corp._The Allstate Corporation.txt,C:/Users/shimm/Cerebrum-Blocks/block_store/kits/legal_general_retrieval_eval/corpus/maud/National General Holdings Corp._The Allstate Corporation.txt,306643,.txt,text/plain,51d7b859f022853af9a656e6bd93ae3c14805293c280abf24a1726aa74864e3a,null,"{""encoding"": ""UTF-8-SIG"", ""sample_lines"": 5}",
legal_general_retrieval_eval,Cerebrum-Blocks/block_store/kits/legal_general_retrieval_eval/corpus/maud/Navistar International Corporation_TRATON SE.txt,C:/Users/shimm/Cerebrum-Blocks/block_store/kits/legal_general_retrieval_eval/corpus/maud/Navistar International Corporation_TRATON SE.txt,261658,.txt,text/plain,c9557d58341c2a358382d7d15cccd67943935c4f9af793f41296db6f3a21475d,null,"{""encoding"": ""UTF-8-SIG"", ""sample_lines"": 5}",
legal_general_retrieval_eval,"Cerebrum-Blocks/block_store/kits/legal_general_retrieval_eval/corpus/maud/New Senior Investment Group Inc._Ventas, Inc..txt","C:/Users/shimm/Cerebrum-Blocks/block_store/kits/legal_general_retrieval_eval/corpus/maud/New Senior Investment Group Inc._Ventas, Inc..txt",314629,.txt,text/plain,1be69d02c67b4bd7725138fa7a422be604a681428c4e22f356ef1ae0c0ecac07,null,"{""encoding"": ""UTF-8-SIG"", ""sample_lines"": 5}",
legal_general_retrieval_eval,Cerebrum-Blocks/block_store/kits/legal_general_retrieval_eval/corpus/maud/New_Home_Co_Apollo_Global_Management.txt,C:/Users/shimm/Cerebrum-Blocks/block_store/kits/legal_general_retrieval_eval/corpus/maud/New_Home_Co_Apollo_Global_Management.txt,391860,.txt,text/plain,79d9818a22941835253713cc81fc981c2f271d31bb708036257bb6112549d2f8,null,"{""encoding"": ""UTF-8-SIG"", ""sample_lines"": 5}",
legal_general_retrieval_eval,"Cerebrum-Blocks/block_store/kits/legal_general_retrieval_eval/corpus/maud/NIC Inc._Tyler Technologies, Inc..txt","C:/Users/shimm/Cerebrum-Blocks/block_store/kits/legal_general_retrieval_eval/corpus/maud/NIC Inc._Tyler Technologies, Inc..txt",306884,.txt,text/plain,08c50f6e33f91f05b763cf4330a104a23798fc931701ae8d5bcf772d5ad8341e,null,"{""encoding"": ""UTF-8-SIG"", ""sample_lines"": 5}",
legal_general_retrieval_eval,"Cerebrum-Blocks/block_store/kits/legal_general_retrieval_eval/corpus/maud/Nuance Communications, Inc._Microsoft Corporation.txt","C:/Users/shimm/Cerebrum-Blocks/block_store/kits/legal_general_retrieval_eval/corpus/maud/Nuance Communications, Inc._Microsoft Corporation.txt",377868,.txt,text/plain,2b9a1070b12c3a9a27583be50bbfc0fe390beffbf0da2cb76756b735cc6c78ba,null,"{""encoding"": ""UTF-8-SIG"", ""sample_lines"": 5}",
legal_general_retrieval_eval,Cerebrum-Blocks/block_store/kits/legal_general_retrieval_eval/corpus/maud/Oaktree_Strategic_Income_Oaktree_Fund_Advisors.txt,C:/Users/shimm/Cerebrum-Blocks/block_store/kits/legal_general_retrieval_eval/corpus/maud/Oaktree_Strategic_Income_Oaktree_Fund_Advisors.txt,257149,.txt,text/plain,6eb5f2690a196a1d8b8313e93a73c11d7306943db1274d0f328e22f47f01141b,null,"{""encoding"": ""UTF-8-SIG"", ""sample_lines"": 5}",
legal_general_retrieval_eval,Cerebrum-Blocks/block_store/kits/legal_general_retrieval_eval/corpus/maud/ORBCOMM Inc._GI Partners.txt,C:/Users/shimm/Cerebrum-Blocks/block_store/kits/legal_general_retrieval_eval/corpus/maud/ORBCOMM Inc._GI Partners.txt,309444,.txt,text/plain,aef34f0e3610cd2e0ecdea00c385cb1f3056e32961d351751c191dac24dbfa42,null,"{""encoding"": ""UTF-8-SIG"", ""sample_lines"": 5}",
legal_general_retrieval_eval,"Cerebrum-Blocks/block_store/kits/legal_general_retrieval_eval/corpus/maud/Pacific Mercantile Bancorp_Banc of California, Inc..txt","C:/Users/shimm/Cerebrum-Blocks/block_store/kits/legal_general_retrieval_eval/corpus/maud/Pacific Mercantile Bancorp_Banc of California, Inc..txt",246204,.txt,text/plain,d40c9601ff41c9ff6b62ef816d9dc5e3ac36211968bcdcd54b2c88ba09d3b2a1,null,"{""encoding"": ""UTF-8-SIG"", ""sample_lines"": 5}",
legal_general_retrieval_eval,"Cerebrum-Blocks/block_store/kits/legal_general_retrieval_eval/corpus/maud/Pandion Therapeutics, Inc._Merck _ Co., Inc..txt","C:/Users/shimm/Cerebrum-Blocks/block_store/kits/legal_general_retrieval_eval/corpus/maud/Pandion Therapeutics, Inc._Merck _ Co., Inc..txt",330260,.txt,text/plain,2c3e0700d0c26cbf9c6470a25164efe251fdf07d0a4f96e52b5b486df31c71fa,null,"{""encoding"": ""UTF-8-SIG"", ""sample_lines"": 5}",
legal_general_retrieval_eval,"Cerebrum-Blocks/block_store/kits/legal_general_retrieval_eval/corpus/maud/Parsley Energy, Inc._Pioneer Natural Resources Company.txt","C:/Users/shimm/Cerebrum-Blocks/block_store/kits/legal_general_retrieval_eval/corpus/maud/Parsley Energy, Inc._Pioneer Natural Resources Company.txt",420063,.txt,text/plain,665d6c4351748eec5aeb6f35def9f35780e46813da19cde39e09cf489c4091b5,null,"{""encoding"": ""UTF-8-SIG"", ""sample_lines"": 5}",
legal_general_retrieval_eval,"Cerebrum-Blocks/block_store/kits/legal_general_retrieval_eval/corpus/maud/People_s United Financial, Inc._M_T Bank Corporation.txt","C:/Users/shimm/Cerebrum-Blocks/block_store/kits/legal_general_retrieval_eval/corpus/maud/People_s United Financial, Inc._M_T Bank Corporation.txt",393230,.txt,text/plain,6d051dbf3263d10f559de1250744186d0e37787469dbfd07d8285d0b0e4eae5a,null,"{""encoding"": ""UTF-8-SIG"", ""sample_lines"": 5}",
legal_general_retrieval_eval,Cerebrum-Blocks/block_store/kits/legal_general_retrieval_eval/corpus/maud/Perspecta Inc._Veritas Capital.txt,C:/Users/shimm/Cerebrum-Blocks/block_store/kits/legal_general_retrieval_eval/corpus/maud/Perspecta Inc._Veritas Capital.txt,326084,.txt,text/plain,a478633874c74cfcc94ce8588a476e4ccfce14d4d05a62ffb985e83560d5b931,null,"{""encoding"": ""UTF-8-SIG"", ""sample_lines"": 5}",
legal_general_retrieval_eval,"Cerebrum-Blocks/block_store/kits/legal_general_retrieval_eval/corpus/maud/Pluralsight, Inc._Vista Equity Partners.txt","C:/Users/shimm/Cerebrum-Blocks/block_store/kits/legal_general_retrieval_eval/corpus/maud/Pluralsight, Inc._Vista Equity Partners.txt",420711,.txt,text/plain,40e9e032941b7e8f472b0a5bc492a7630b458cbb67c6027b428504945bc174eb,null,"{""encoding"": ""UTF-8-SIG"", ""sample_lines"": 5}",
legal_general_retrieval_eval,"Cerebrum-Blocks/block_store/kits/legal_general_retrieval_eval/corpus/maud/PNM Resources, Inc._Avangrid, Inc..txt","C:/Users/shimm/Cerebrum-Blocks/block_store/kits/legal_general_retrieval_eval/corpus/maud/PNM Resources, Inc._Avangrid, Inc..txt",345206,.txt,text/plain,7390886349bfeb4ca74fc39649752e7fc7a0cfceff6e713b4c9a2823463081f2,null,"{""encoding"": ""UTF-8-SIG"", ""sample_lines"": 5}",
legal_general_retrieval_eval,"Cerebrum-Blocks/block_store/kits/legal_general_retrieval_eval/corpus/maud/PPD, Inc._Thermo Fisher Scientific Inc..txt","C:/Users/shimm/Cerebrum-Blocks/block_store/kits/legal_general_retrieval_eval/corpus/maud/PPD, Inc._Thermo Fisher Scientific Inc..txt",312175,.txt,text/plain,0a249d38a8cc410f07b4f7f35a361e2698bb33ecc2601f9f7c83d938ea85cef0,null,"{""encoding"": ""UTF-8-SIG"", ""sample_lines"": 5}",
legal_general_retrieval_eval,"Cerebrum-Blocks/block_store/kits/legal_general_retrieval_eval/corpus/maud/PRA Health Sciences, Inc._ICON plc.txt","C:/Users/shimm/Cerebrum-Blocks/block_store/kits/legal_general_retrieval_eval/corpus/maud/PRA Health Sciences, Inc._ICON plc.txt",484758,.txt,text/plain,561a7a3c87d4a4f775573281bbd95176882dc840a65c023f91d3933f688768e8,null,"{""encoding"": ""UTF-8-SIG"", ""sample_lines"": 5}",
legal_general_retrieval_eval,"Cerebrum-Blocks/block_store/kits/legal_general_retrieval_eval/corpus/maud/Premier Financial Bancorp, Inc._Peoples Bancorp Inc..txt","C:/Users/shimm/Cerebrum-Blocks/block_store/kits/legal_general_retrieval_eval/corpus/maud/Premier Financial Bancorp, Inc._Peoples Bancorp Inc..txt",253124,.txt,text/plain,15721432446a15325b0fe5fcb9490ee9cb105c8ed2d896c99230cd447943fd0b,null,"{""encoding"": ""UTF-8-SIG"", ""sample_lines"": 5}",
legal_general_retrieval_eval,Cerebrum-Blocks/block_store/kits/legal_general_retrieval_eval/corpus/maud/Prevail Therapeutics Inc._Eli Lilly and Company.txt,C:/Users/shimm/Cerebrum-Blocks/block_store/kits/legal_general_retrieval_eval/corpus/maud/Prevail Therapeutics Inc._Eli Lilly and Company.txt,262499,.txt,text/plain,dc5fc95ac725ebb6e1afd2735469079d8a9ec508b212ee8e48f94157b5d76487,null,"{""encoding"": ""UTF-8-SIG"", ""sample_lines"": 5}",
legal_general_retrieval_eval,"Cerebrum-Blocks/block_store/kits/legal_general_retrieval_eval/corpus/maud/Proofpoint, Inc._Thoma Bravo, L.P..txt","C:/Users/shimm/Cerebrum-Blocks/block_store/kits/legal_general_retrieval_eval/corpus/maud/Proofpoint, Inc._Thoma Bravo, L.P..txt",348047,.txt,text/plain,9d33eeb170874333824372fed66a90773e945d5be6b8b6814eb8fdc7342305eb,null,"{""encoding"": ""UTF-8-SIG"", ""sample_lines"": 5}",
legal_general_retrieval_eval,Cerebrum-Blocks/block_store/kits/legal_general_retrieval_eval/corpus/maud/Protective Insurance Corporation_The Progressive Corporation.txt,C:/Users/shimm/Cerebrum-Blocks/block_store/kits/legal_general_retrieval_eval/corpus/maud/Protective Insurance Corporation_The Progressive Corporation.txt,268982,.txt,text/plain,63a01899f1bfded816c7badda3b4bf4b0e6c35e40f8696970e82f8e32cd0c6bd,null,"{""encoding"": ""UTF-8-SIG"", ""sample_lines"": 5}",
legal_general_retrieval_eval,"Cerebrum-Blocks/block_store/kits/legal_general_retrieval_eval/corpus/maud/QAD Inc._Thoma Bravo, L.P..txt","C:/Users/shimm/Cerebrum-Blocks/block_store/kits/legal_general_retrieval_eval/corpus/maud/QAD Inc._Thoma Bravo, L.P..txt",307663,.txt,text/plain,07ac18dcd7aa1878cab8c1402b9f053585584235fcc75b84712bdf05fa6d0741,null,"{""encoding"": ""UTF-8-SIG"", ""sample_lines"": 5}",
legal_general_retrieval_eval,"Cerebrum-Blocks/block_store/kits/legal_general_retrieval_eval/corpus/maud/QEP Resources, Inc._Diamondback Energy, Inc..txt","C:/Users/shimm/Cerebrum-Blocks/block_store/kits/legal_general_retrieval_eval/corpus/maud/QEP Resources, Inc._Diamondback Energy, Inc..txt",364138,.txt,text/plain,6313c759f1254c935346999fc825e6dc30265b200e3291c66426ce40ea30a869,null,"{""encoding"": ""UTF-8-SIG"", ""sample_lines"": 5}",
legal_general_retrieval_eval,"Cerebrum-Blocks/block_store/kits/legal_general_retrieval_eval/corpus/maud/QTS Realty Trust, Inc._The Blackstone Group Inc..txt","C:/Users/shimm/Cerebrum-Blocks/block_store/kits/legal_general_retrieval_eval/corpus/maud/QTS Realty Trust, Inc._The Blackstone Group Inc..txt",446695,.txt,text/plain,18b28b2869b8df7f8b556b81212077f250ef305fe47d1a60a0e024e513ce9714,null,"{""encoding"": ""UTF-8-SIG"", ""sample_lines"": 5}",
legal_general_retrieval_eval,"Cerebrum-Blocks/block_store/kits/legal_general_retrieval_eval/corpus/maud/Raven Industries, Inc._CNH Industrial N.V..txt","C:/Users/shimm/Cerebrum-Blocks/block_store/kits/legal_general_retrieval_eval/corpus/maud/Raven Industries, Inc._CNH Industrial N.V..txt",208444,.txt,text/plain,f61fbfa73fbbc76a295d77f5d8eee8410e695789437e0feec7c0ece5f87fce35,null,"{""encoding"": ""UTF-8-SIG"", ""sample_lines"": 5}",
legal_general_retrieval_eval,"Cerebrum-Blocks/block_store/kits/legal_general_retrieval_eval/corpus/maud/RealPage, Inc._Thoma Bravo, L.P..txt","C:/Users/shimm/Cerebrum-Blocks/block_store/kits/legal_general_retrieval_eval/corpus/maud/RealPage, Inc._Thoma Bravo, L.P..txt",377076,.txt,text/plain,7091add935a2712eaa69232632eb07178b63fb90978ed4a1d9d8da9e29f660df,null,"{""encoding"": ""UTF-8-SIG"", ""sample_lines"": 5}",
legal_general_retrieval_eval,Cerebrum-Blocks/block_store/kits/legal_general_retrieval_eval/corpus/maud/Retail_Properties_of_America_Inc_Kite_Realty_Group_Trust.txt,C:/Users/shimm/Cerebrum-Blocks/block_store/kits/legal_general_retrieval_eval/corpus/maud/Retail_Properties_of_America_Inc_Kite_Realty_Group_Trust.txt,499490,.txt,text/plain,26f8f5d2347d685fee9fb755ff1debfe398b2e9a3630c896f2277b893fa212c9,null,"{""encoding"": ""UTF-8-SIG"", ""sample_lines"": 5}",
legal_general_retrieval_eval,"Cerebrum-Blocks/block_store/kits/legal_general_retrieval_eval/corpus/maud/RigNet, Inc._Viasat, Inc..txt","C:/Users/shimm/Cerebrum-Blocks/block_store/kits/legal_general_retrieval_eval/corpus/maud/RigNet, Inc._Viasat, Inc..txt",347146,.txt,text/plain,a1018319501af2cb64a47c11e5b0097914b6a155eb324457d65150374c59aa79,null,"{""encoding"": ""UTF-8-SIG"", ""sample_lines"": 5}",
legal_general_retrieval_eval,Cerebrum-Blocks/block_store/kits/legal_general_retrieval_eval/corpus/maud/SEACOR Holdings Inc._American Industrial Partners.pdf__SEACOR_Holdings_Inc_American_Industrial_Partners Amendment No.1.txt,C:/Users/shimm/Cerebrum-Blocks/block_store/kits/legal_general_retrieval_eval/corpus/maud/SEACOR Holdings Inc._American Industrial Partners.pdf__SEACOR_Holdings_Inc_American_Industrial_Partners Amendment No.1.txt,384643,.txt,text/plain,5c2663005aad37231a307aea5dae328db6cb1b91b6e383a51b55b84cdb4c7180,null,"{""encoding"": ""UTF-8-SIG"", ""sample_lines"": 5}",
legal_general_retrieval_eval,Cerebrum-Blocks/block_store/kits/legal_general_retrieval_eval/corpus/maud/Select_Bancorp_Inc_First_Bancorp.txt,C:/Users/shimm/Cerebrum-Blocks/block_store/kits/legal_general_retrieval_eval/corpus/maud/Select_Bancorp_Inc_First_Bancorp.txt,269832,.txt,text/plain,e6cef2e4c4d761427c69348bdbead7ad9815db3b31715fff5a150be778717053,null,"{""encoding"": ""UTF-8-SIG"", ""sample_lines"": 5}",
legal_general_retrieval_eval,Cerebrum-Blocks/block_store/kits/legal_general_retrieval_eval/corpus/maud/Select_Interior_Concepts_Astro_Stone.txt,C:/Users/shimm/Cerebrum-Blocks/block_store/kits/legal_general_retrieval_eval/corpus/maud/Select_Interior_Concepts_Astro_Stone.txt,259998,.txt,text/plain,98d3c7249595aa80297e5db9cc965ac4f47dc6ec35b2eb303de8056b6fdd03a7,null,"{""encoding"": ""UTF-8-SIG"", ""sample_lines"": 5}",
legal_general_retrieval_eval,"Cerebrum-Blocks/block_store/kits/legal_general_retrieval_eval/corpus/maud/Slack Technologies, Inc._salesforce.com, inc..txt","C:/Users/shimm/Cerebrum-Blocks/block_store/kits/legal_general_retrieval_eval/corpus/maud/Slack Technologies, Inc._salesforce.com, inc..txt",388545,.txt,text/plain,8e4efaaf5666d292c5a650af665d53fb923b6393db6dc8cf88dd4762679cb130,null,"{""encoding"": ""UTF-8-SIG"", ""sample_lines"": 5}",
legal_general_retrieval_eval,Cerebrum-Blocks/block_store/kits/legal_general_retrieval_eval/corpus/maud/Soliton_Inc_Abbvie_Inc.txt,C:/Users/shimm/Cerebrum-Blocks/block_store/kits/legal_general_retrieval_eval/corpus/maud/Soliton_Inc_Abbvie_Inc.txt,289827,.txt,text/plain,896d8e60ab4c71f5eaaca6f15c3dffd3c381f7edf5cc0e55b60b7798f5fda329,null,"{""encoding"": ""UTF-8-SIG"", ""sample_lines"": 5}",
legal_general_retrieval_eval,Cerebrum-Blocks/block_store/kits/legal_general_retrieval_eval/corpus/maud/Stamps_com_Inc_Thoma_Bravo_L_P.txt,C:/Users/shimm/Cerebrum-Blocks/block_store/kits/legal_general_retrieval_eval/corpus/maud/Stamps_com_Inc_Thoma_Bravo_L_P.txt,389211,.txt,text/plain,e3a39e4c3d5a2b7645f89adb3f85627158999c6981b93861e508918a53da2eb0,null,"{""encoding"": ""UTF-8-SIG"", ""sample_lines"": 5}",
legal_general_retrieval_eval,Cerebrum-Blocks/block_store/kits/legal_general_retrieval_eval/corpus/maud/Sterling_Bancorp_Webster_Financial_Corporation.txt,C:/Users/shimm/Cerebrum-Blocks/block_store/kits/legal_general_retrieval_eval/corpus/maud/Sterling_Bancorp_Webster_Financial_Corporation.txt,313157,.txt,text/plain,476c0898ef0a545eeb49a5cc23acf09d0cb4a9c51149177e9ee0674195da690b,null,"{""encoding"": ""UTF-8-SIG"", ""sample_lines"": 5}",
legal_general_retrieval_eval,"Cerebrum-Blocks/block_store/kits/legal_general_retrieval_eval/corpus/maud/Sykes Enterprises, Incorporated_CREADEV.txt","C:/Users/shimm/Cerebrum-Blocks/block_store/kits/legal_general_retrieval_eval/corpus/maud/Sykes Enterprises, Incorporated_CREADEV.txt",301864,.txt,text/plain,db54c4f44fa084eb1d1406c3c09e1b360650da17556ddb69412603606bc81af7,null,"{""encoding"": ""UTF-8-SIG"", ""sample_lines"": 5}",
legal_general_retrieval_eval,Cerebrum-Blocks/block_store/kits/legal_general_retrieval_eval/corpus/maud/TCF Financial Corporation_Huntington Bancshares Incorporated.txt,C:/Users/shimm/Cerebrum-Blocks/block_store/kits/legal_general_retrieval_eval/corpus/maud/TCF Financial Corporation_Huntington Bancshares Incorporated.txt,362033,.txt,text/plain,cd09611eac4c8c24b52867f1ef5c06fe32a52fc815e404a8baa3ed6421b11683,null,"{""encoding"": ""UTF-8-SIG"", ""sample_lines"": 5}",
legal_general_retrieval_eval,"Cerebrum-Blocks/block_store/kits/legal_general_retrieval_eval/corpus/maud/Telenav, Inc._Management Led Buyout.pdf__Telenav, Inc._Management Led Buyout Amendment No. 1.txt","C:/Users/shimm/Cerebrum-Blocks/block_store/kits/legal_general_retrieval_eval/corpus/maud/Telenav, Inc._Management Led Buyout.pdf__Telenav, Inc._Management Led Buyout Amendment No. 1.txt",284393,.txt,text/plain,339222d99622bf8f2addbddcbb79aa3bf601cae4fc0fae6a5d252f6dcb951638,null,"{""encoding"": ""UTF-8-SIG"", ""sample_lines"": 5}",
legal_general_retrieval_eval,"Cerebrum-Blocks/block_store/kits/legal_general_retrieval_eval/corpus/maud/The Michaels Companies, Inc._Apollo Global Management, LLC.txt","C:/Users/shimm/Cerebrum-Blocks/block_store/kits/legal_general_retrieval_eval/corpus/maud/The Michaels Companies, Inc._Apollo Global Management, LLC.txt",359397,.txt,text/plain,387adfa17c8ae166ea81edcf2b59791d1509aae4a6a9f3dde8147381d17a0900,null,"{""encoding"": ""UTF-8-SIG"", ""sample_lines"": 5}",
legal_general_retrieval_eval,Cerebrum-Blocks/block_store/kits/legal_general_retrieval_eval/corpus/maud/The_ExOne_Company~Desktop_Metal.txt,C:/Users/shimm/Cerebrum-Blocks/block_store/kits/legal_general_retrieval_eval/corpus/maud/The_ExOne_Company~Desktop_Metal.txt,351495,.txt,text/plain,6db0719179109ec150abbfe295a4f24eedb739e9577ff5552b8713fc84fc9bb9,null,"{""encoding"": ""UTF-8-SIG"", ""sample_lines"": 5}",
legal_general_retrieval_eval,Cerebrum-Blocks/block_store/kits/legal_general_retrieval_eval/corpus/maud/TIFFANY_&_CO._LVMH_MOËT_HENNESSY-LOUIS_VUITTON.txt,C:/Users/shimm/Cerebrum-Blocks/block_store/kits/legal_general_retrieval_eval/corpus/maud/TIFFANY_&_CO._LVMH_MOËT_HENNESSY-LOUIS_VUITTON.txt,332129,.txt,text/plain,8df12ce22e274787807e4304cc46cc1eb03ff63ea4a11f63e21117c61332b425,null,"{""encoding"": ""mac_iceland"", ""sample_lines"": 5}",
legal_general_retrieval_eval,Cerebrum-Blocks/block_store/kits/legal_general_retrieval_eval/corpus/maud/Translate_Bio_Sanofi_SA.txt,C:/Users/shimm/Cerebrum-Blocks/block_store/kits/legal_general_retrieval_eval/corpus/maud/Translate_Bio_Sanofi_SA.txt,272046,.txt,text/plain,fb7ee24e71d730b5ef929f83666c409383b94fa300b80d0c0a43c4d504d22557,null,"{""encoding"": ""UTF-8-SIG"", ""sample_lines"": 5}",
legal_general_retrieval_eval,Cerebrum-Blocks/block_store/kits/legal_general_retrieval_eval/corpus/maud/Tremont_Mortgage_Trust_RMR_Mortgage_Trust.txt,C:/Users/shimm/Cerebrum-Blocks/block_store/kits/legal_general_retrieval_eval/corpus/maud/Tremont_Mortgage_Trust_RMR_Mortgage_Trust.txt,302862,.txt,text/plain,155b799e26c465a4288e8a7e1177365ccb0827bd9125acc197729a9064ef6399,null,"{""encoding"": ""UTF-8-SIG"", ""sample_lines"": 5}",
legal_general_retrieval_eval,Cerebrum-Blocks/block_store/kits/legal_general_retrieval_eval/corpus/maud/Tribune Publishing Company_Alden Global Capital LLC.txt,C:/Users/shimm/Cerebrum-Blocks/block_store/kits/legal_general_retrieval_eval/corpus/maud/Tribune Publishing Company_Alden Global Capital LLC.txt,250974,.txt,text/plain,57c2f5b89b027f2ff28623eb2d400ffacb9ac0f1fbacda2454ed4594dbdf737d,null,"{""encoding"": ""UTF-8-SIG"", ""sample_lines"": 5}",
legal_general_retrieval_eval,"Cerebrum-Blocks/block_store/kits/legal_general_retrieval_eval/corpus/maud/U.S. Concrete, Inc._Vulcan Materials Company.txt","C:/Users/shimm/Cerebrum-Blocks/block_store/kits/legal_general_retrieval_eval/corpus/maud/U.S. Concrete, Inc._Vulcan Materials Company.txt",301808,.txt,text/plain,0485ee1c1495422a0e3521fc42fc921334f62bf1b0e0b611c1e2e843daa2b428,null,"{""encoding"": ""UTF-8-SIG"", ""sample_lines"": 5}",
legal_general_retrieval_eval,"Cerebrum-Blocks/block_store/kits/legal_general_retrieval_eval/corpus/maud/Varian Medical Systems, Inc._Siemens Healthineers AG.txt","C:/Users/shimm/Cerebrum-Blocks/block_store/kits/legal_general_retrieval_eval/corpus/maud/Varian Medical Systems, Inc._Siemens Healthineers AG.txt",291064,.txt,text/plain,c913c80b3473eefba19656bb98ec0c0b0d08096a61778db530af86fae8c03b9c,null,"{""encoding"": ""UTF-8-SIG"", ""sample_lines"": 5}",
legal_general_retrieval_eval,Cerebrum-Blocks/block_store/kits/legal_general_retrieval_eval/corpus/maud/VEREIT_Realty_Income_Corporation.pdf__VEREIT_Realty_Income_Corporation Amendment No.1.txt,C:/Users/shimm/Cerebrum-Blocks/block_store/kits/legal_general_retrieval_eval/corpus/maud/VEREIT_Realty_Income_Corporation.pdf__VEREIT_Realty_Income_Corporation Amendment No.1.txt,417995,.txt,text/plain,6cbff276844b229bccbdb2302650397398c2219b739660a564f550da13c9ae87,null,"{""encoding"": ""UTF-8-SIG"", ""sample_lines"": 5}",
legal_general_retrieval_eval,"Cerebrum-Blocks/block_store/kits/legal_general_retrieval_eval/corpus/maud/Viela Bio, Inc._Horizon Therapeutics Public Limited Company.txt","C:/Users/shimm/Cerebrum-Blocks/block_store/kits/legal_general_retrieval_eval/corpus/maud/Viela Bio, Inc._Horizon Therapeutics Public Limited Company.txt",355584,.txt,text/plain,15de89a330774308d9f86ff09a78b281bb9af2ae89e10d3e1470532908df2a0c,null,"{""encoding"": ""UTF-8-SIG"", ""sample_lines"": 5}",
legal_general_retrieval_eval,Cerebrum-Blocks/block_store/kits/legal_general_retrieval_eval/corpus/maud/Vine_Energy_Inc_Chesapeake_Energy.txt,C:/Users/shimm/Cerebrum-Blocks/block_store/kits/legal_general_retrieval_eval/corpus/maud/Vine_Energy_Inc_Chesapeake_Energy.txt,359782,.txt,text/plain,61e4e618aba2c715b76e8d3fb383bf60c34d604e5a230521788f8988985a0d4b,null,"{""encoding"": ""UTF-8-SIG"", ""sample_lines"": 5}",
legal_general_retrieval_eval,Cerebrum-Blocks/block_store/kits/legal_general_retrieval_eval/corpus/maud/Virtusa Corporation_Baring Private Equity Asia.txt,C:/Users/shimm/Cerebrum-Blocks/block_store/kits/legal_general_retrieval_eval/corpus/maud/Virtusa Corporation_Baring Private Equity Asia.txt,344695,.txt,text/plain,23bf92b38740fab7ab07b453c9226a1f0a39aef426ff368829d71bf2fbd0cc77,null,"{""encoding"": ""UTF-8-SIG"", ""sample_lines"": 5}",
legal_general_retrieval_eval,"Cerebrum-Blocks/block_store/kits/legal_general_retrieval_eval/corpus/maud/Waddell _ Reed Financial, Inc._Macquarie Group Limited.txt","C:/Users/shimm/Cerebrum-Blocks/block_store/kits/legal_general_retrieval_eval/corpus/maud/Waddell _ Reed Financial, Inc._Macquarie Group Limited.txt",421201,.txt,text/plain,58a92edfe59f24709cad8eb254b8f5e514f94c7d65d02f46b9f8d3cf9f537ba4,null,"{""encoding"": ""UTF-8-SIG"", ""sample_lines"": 5}",
legal_general_retrieval_eval,Cerebrum-Blocks/block_store/kits/legal_general_retrieval_eval/corpus/maud/Weingarten Realty Investors_Kimco Realty Corporation.txt,C:/Users/shimm/Cerebrum-Blocks/block_store/kits/legal_general_retrieval_eval/corpus/maud/Weingarten Realty Investors_Kimco Realty Corporation.txt,359761,.txt,text/plain,7a84e0d4d21183ede27195bbaded6976e3ef3af05e72ad05aea0a73f4ad6a96e,null,"{""encoding"": ""UTF-8-SIG"", ""sample_lines"": 5}",
legal_general_retrieval_eval,"Cerebrum-Blocks/block_store/kits/legal_general_retrieval_eval/corpus/maud/WPX Energy, Inc._Devon Energy Corporation.txt","C:/Users/shimm/Cerebrum-Blocks/block_store/kits/legal_general_retrieval_eval/corpus/maud/WPX Energy, Inc._Devon Energy Corporation.txt",820706,.txt,text/plain,9bc25993a6222e08eb22b0297d022efd6bda9c2ccf12edec69dd39b790b01145,null,"{""encoding"": ""UTF-8-SIG"", ""sample_lines"": 5}",
legal_general_retrieval_eval,Cerebrum-Blocks/block_store/kits/legal_general_retrieval_eval/corpus/maud/W_R_Grace_Co_40_North_Management_LLC.txt,C:/Users/shimm/Cerebrum-Blocks/block_store/kits/legal_general_retrieval_eval/corpus/maud/W_R_Grace_Co_40_North_Management_LLC.txt,314920,.txt,text/plain,abf35d377862b341a5b758218317fc0c2777df150278ab8e9e5899cb36c93956,null,"{""encoding"": ""UTF-8-SIG"", ""sample_lines"": 5}",
legal_general_retrieval_eval,"Cerebrum-Blocks/block_store/kits/legal_general_retrieval_eval/corpus/maud/Xilinx, Inc._Advanced Micro Devices, Inc..txt","C:/Users/shimm/Cerebrum-Blocks/block_store/kits/legal_general_retrieval_eval/corpus/maud/Xilinx, Inc._Advanced Micro Devices, Inc..txt",412983,.txt,text/plain,46788f2766992f91689e162490fb2d26976fd3d6c61d74b57bcf62bed9115cd0,null,"{""encoding"": ""UTF-8-SIG"", ""sample_lines"": 5}",
legal_general_retrieval_eval,Cerebrum-Blocks/block_store/kits/legal_general_retrieval_eval/corpus/maud/Zix_Corporation_Open_Text_Corporation.txt,C:/Users/shimm/Cerebrum-Blocks/block_store/kits/legal_general_retrieval_eval/corpus/maud/Zix_Corporation_Open_Text_Corporation.txt,376017,.txt,text/plain,af8628335061f5515b99079acc4c92e0ae254a94b9d9097e6b03b7b31c3d1f86,null,"{""encoding"": ""utf-8"", ""sample_lines"": 5}",
legal_general_retrieval_eval,Cerebrum-Blocks/block_store/kits/legal_general_retrieval_eval/corpus/privacy_qa/23andMe.txt,C:/Users/shimm/Cerebrum-Blocks/block_store/kits/legal_general_retrieval_eval/corpus/privacy_qa/23andMe.txt,54158,.txt,text/plain,ed183f97d2ac4dfd0d9ce4d294ee8c581a4cc8b2ffb2698d8dd7ba02653be17d,null,"{""encoding"": ""utf-8"", ""sample_lines"": 5}",
legal_general_retrieval_eval,Cerebrum-Blocks/block_store/kits/legal_general_retrieval_eval/corpus/privacy_qa/Fiverr.txt,C:/Users/shimm/Cerebrum-Blocks/block_store/kits/legal_general_retrieval_eval/corpus/privacy_qa/Fiverr.txt,25422,.txt,text/plain,ec00856006e0881345a21f133d79d374e00169325f2ddf37dc3e824f06398ac3,null,"{""encoding"": ""utf-8"", ""sample_lines"": 5}",
legal_general_retrieval_eval,Cerebrum-Blocks/block_store/kits/legal_general_retrieval_eval/corpus/privacy_qa/Groupon.txt,C:/Users/shimm/Cerebrum-Blocks/block_store/kits/legal_general_retrieval_eval/corpus/privacy_qa/Groupon.txt,27447,.txt,text/plain,578cb23d14675062b43c7855729c3f6ef5b4e480a93b7e992d6c9e7f2b8b4c91,null,"{""encoding"": ""utf-8"", ""sample_lines"": 5}",
legal_general_retrieval_eval,Cerebrum-Blocks/block_store/kits/legal_general_retrieval_eval/corpus/privacy_qa/Keep.txt,C:/Users/shimm/Cerebrum-Blocks/block_store/kits/legal_general_retrieval_eval/corpus/privacy_qa/Keep.txt,10904,.txt,text/plain,e2b4782b7611593798332c228b084ee72ed2fa81c5170818116b9092dfa7d8d2,null,"{""encoding"": ""utf-8"", ""sample_lines"": 5}",
legal_general_retrieval_eval,"Cerebrum-Blocks/block_store/kits/legal_general_retrieval_eval/corpus/privacy_qa/TickTick_ To Do List with Reminder, Day Planner.txt","C:/Users/shimm/Cerebrum-Blocks/block_store/kits/legal_general_retrieval_eval/corpus/privacy_qa/TickTick_ To Do List with Reminder, Day Planner.txt",3179,.txt,text/plain,4d18f883fae1f6b65514c00e8d890e5621c833081a7047db30f7fb575502e778,null,"{""encoding"": ""utf-8"", ""sample_lines"": 5}",
legal_general_retrieval_eval,Cerebrum-Blocks/block_store/kits/legal_general_retrieval_eval/corpus/privacy_qa/Viber Messenger.txt,C:/Users/shimm/Cerebrum-Blocks/block_store/kits/legal_general_retrieval_eval/corpus/privacy_qa/Viber Messenger.txt,27664,.txt,text/plain,6c92fa4cadaef3b1f37d0d34ea81cbccfcf3576d321e63fb916c24e64e100767,null,"{""encoding"": ""ascii"", ""sample_lines"": 5}",
legal_general_retrieval_eval,Cerebrum-Blocks/block_store/kits/legal_general_retrieval_eval/corpus/privacy_qa/Wordscapes.txt,C:/Users/shimm/Cerebrum-Blocks/block_store/kits/legal_general_retrieval_eval/corpus/privacy_qa/Wordscapes.txt,28090,.txt,text/plain,a7bb1583086f407bf110fe1fd43b2a4fcbc60cfc7c8e09e1188f612725fd2295,null,"{""encoding"": ""ascii"", ""sample_lines"": 5}",
legal_australia_victoria_criminal,Cerebrum-Blocks/block_store/kits/legal_australia_victoria_criminal/corpus.jsonl,C:/Users/shimm/Cerebrum-Blocks/block_store/kits/legal_australia_victoria_criminal/corpus.jsonl,7577149,.jsonl,application/json,3a3565bc5429f6cead90548e81f87352b449927e4be1cdd804c28d766bb9c246,null,"{""rows"": 4876, ""keys"": [""footnotes"", ""id"", ""text"", ""title""]}",
legal_australia_victoria_criminal,Cerebrum-Blocks/block_store/kits/legal_australia_victoria_criminal/qa.jsonl,C:/Users/shimm/Cerebrum-Blocks/block_store/kits/legal_australia_victoria_criminal/qa.jsonl,66298,.jsonl,application/json,e3b869a4e293d081ec5f5b39c2058c8d27b36f611aa9f8275eb1877a7c8b38b0,null,"{""rows"": 100, ""keys"": [""answer"", ""id"", ""question"", ""relevant_passage_id""]}",
legal_australia_victoria_criminal,Cerebrum-Blocks/block_store/kits/legal_australia_victoria_criminal/README.md,C:/Users/shimm/Cerebrum-Blocks/block_store/kits/legal_australia_victoria_criminal/README.md,5341,.md,application/octet-stream,307212460ed79627f785962b6e60b78b955e25ff6c5ef8c42d8bea86634611f7,null,"{""encoding"": ""utf-8"", ""sample_lines"": 5}",
insurance_eu_solvency_core,Cerebrum-Blocks/block_store/kits/insurance_eu_solvency_core/eiopa-solvency-ii-delegated-regulation-2015-35.html,C:/Users/shimm/Cerebrum-Blocks/block_store/kits/insurance_eu_solvency_core/eiopa-solvency-ii-delegated-regulation-2015-35.html,407503,.html,text/html,c0ffeb6bbaf31d95b4f967e0741d24c4fed235682cfd3b56079938ec15975ea7,null,"{""title"": ""DELEGATED REGULATION (EU) 2015/35 | European Insurance and Occupational Pensions Authority""}",
insurance_eu_solvency_core,Cerebrum-Blocks/block_store/kits/insurance_eu_solvency_core/eiopa-solvency-ii-directive-2009-138-ec.html,C:/Users/shimm/Cerebrum-Blocks/block_store/kits/insurance_eu_solvency_core/eiopa-solvency-ii-directive-2009-138-ec.html,347661,.html,text/html,1480ef9db298f99239b96271de7d997678fa9405e3987afd5e98c7b5ec9dd973,null,"{""title"": ""DIRECTIVE 138/2009/EC (SOLVENCY II DIRECTIVE) | European Insurance and Occupational Pensions Authority""}",
insurance_eu_solvency_core,Cerebrum-Blocks/block_store/kits/insurance_eu_solvency_core/eiopa-solvency-ii-single-rulebook.html,C:/Users/shimm/Cerebrum-Blocks/block_store/kits/insurance_eu_solvency_core/eiopa-solvency-ii-single-rulebook.html,65451,.html,text/html,eec6526163539d3c6956c0bc52d475164af56e99b5e1181a58fe3eee29962f0a,null,"{""title"": ""Solvency II Single Rulebook | European Insurance and Occupational Pensions Authority""}",
insurance_eu_solvency_core,Cerebrum-Blocks/block_store/kits/insurance_eu_solvency_core/eiopa-solvency2-single-rulebook-user-guide.pdf,C:/Users/shimm/Cerebrum-Blocks/block_store/kits/insurance_eu_solvency_core/eiopa-solvency2-single-rulebook-user-guide.pdf,891852,.pdf,application/pdf,6c09d7d03d1e2e9761e03d5cb60a800811d421e15fbd083b5a7ad130adaf8a85,null,"{""pages"": 10, ""text_extractable"": true}",
insurance_eu_solvency_core,Cerebrum-Blocks/block_store/kits/insurance_eu_solvency_core/metadata.json,C:/Users/shimm/Cerebrum-Blocks/block_store/kits/insurance_eu_solvency_core/metadata.json,2421,.json,application/json,80a3819d7d411ee2f0b65d5cae5f713702d1ae582735e72e243e645e6969b212,null,"{""rows"": null, ""type"": ""dict"", ""keys"": [""files"", ""kit_name"", ""licence_note"", ""recommended_classification"", ""retrieved_at"", ""scope"", ""source"", ""source_url"", ""subject""]}",
insurance_eu_regulatory_qa,Cerebrum-Blocks/block_store/kits/insurance_eu_regulatory_qa/eiopa-qa-archive.xlsx,C:/Users/shimm/Cerebrum-Blocks/block_store/kits/insurance_eu_regulatory_qa/eiopa-qa-archive.xlsx,1286679,.xlsx,application/vnd.openxmlformats-officedocument.spreadsheetml.sheet,913e93b2d1506409087bcee8be776336f2a69105b8f50d31aa4fadddb2cd9bf4,null,"{""sheets"": [{""name"": ""Eiopa QA Export"", ""rows"": 2654}]}",
insurance_eu_regulatory_qa,Cerebrum-Blocks/block_store/kits/insurance_eu_regulatory_qa/insurance_eu_regulatory_qa_sample.csv,C:/Users/shimm/Cerebrum-Blocks/block_store/kits/insurance_eu_regulatory_qa/insurance_eu_regulatory_qa_sample.csv,130513,.csv,application/vnd.ms-excel,575e136c0a51e9b19b7f20749c1a95b7cf198d579de49f1f18721c7758c7b294,null,"{""rows"": 80, ""columns"": 11, ""header"": [""question_id"", ""question"", ""answer"", ""regulation_reference"", ""article"", ""template"", ""qa_topic"", ""submitted_on"", ""answered_on"", ""source_url"", ""retrieved_at""]}",
insurance_eu_regulatory_qa,Cerebrum-Blocks/block_store/kits/insurance_eu_regulatory_qa/insurance_eu_regulatory_qa_sample.jsonl,C:/Users/shimm/Cerebrum-Blocks/block_store/kits/insurance_eu_regulatory_qa/insurance_eu_regulatory_qa_sample.jsonl,145311,.jsonl,application/json,0640d84a30b3d28464fac48aa4e301e881c2b59961c77b70b0a82a01c2de4da5,null,"{""rows"": 80, ""keys"": [""answer"", ""answered_on"", ""article"", ""qa_topic"", ""question"", ""question_id"", ""regulation_reference"", ""retrieved_at"", ""source_url"", ""submitted_on"", ""template""]}",
insurance_eu_regulatory_qa,Cerebrum-Blocks/block_store/kits/insurance_eu_regulatory_qa/metadata.json,C:/Users/shimm/Cerebrum-Blocks/block_store/kits/insurance_eu_regulatory_qa/metadata.json,2860,.json,application/json,dcfdc4688c019043acf7ebd782e18207621ea9f713090851f58dd2e473461977,null,"{""rows"": null, ""type"": ""dict"", ""keys"": [""fields"", ""files"", ""kit_name"", ""licence_note"", ""recommended_classification"", ""retrieved_at"", ""sample_statistics"", ""scraping_config"", ""source"", ""source_url"", ""subject""]}",
insurance_eu_regulatory_qa,Cerebrum-Blocks/block_store/kits/insurance_eu_regulatory_qa/qa_archive_metadata.txt,C:/Users/shimm/Cerebrum-Blocks/block_store/kits/insurance_eu_regulatory_qa/qa_archive_metadata.txt,6375,.txt,text/plain,4796404184306e64fc86b4ab2b5ad1918663f5de3df5ea6732767f5ac1e808d2,null,"{""encoding"": ""ascii"", ""sample_lines"": 5}",
insurance_eu_regulatory_qa,Cerebrum-Blocks/block_store/kits/insurance_eu_regulatory_qa/sample_ids.txt,C:/Users/shimm/Cerebrum-Blocks/block_store/kits/insurance_eu_regulatory_qa/sample_ids.txt,469,.txt,text/plain,f7ddb67ce8b7604cb5df15d2f2a0262c270d570094eeae1a56d952885d73f1f1,null,"{""encoding"": ""ascii"", ""sample_lines"": 5}",
insurance_eu_regulatory_qa,Cerebrum-Blocks/block_store/kits/insurance_eu_regulatory_qa/sample_metadata.csv,C:/Users/shimm/Cerebrum-Blocks/block_store/kits/insurance_eu_regulatory_qa/sample_metadata.csv,120712,.csv,application/vnd.ms-excel,26ddef7e8f8544fd9db2d60909bf95a6b6be7ef4aaabbc0e824cf66a8505b323,null,"{""rows"": 80, ""columns"": 10, ""header"": [""Question ID"", ""Submitted on"", ""Answered on"", ""Regulation Reference"", ""QA Topic"", ""Article"", ""Template"", ""Question"", ""Background of the question"", ""EIOPA Answer""]}",
insurance_eu_regulatory_qa,Cerebrum-Blocks/block_store/kits/insurance_eu_regulatory_qa/scrape_qa_sample.py,C:/Users/shimm/Cerebrum-Blocks/block_store/kits/insurance_eu_regulatory_qa/scrape_qa_sample.py,8899,.py,text/x-python,2a6e7d13c3d9fe1d9f9eaf67b1a60f75b40c5a15099d50cfd3689a18aaf0dd27,null,"{""encoding"": ""utf-8"", ""sample_lines"": 5}",
insurance_eu_regulatory_qa,Cerebrum-Blocks/block_store/kits/insurance_eu_regulatory_qa/scraping_failed.txt,C:/Users/shimm/Cerebrum-Blocks/block_store/kits/insurance_eu_regulatory_qa/scraping_failed.txt,182,.txt,text/plain,572dd9861ae994a0158e3ee139415e57dc811dafd79cb8490b0142ea51e5c037,null,"{""encoding"": ""ascii"", ""sample_lines"": 2}",
aviation_faa_core_rag,Cerebrum-Blocks/block_store/kits/aviation_faa_core_rag/AIM_Basic_w_Chg_1_2_3_dtd_7-9-26.pdf,C:/Users/shimm/Cerebrum-Blocks/block_store/kits/aviation_faa_core_rag/AIM_Basic_w_Chg_1_2_3_dtd_7-9-26.pdf,42727799,.pdf,application/pdf,aa64a8be658f54a2f6d7fbb4b0d3ae222942446ad200926e5c88d8afca39dc8b,null,"{""pages"": 781, ""text_extractable"": true}",
aviation_faa_core_rag,Cerebrum-Blocks/block_store/kits/aviation_faa_core_rag/aim_index.html,C:/Users/shimm/Cerebrum-Blocks/block_store/kits/aviation_faa_core_rag/aim_index.html,24118,.html,text/html,92bbbac822f89a449831c649c309e4ea841b34b76e6acb150a821446a0c8aef4,null,"{""title"": ""Aeronautical Information Manual""}",
aviation_faa_core_rag,Cerebrum-Blocks/block_store/kits/aviation_faa_core_rag/cfr_part_121.xml,C:/Users/shimm/Cerebrum-Blocks/block_store/kits/aviation_faa_core_rag/cfr_part_121.xml,1198481,.xml,text/xml,2062dc17dab71fe39133bc0fe95840b3b120eea37706a4c74a1c54ccea85c451,null,"{""root"": ""DIV5""}",
aviation_faa_core_rag,Cerebrum-Blocks/block_store/kits/aviation_faa_core_rag/cfr_part_135.xml,C:/Users/shimm/Cerebrum-Blocks/block_store/kits/aviation_faa_core_rag/cfr_part_135.xml,671783,.xml,text/xml,ae9d61a8b86fb80eb74d2c43f9b87b16287b680001949e19183d32430380e04b,null,"{""root"": ""DIV5""}",
aviation_faa_core_rag,Cerebrum-Blocks/block_store/kits/aviation_faa_core_rag/cfr_part_61.xml,C:/Users/shimm/Cerebrum-Blocks/block_store/kits/aviation_faa_core_rag/cfr_part_61.xml,619885,.xml,text/xml,18cada82fc643756c9bc73e51d581c3cd8c7fb655d5090c06651a7f6c25db120,null,"{""root"": ""DIV5""}",
aviation_faa_core_rag,Cerebrum-Blocks/block_store/kits/aviation_faa_core_rag/cfr_part_91.xml,C:/Users/shimm/Cerebrum-Blocks/block_store/kits/aviation_faa_core_rag/cfr_part_91.xml,801286,.xml,text/xml,3135cac0541bf5d82ee80ff9dca4c271aabbdb9acafd935e501b15c6e533cb99,null,"{""root"": ""DIV5""}",
aviation_faa_eval,Cerebrum-Blocks/block_store/kits/aviation_faa_eval/README.md,C:/Users/shimm/Cerebrum-Blocks/block_store/kits/aviation_faa_eval/README.md,5636,.md,application/octet-stream,de4b759a75946154e141d12a76ffcbc5f5f5aaeb9cfefcada5fcc8e2fb359458,null,"{""encoding"": ""utf-8"", ""sample_lines"": 5}",
aviation_faa_eval,Cerebrum-Blocks/block_store/kits/aviation_faa_eval/ziksy_faa-aviation-training_test.jsonl,C:/Users/shimm/Cerebrum-Blocks/block_store/kits/aviation_faa_eval/ziksy_faa-aviation-training_test.jsonl,987721,.jsonl,application/json,7a684df5731dcf43737bb063c36e99a0f5361d33616535fd60b327962a450ea9,null,"{""rows"": 660, ""keys"": [""category"", ""difficulty"", ""format"", ""instruction"", ""output"", ""source"", ""system_prompt"", ""text""]}",
aviation_faa_eval,Cerebrum-Blocks/block_store/kits/aviation_faa_eval/ziksy_faa-aviation-training_train.jsonl,C:/Users/shimm/Cerebrum-Blocks/block_store/kits/aviation_faa_eval/ziksy_faa-aviation-training_train.jsonl,16377454,.jsonl,application/json,6c21552a84793e04b08de7639ab48780c48174fbe3e9dd5c08ac954c8fcede79,null,"{""rows"": 8899, ""keys"": [""category"", ""difficulty"", ""format"", ""instruction"", ""output"", ""source"", ""system_prompt"", ""text""]}",
medical_clinical_guidelines,Cerebrum-Blocks/block_store/kits/medical_clinical_guidelines/LICENSE_guidelines,C:/Users/shimm/Cerebrum-Blocks/block_store/kits/medical_clinical_guidelines/LICENSE_guidelines,0,,application/octet-stream,e3b0c44298fc1c149afbf4c8996fb92427ae41e4649b934ca495991b7852b855,null,{},empty file (0 bytes)
medical_clinical_guidelines,Cerebrum-Blocks/block_store/kits/medical_clinical_guidelines/open_guidelines_sample_head.jsonl,C:/Users/shimm/Cerebrum-Blocks/block_store/kits/medical_clinical_guidelines/open_guidelines_sample_head.jsonl,500000,.jsonl,application/json,d51f9fcf7cf95ac295d9b2c5abcc063532d9e0929007caa6e707782122940f50,null,"{""rows"": 17, ""keys"": [""clean_text"", ""id"", ""overview"", ""raw_text"", ""source"", ""title"", ""url""]}",malformed JSON lines: 1
medical_clinical_guidelines,Cerebrum-Blocks/block_store/kits/medical_clinical_guidelines/README_guidelines.md,C:/Users/shimm/Cerebrum-Blocks/block_store/kits/medical_clinical_guidelines/README_guidelines.md,16063,.md,application/octet-stream,ee489152a0fe77bee3313b948b5c756dd4cd2160060ff1e6aff15f396a9084c4,null,"{""encoding"": ""utf-8"", ""sample_lines"": 5}",
medical_pubmedqa_eval,Cerebrum-Blocks/block_store/kits/medical_pubmedqa_eval/LICENSE_pubmedqa,C:/Users/shimm/Cerebrum-Blocks/block_store/kits/medical_pubmedqa_eval/LICENSE_pubmedqa,1065,,application/octet-stream,8e75abc6136be91e5ae66dbb6dda07c8bc9dcc215ed3bc1ba3ae7fab7904777e,null,{},
medical_pubmedqa_eval,Cerebrum-Blocks/block_store/kits/medical_pubmedqa_eval/ori_pqal.json,C:/Users/shimm/Cerebrum-Blocks/block_store/kits/medical_pubmedqa_eval/ori_pqal.json,2584787,.json,application/json,8b3276be8942ebbd77f3ddcda12c1749bf0e490045a736fd8438ee40cf37a41d,null,"{""rows"": null, ""type"": ""dict"", ""keys"": [""10135926"", ""10158597"", ""10173769"", ""10201555"", ""10223070"", ""10331115"", ""10340286"", ""10354335"", ""10375486"", ""10381996"", ""10401824"", ""10411439"", ""10430303"", ""10456814"", ""10473855"", ""10490564"", ""10548670"", ""10575390"", ""10577397"", ""10593212"", ""10605400"", ""10732884"", ""10749257"", ""10757151"", ""10759659"", ""10781708"", ""10783841"", ""10798511"", ""10808977"", ""10811329"", ""10834864"", ""10877371"", ""10922093"", ""10927144"", ""10966337"", ""10966943"", ""10973547"", ""11034241"", ""11035130"", ""11053064"", ""11079675"", ""11138995"", ""11146778"", ""11149643"", ""11247896"", ""11296674"", ""11334578"", ""11340218"", ""11380492"", ""11411430"", ""11413427"", ""11438275"", ""11458136"", ""11481172"", ""11481599"", ""11483547"", ""11500608"", ""11555508"", ""11566686"", ""11567820"", ""11570976"", ""11601252"", ""11713724"", ""11729377"", ""11759976"", ""11776681"", ""11799314"", ""11833948"", ""11838307"", ""11862129"", ""11867487"", ""11882828"", ""11888773"", ""11926574"", ""11943048"", ""11955750"", ""11970923"", ""11977907"", ""11978239"", ""12006913"", ""12040336"", ""12068831"", ""12070552"", ""12090319"", ""12094116"", ""12095973"", ""12098035"", ""12121321"", ""12142826"", ""12145243"", ""12153648"", ""12163782"", ""12172698"", ""12221908"", ""12238307"", ""12377809"", ""12380309"", ""12407608"", ""12419743"", ""12442934"", ""12484580"", ""12595848"", ""12607120"", ""12607666"", ""12612531"", ""12626177"", ""12630042"", ""12632437"", ""12684740"", ""12690589"", ""12765819"", ""12769830"", ""12790890"", ""12805495"", ""12836106"", ""12846929"", ""12848629"", ""12855939"", ""12913347"", ""12913878"", ""12920330"", ""12947068"", ""12963175"", ""12970636"", ""14518645"", ""14551704"", ""14599616"", ""14612308"", ""14627582"", ""14631523"", ""14652839"", ""14655021"", ""14692023"", ""14697414"", ""14713788"", ""14745753"", ""14872327"", ""14968373"", ""14976655"", ""14978612"", ""14992556"", ""15000338"", ""15041506"", ""15050326"", ""15052394"", ""15053041"", ""15065192"", ""15095519"", ""15112004"", ""15125825"", ""15137012"", ""15141797"", ""15151701"", ""15208005"", ""15222284"", ""15223725"", ""15223779"", ""15280782"", ""15369037"", ""15381614"", ""15388567"", ""15466981"", ""15475728"", ""15477551"", ""15483019"", ""15488260"", ""15489384"", ""15502995"", ""15528969"", ""15530261"", ""15539888"", ""15588538"", ""15597845"", ""15631914"", ""15670262"", ""15687156"", ""15703931"", ""15708048"", ""1571683"", ""15774570"", ""15787677"", ""15800018"", ""15841770"", ""15879722"", ""15918864"", ""15919266"", ""15939071"", ""15943725"", ""15954832"", ""15962678"", ""15995461"", ""16046584"", ""16097998"", ""16100194"", ""16147837"", ""16151770"", ""16155169"", ""16195477"", ""16216859"", ""16241924"", ""16249670"", ""16253970"", ""16266387"", ""16296668"", ""16319544"", ""16361634"", ""16392897"", ""16403186"", ""16414216"", ""16418930"", ""16428354"", ""16432652"", ""16465002"", ""16498158"", ""16510651"", ""16538201"", ""16564683"", ""16647887"", ""16678696"", ""16713745"", ""16735905"", ""16769333"", ""16772913"", ""16776337"", ""16778275"", ""16809243"", ""16816043"", ""16827975"", ""16872243"", ""16909975"", ""16956164"", ""16962519"", ""16968183"", ""16968876"", ""16971978"", ""16991071"", ""17008699"", ""17032327"", ""17051586"", ""17054994"", ""17062225"", ""17062234"", ""17076091"", ""17076590"", ""17089900"", ""17096624"", ""17105833"", ""17113061"", ""17179167"", ""17192736"", ""17208539"", ""17220021"", ""17224424"", ""17244100"", ""17259061"", ""17274051"", ""17276182"", ""17276801"", ""17279467"", ""17295865"", ""17306983"", ""17312514"", ""17323047"", ""17329379"", ""17335331"", ""17342562"", ""17355582"", ""17403428"", ""17429333"", ""17444776"", ""17445978"", ""17453263"", ""17462393"", ""17483607"", ""17489316"", ""17502203"", ""17551944"", ""17559449"", ""17562682"", ""17565137"", ""17578985"", ""17593459"", ""17595200"", ""17598882"", ""17601244"", ""17606778"", ""17610439"", ""17621202"", ""17682349"", ""17691856"", ""17704864"", ""17715311"", ""17890090"", ""17894828"", ""17910536"", ""17914515"", ""17916877"", ""17919952"", ""17940352"", ""17971187"", ""18005142"", ""18019905"", ""18041059"", ""18049437"", ""18065862"", ""18086459"", ""18096128"", ""18158048"", ""18179827"", ""18182265"", ""18222909"", ""18235194"", ""18239988"", ""18243752"", ""18251357"", ""18269157"", ""18274917"", ""18284441"", ""18307476"", ""18319270"", ""18322741"", ""18359123"", ""18375490"", ""18378554"", ""18388848"", ""18399830"", ""18403944"", ""18403945"", ""18435678"", ""18439500"", ""18472368"", ""18496363"", ""18507507"", ""18534072"", ""18537964"", ""18540901"", ""18565233"", ""18568239"", ""18568290"", ""18570208"", ""18575014"", ""18594195"", ""18603989"", ""18607272"", ""18616781"", ""18619710"", ""18667100"", ""18670651"", ""18693227"", ""18708308"", ""18714572"", ""18719011"", ""18783922"", ""18784527"", ""18799291"", ""18800356"", ""18801797"", ""18802997"", ""18832500"", ""18843057"", ""18847643"", ""18926458"", ""18928979"", ""18948835"", ""18955431"", ""19027440"", ""19054501"", ""19058191"", ""19100463"", ""19103915"", ""19106867"", ""19108857"", ""19130332"", ""19131405"", ""19142546"", ""19145527"", ""19155657"", ""19156007"", ""19198736"", ""19230985"", ""19237087"", ""19268855"", ""19299238"", ""19302863"", ""19309468"", ""19322056"", ""19327500"", ""19351635"", ""19394934"", ""19398929"", ""19401574"", ""19406119"", ""19409117"", ""19419587"", ""19430778"", ""19444061"", ""19459018"", ""19468282"", ""19481382"", ""19482903"", ""19504993"", ""19520213"", ""19542542"", ""19546588"", ""19575104"", ""19575307"", ""19578820"", ""19593710"", ""19608436"", ""19615731"", ""19640728"", ""19643525"", ""19648304"", ""19653482"", ""19664156"", ""19683101"", ""19694846"", ""19711462"", ""19712912"", ""19757704"", ""19822586"", ""19836806"", ""19852337"", ""19854401"", ""19913785"", ""19923859"", ""19925761"", ""19931500"", ""20011163"", ""20064872"", ""20073599"", ""20082356"", ""20084845"", ""20101129"", ""20121683"", ""20130378"", ""20156655"", ""20187289"", ""20197761"", ""20297950"", ""20304513"", ""20306735"", ""20337202"", ""20337874"", ""20338971"", ""20353735"", ""20354380"", ""20363841"", ""20382292"", ""20401819"", ""20488985"", ""20497146"", ""20497880"", ""20530150"", ""20537205"", ""20538207"", ""20549895"", ""20571467"", ""20577124"", ""20594006"", ""20602101"", ""20602784"", ""20605051"", ""20608141"", ""20629769"", ""20674150"", ""20684175"", ""20736672"", ""20736887"", ""20813740"", ""20828836"", ""20842006"", ""20850631"", ""20871246"", ""20971618"", ""21074975"", ""21080127"", ""21084567"", ""21123461"", ""21164063"", ""21166749"", ""21172844"", ""21190419"", ""21194998"", ""21198823"", ""21214884"", ""21228436"", ""21252642"", ""21256734"", ""21276532"", ""21342862"", ""21346501"", ""21361755"", ""21368683"", ""21394762"", ""21398266"", ""21402341"", ""21420186"", ""21431987"", ""21457946"", ""21459725"", ""21481154"", ""21550158"", ""21558951"", ""21569408"", ""21592383"", ""21593045"", ""21618245"", ""21645374"", ""21658267"", ""21669959"", ""21689015"", ""21712147"", ""21726930"", ""21739621"", ""21745056"", ""21756515"", ""21789019"", ""21801416"", ""21823940"", ""21845457"", ""21848798"", ""21849531"", ""21850494"", ""21864397"", ""21865668"", ""21873082"", ""21880023"", ""21881325"", ""21889895"", ""21900017"", ""21904069"", ""21914194"", ""21946341"", ""21951591"", ""21952349"", ""21979183"", ""22011946"", ""22012962"", ""22023714"", ""22042121"", ""22075911"", ""22108230"", ""22117569"", ""22154448"", ""22186742"", ""22188074"", ""22205377"", ""22211919"", ""22227642"", ""22233470"", ""22236315"", ""22237146"", ""2224269"", ""22251324"", ""22266735"", ""22301406"", ""22302658"", ""22302761"", ""22303473"", ""22324545"", ""22348433"", ""22349635"", ""22350859"", ""22365295"", ""22382608"", ""22411435"", ""22427593"", ""22428608"", ""22440363"", ""22449464"", ""22453060"", ""22491528"", ""22497340"", ""22504515"", ""22513023"", ""22519710"", ""22521460"", ""22522271"", ""22532370"", ""22534881"", ""22537902"", ""22540518"", ""22564465"", ""22617083"", ""22644412"", ""22656647"", ""22658587"", ""22668712"", ""22668852"", ""22680064"", ""22683044"", ""22694248"", ""22706226"", ""22720085"", ""22758782"", ""22768311"", ""22813804"", ""22825590"", ""22849512"", ""22867778"", ""22876568"", ""22900881"", ""22902073"", ""22954812"", ""22955530"", ""22970993"", ""22972546"", ""22979954"", ""22990761"", ""23002947"", ""23025584"", ""23048048"", ""23052500"", ""23072266"", ""23076787"", ""23088164"", ""23096188"", ""23147106"", ""23149821"", ""23177368"", ""23222920"", ""23224030"", ""23228527"", ""23234860"", ""23240452"", ""23252468"", ""23264436"", ""23283159"", ""23321509"", ""23337545"", ""23347337"", ""23348330"", ""23356465"", ""23359100"", ""23360491"", ""23361217"", ""23375036"", ""23379759"", ""23386371"", ""23389866"", ""23412195"", ""23414523"", ""23422012"", ""23448747"", ""23449952"", ""23453079"", ""23455575"", ""23495128"", ""23497210"", ""23506394"", ""23517744"", ""23539689"", ""23568387"", ""23571528"", ""23587089"", ""23588461"", ""23598835"", ""23601294"", ""23621776"", ""23677366"", ""23690198"", ""23719685"", ""23735520"", ""23736032"", ""23761381"", ""23774337"", ""23791827"", ""23792130"", ""23794696"", ""23806388"", ""23810330"", ""23831910"", ""23848044"", ""23860049"", ""23870157"", ""23899611"", ""23916653"", ""23949294"", ""23972333"", ""23992109"", ""23999452"", ""24013712"", ""24014276"", ""24019262"", ""24061619"", ""24073931"", ""24074624"", ""24098953"", ""24139705"", ""24142776"", ""24153338"", ""24160268"", ""24172579"", ""24183388"", ""24191126"", ""24235894"", ""24237112"", ""24245816"", ""24267613"", ""24270957"", ""24298614"", ""24315783"", ""24318956"", ""24336869"", ""24340838"", ""24352924"", ""24359102"", ""24374414"", ""24433626"", ""24434052"", ""24446763"", ""24449622"", ""24450673"", ""24476003"", ""24481006"", ""24487044"", ""24495711"", ""24507422"", ""24516646"", ""24519615"", ""24577079"", ""24591144"", ""24599411"", ""24606627"", ""24614789"", ""24614851"", ""24622801"", ""24625433"", ""24630333"", ""24652474"", ""24666444"", ""24669960"", ""24671913"", ""24684514"", ""24695920"", ""24698298"", ""24739448"", ""24747511"", ""24748473"", ""24751724"", ""24783217"", ""24785562"", ""24793469"", ""24799031"", ""24809662"", ""24827404"", ""24851767"", ""24866606"", ""24901580"", ""24922528"", ""24939676"", ""24946973"", ""24947183"", ""24958650"", ""24964725"", ""24973051"", ""24977765"", ""24995509"", ""24996865"", ""25007420"", ""2503176"", ""25034219"", ""25043083"", ""25070942"", ""25079920"", ""25103647"", ""25150098"", ""25155638"", ""25156467"", ""25168472"", ""25186850"", ""25218577"", ""25228241"", ""25251991"", ""25255719"", ""25274085"", ""25277731"", ""25280365"", ""25304452"", ""25311479"", ""25336163"", ""25371231"", ""25394614"", ""25406780"", ""25417760"", ""25432938"", ""25443385"", ""25446909"", ""25475395"", ""25480629"", ""25481573"", ""25487603"", ""25488308"", ""25489696"", ""25499207"", ""25501465"", ""25503376"", ""25521278"", ""25571931"", ""25588461"", ""25592625"", ""25604390"", ""25614468"", ""25636371"", ""25669733"", ""25675614"", ""25691513"", ""25699562"", ""25725704"", ""25735444"", ""25747932"", ""25752725"", ""25752912"", ""25756710"", ""25779009"", ""25787073"", ""25793749"", ""25810292"", ""25819796"", ""25859857"", ""25885219"", ""25887165"", ""25891436"", ""25940336"", ""25957366"", ""25981682"", ""25982163"", ""25985014"", ""25986020"", ""25987398"", ""26037986"", ""26044262"", ""26063028"", ""26079501"", ""26085176"", ""26104852"", ""26113007"", ""26126304"", ""26133538"", ""26134053"", ""26163474"", ""26175531"", ""26194560"", ""26200172"", ""26209118"", ""26215326"", ""26222664"", ""26237424"", ""26285789"", ""26298839"", ""26304701"", ""26348845"", ""26363639"", ""26370095"", ""26383908"", ""26399179"", ""26418441"", ""26418796"", ""26419377"", ""26449554"", ""26452334"", ""26460153"", ""26471488"", ""26485091"", ""26505821"", ""26516021"", ""26518378"", ""26536001"", ""26548832"", ""26556589"", ""26561905"", ""26578404"", ""26601554"", ""26606599"", ""26686513"", ""26701174"", ""26708803"", ""26717802"", ""26778755"", ""26784147"", ""26818046"", ""26820719"", ""26852225"", ""26859535"", ""26864326"", ""26867834"", ""26879871"", ""26907557"", ""26923375"", ""26965932"", ""26999038"", ""27040842"", ""27044366"", ""27050489"", ""27050505"", ""27078715"", ""27096199"", ""27131771"", ""27136599"", ""27146470"", ""27184293"", ""27216167"", ""27217036"", ""27281318"", ""27287237"", ""27288618"", ""27338535"", ""27394685"", ""27405146"", ""27448572"", ""27456836"", ""27491658"", ""27549226"", ""27554179"", ""27581329"", ""27592038"", ""27615402"", ""27642458"", ""27643961"", ""27690714"", ""27757987"", ""27818079"", ""27832831"", ""27858166"", ""27884344"", ""27896825"", ""27908583"", ""27909738"", ""27928673"", ""27989969"", ""27991408"", ""28006766"", ""28011794"", ""28027677"", ""28056802"", ""28127977"", ""28143468"", ""28177278"", ""28196511"", ""28247485"", ""28359277"", ""28407529"", ""28707539"", ""29112560"", ""7482275"", ""7497757"", ""7547656"", ""7664228"", ""7860319"", ""8017535"", ""8111516"", ""8165771"", ""8199520"", ""8200238"", ""8245806"", ""8262881"", ""8375607"", ""8422202"", ""8521557"", ""8566975"", ""8738894"", ""8847047"", ""8910148"", ""8916748"", ""8921484"", ""8985020"", ""9003088"", ""9044116"", ""9100537"", ""9107172"", ""9140335"", ""9142039"", ""9191526"", ""9199905"", ""9278754"", ""9347843"", ""9363244"", ""9363529"", ""9381529"", ""9427037"", ""9444542"", ""9446993"", ""9465206"", ""9483814"", ""9488747"", ""9542484"", ""9550200"", ""9569972"", ""9582182"", ""9602458"", ""9603166"", ""9616411"", ""9645785"", ""9722752"", ""9745063"", ""9767546"", ""9792366"", ""9854965"", ""9920954""]}",
medical_pubmedqa_eval,Cerebrum-Blocks/block_store/kits/medical_pubmedqa_eval/test_ground_truth.json,C:/Users/shimm/Cerebrum-Blocks/block_store/kits/medical_pubmedqa_eval/test_ground_truth.json,11414,.json,application/json,939fe566f09017d13b1ca64d2ddfee0bc2374b366048152997669cccedc44d51,null,"{""rows"": null, ""type"": ""dict"", ""keys"": [""10135926"", ""10158597"", ""10173769"", ""10201555"", ""10223070"", ""10331115"", ""10375486"", ""10381996"", ""10401824"", ""10456814"", ""10490564"", ""10548670"", ""10749257"", ""10781708"", ""10798511"", ""10834864"", ""10877371"", ""10922093"", ""10966943"", ""10973547"", ""11035130"", ""11079675"", ""11138995"", ""11146778"", ""11411430"", ""11438275"", ""11458136"", ""11481172"", ""11481599"", ""11483547"", ""11567820"", ""11570976"", ""11833948"", ""11862129"", ""11867487"", ""11926574"", ""11943048"", ""11955750"", ""11970923"", ""11977907"", ""12006913"", ""12040336"", ""12070552"", ""12090319"", ""12094116"", ""12098035"", ""12121321"", ""12145243"", ""12163782"", ""12172698"", ""12221908"", ""12377809"", ""12380309"", ""12407608"", ""12419743"", ""12442934"", ""12484580"", ""12595848"", ""12630042"", ""12632437"", ""12765819"", ""12769830"", ""12790890"", ""12805495"", ""12846929"", ""12848629"", ""12913878"", ""12963175"", ""12970636"", ""14551704"", ""14599616"", ""14627582"", ""14631523"", ""14652839"", ""14692023"", ""14697414"", ""14872327"", ""14968373"", ""15041506"", ""15050326"", ""15052394"", ""15053041"", ""15095519"", ""15151701"", ""15208005"", ""15223779"", ""15388567"", ""15488260"", ""15489384"", ""15502995"", ""15528969"", ""15597845"", ""15708048"", ""15774570"", ""15841770"", ""15918864"", ""15919266"", ""15943725"", ""15995461"", ""16046584"", ""16147837"", ""16266387"", ""16296668"", ""16392897"", ""16403186"", ""16418930"", ""16465002"", ""16538201"", ""16678696"", ""16713745"", ""16735905"", ""16769333"", ""16772913"", ""16776337"", ""16778275"", ""16809243"", ""16816043"", ""16827975"", ""16872243"", ""16962519"", ""16968876"", ""16971978"", ""17032327"", ""17051586"", ""17054994"", ""17062234"", ""17076091"", ""17192736"", ""17208539"", ""17274051"", ""17276182"", ""17306983"", ""17342562"", ""17355582"", ""17445978"", ""17565137"", ""17598882"", ""17621202"", ""17682349"", ""17691856"", ""17894828"", ""17910536"", ""17940352"", ""17971187"", ""18019905"", ""18041059"", ""18065862"", ""18158048"", ""18179827"", ""18182265"", ""18222909"", ""18235194"", ""18239988"", ""18243752"", ""18274917"", ""18284441"", ""18307476"", ""18319270"", ""18322741"", ""18359123"", ""18378554"", ""18399830"", ""18435678"", ""18472368"", ""18496363"", ""18507507"", ""18537964"", ""18540901"", ""18565233"", ""18568239"", ""18568290"", ""18570208"", ""18594195"", ""18616781"", ""18667100"", ""18693227"", ""18708308"", ""18714572"", ""18719011"", ""18783922"", ""18802997"", ""18926458"", ""18928979"", ""19027440"", ""19100463"", ""19103915"", ""19106867"", ""19108857"", ""19130332"", ""19142546"", ""19237087"", ""19302863"", ""19351635"", ""19394934"", ""19398929"", ""19419587"", ""19430778"", ""19468282"", ""19481382"", ""19482903"", ""19520213"", ""19546588"", ""19575104"", ""19578820"", ""19593710"", ""19640728"", ""19694846"", ""19836806"", ""19854401"", ""19913785"", ""19923859"", ""20064872"", ""20084845"", ""20121683"", ""20187289"", ""20197761"", ""20297950"", ""20306735"", ""20337202"", ""20354380"", ""20537205"", ""20538207"", ""20549895"", ""20571467"", ""20577124"", ""20602101"", ""20602784"", ""20605051"", ""20608141"", ""20629769"", ""20736672"", ""20736887"", ""20850631"", ""20971618"", ""21074975"", ""21123461"", ""21164063"", ""21194998"", ""21214884"", ""21228436"", ""21252642"", ""21256734"", ""21342862"", ""21346501"", ""21361755"", ""21394762"", ""21420186"", ""21431987"", ""21459725"", ""21481154"", ""21645374"", ""21658267"", ""21689015"", ""21712147"", ""21726930"", ""21789019"", ""21823940"", ""21845457"", ""21848798"", ""21849531"", ""21850494"", ""21864397"", ""21889895"", ""21946341"", ""21952349"", ""22011946"", ""22012962"", ""22023714"", ""22042121"", ""22075911"", ""22117569"", ""22154448"", ""22188074"", ""22227642"", ""22233470"", ""22236315"", ""22237146"", ""22251324"", ""22266735"", ""22302761"", ""22348433"", ""22350859"", ""22365295"", ""22382608"", ""22453060"", ""22491528"", ""22497340"", ""22504515"", ""22513023"", ""22522271"", ""22532370"", ""22534881"", ""22537902"", ""22540518"", ""22617083"", ""22644412"", ""22656647"", ""22668712"", ""22668852"", ""22680064"", ""22683044"", ""22694248"", ""22720085"", ""22758782"", ""22825590"", ""22876568"", ""22902073"", ""23025584"", ""23076787"", ""23149821"", ""23177368"", ""23224030"", ""23283159"", ""23321509"", ""23347337"", ""23359100"", ""23361217"", ""23375036"", ""23379759"", ""23412195"", ""23422012"", ""23448747"", ""23455575"", ""23495128"", ""23497210"", ""23517744"", ""23539689"", ""23568387"", ""23571528"", ""23621776"", ""23677366"", ""23690198"", ""23736032"", ""23761381"", ""23794696"", ""23806388"", ""23810330"", ""23848044"", ""23870157"", ""23916653"", ""23949294"", ""23992109"", ""24013712"", ""24014276"", ""24061619"", ""24073931"", ""24139705"", ""24191126"", ""24245816"", ""24270957"", ""24298614"", ""24318956"", ""24336869"", ""24340838"", ""24352924"", ""24359102"", ""24449622"", ""24476003"", ""24481006"", ""24495711"", ""24507422"", ""24516646"", ""24577079"", ""24591144"", ""24614789"", ""24622801"", ""24625433"", ""24666444"", ""24669960"", ""24671913"", ""24698298"", ""24739448"", ""24751724"", ""24799031"", ""24809662"", ""24922528"", ""24977765"", ""24995509"", ""24996865"", ""25007420"", ""25043083"", ""25079920"", ""25103647"", ""25277731"", ""25280365"", ""25311479"", ""25371231"", ""25394614"", ""25475395"", ""25481573"", ""25488308"", ""25499207"", ""25503376"", ""25521278"", ""25571931"", ""25588461"", ""25604390"", ""25614468"", ""25669733"", ""25675614"", ""25699562"", ""25725704"", ""25752725"", ""25752912"", ""25756710"", ""25779009"", ""25793749"", ""25810292"", ""25887165"", ""25940336"", ""25986020"", ""26037986"", ""26113007"", ""26126304"", ""26134053"", ""26163474"", ""26200172"", ""26209118"", ""26215326"", ""26304701"", ""26348845"", ""26370095"", ""26418441"", ""26419377"", ""26460153"", ""26471488"", ""26516021"", ""26536001"", ""26548832"", ""26556589"", ""26561905"", ""26578404"", ""26601554"", ""26606599"", ""26708803"", ""26778755"", ""26820719"", ""26852225"", ""26864326"", ""26879871"", ""26907557"", ""26923375"", ""26965932"", ""27040842"", ""27044366"", ""27050489"", ""27096199"", ""27131771"", ""27136599"", ""27217036"", ""27281318"", ""27287237"", ""27338535"", ""27394685"", ""27456836"", ""27549226"", ""27592038"", ""27615402"", ""27642458"", ""27643961"", ""27757987"", ""27818079"", ""27858166"", ""27989969"", ""28056802"", ""28143468"", ""28196511"", ""28247485"", ""28359277"", ""28707539"", ""29112560"", ""7482275"", ""7497757"", ""7547656"", ""7664228"", ""7860319"", ""8165771"", ""8199520"", ""8375607"", ""8521557"", ""8566975"", ""8738894"", ""8847047"", ""8910148"", ""8916748"", ""8921484"", ""9100537"", ""9142039"", ""9199905"", ""9363244"", ""9427037"", ""9465206"", ""9483814"", ""9488747"", ""9542484"", ""9582182"", ""9603166"", ""9616411"", ""9722752"", ""9920954""]}",
retail_product_search_eval,Cerebrum-Blocks/block_store/kits/retail_product_search_eval/amazon_esci/README.md,C:/Users/shimm/Cerebrum-Blocks/block_store/kits/retail_product_search_eval/amazon_esci/README.md,5774,.md,application/octet-stream,c43ed589a5cb6e2a583b1bf49e30f0b633839fbf899a06c1c0c0e95f7dd454f0,null,"{""encoding"": ""utf-8"", ""sample_lines"": 5}",
retail_product_search_eval,Cerebrum-Blocks/block_store/kits/retail_product_search_eval/amazon_esci/products/test-00000-of-00002.parquet,C:/Users/shimm/Cerebrum-Blocks/block_store/kits/retail_product_search_eval/amazon_esci/products/test-00000-of-00002.parquet,146982884,.parquet,application/octet-stream,d501a4c0e17cce131ba9c31792144b582ca10f5365635ce9c61e9c49cdf59d95,null,"{""rows"": 221551, ""columns"": 9, ""schema"": [""pyarrow.Field<product_id: string>"", ""pyarrow.Field<product_title: string>"", ""pyarrow.Field<product_description: string>"", ""pyarrow.Field<product_bullet_point: string>"", ""pyarrow.Field<product_brand: string>"", ""pyarrow.Field<product_color: string>"", ""pyarrow.Field<product_locale: string>"", ""pyarrow.Field<split: string>"", ""pyarrow.Field<__index_level_0__: int64>""]}",
retail_product_search_eval,Cerebrum-Blocks/block_store/kits/retail_product_search_eval/amazon_esci/queries/test-00000-of-00001.parquet,C:/Users/shimm/Cerebrum-Blocks/block_store/kits/retail_product_search_eval/amazon_esci/queries/test-00000-of-00001.parquet,15691283,.parquet,application/octet-stream,7446a1a836b7ee97d11dbd2db9ba797270e97bf7dc619674142743b6f6305794,null,"{""rows"": 638016, ""columns"": 10, ""schema"": [""pyarrow.Field<example_id: int64>"", ""pyarrow.Field<query: string>"", ""pyarrow.Field<query_id: int64>"", ""pyarrow.Field<product_id: string>"", ""pyarrow.Field<product_locale: string>"", ""pyarrow.Field<esci_label: string>"", ""pyarrow.Field<small_version: int64>"", ""pyarrow.Field<large_version: int64>"", ""pyarrow.Field<split: string>"", ""pyarrow.Field<__index_level_0__: int64>""]}",
retail_product_search_eval,Cerebrum-Blocks/block_store/kits/retail_product_search_eval/amazon_esci/queries/train-00000-of-00001.parquet,C:/Users/shimm/Cerebrum-Blocks/block_store/kits/retail_product_search_eval/amazon_esci/queries/train-00000-of-00001.parquet,47904769,.parquet,application/octet-stream,3d5fcc196109f40cd51bac23af90f7000e56f3d2e2f27626438a28d2d4ad4f98,null,"{""rows"": 1983272, ""columns"": 10, ""schema"": [""pyarrow.Field<example_id: int64>"", ""pyarrow.Field<query: string>"", ""pyarrow.Field<query_id: int64>"", ""pyarrow.Field<product_id: string>"", ""pyarrow.Field<product_locale: string>"", ""pyarrow.Field<esci_label: string>"", ""pyarrow.Field<small_version: int64>"", ""pyarrow.Field<large_version: int64>"", ""pyarrow.Field<split: string>"", ""pyarrow.Field<__index_level_0__: int64>""]}",
retail_product_search_eval,Cerebrum-Blocks/block_store/kits/retail_product_search_eval/amazon_esci/retrieval/exact_queries_small.parquet,C:/Users/shimm/Cerebrum-Blocks/block_store/kits/retail_product_search_eval/amazon_esci/retrieval/exact_queries_small.parquet,5991261,.parquet,application/octet-stream,5313b26fc6fffd05622f42ef6674c5504f523521f331f77984c476814b2a5969,null,"{""rows"": 48299, ""columns"": 5, ""schema"": [""pyarrow.Field<query_id: int64>"", ""pyarrow.Field<query: string>"", ""pyarrow.Field<query_locale: string>"", ""pyarrow.Field<pos_product_ids: list<element: string>>"", ""pyarrow.Field<split: string>""]}",
retail_product_search_eval,Cerebrum-Blocks/block_store/kits/retail_product_search_eval/wands/README.md,C:/Users/shimm/Cerebrum-Blocks/block_store/kits/retail_product_search_eval/wands/README.md,4605,.md,application/octet-stream,cfcb7a8c9d51f5605a7486d0f223a3ef1f4820517f65322ee850080825377678,null,"{""encoding"": ""ascii"", ""sample_lines"": 5}",
retail_product_search_eval,Cerebrum-Blocks/block_store/kits/retail_product_search_eval/wands/data/data.jsonl.gz,C:/Users/shimm/Cerebrum-Blocks/block_store/kits/retail_product_search_eval/wands/data/data.jsonl.gz,120859365,.gz,application/octet-stream,2d819da2f328b9ab173c3b3df9cfd3b4a04f43e62a4ca22b5fa66ebfa8a5e3f9,"{""type"": ""gzip"", ""files"": [{""name"": ""C:\\Users\\shimm\\Cerebrum-Blocks\\block_store\\kits\\retail_product_search_eval\\wands\\data\\data.jsonl.gz"", ""size"": null}], ""error"": null}",{},
supply_chain_logic_eval,Cerebrum-Blocks/block_store/kits/supply_chain_logic_eval/LICENSE,C:/Users/shimm/Cerebrum-Blocks/block_store/kits/supply_chain_logic_eval/LICENSE,1330,,application/octet-stream,075227504663faa5e601ca24a798e85bb75d9bbd8880499e4c3efc8418a36ece,null,{},
supply_chain_logic_eval,Cerebrum-Blocks/block_store/kits/supply_chain_logic_eval/README.md,C:/Users/shimm/Cerebrum-Blocks/block_store/kits/supply_chain_logic_eval/README.md,9450,.md,application/octet-stream,bc499bee7235ef3f54ebae449e26f4cfa3e2ecd42d9ea3031057cd4dc544bf6d,null,"{""encoding"": ""utf-8"", ""sample_lines"": 5}",
supply_chain_logic_eval,Cerebrum-Blocks/block_store/kits/supply_chain_logic_eval/RETAILOPT190_NOTES.md,C:/Users/shimm/Cerebrum-Blocks/block_store/kits/supply_chain_logic_eval/RETAILOPT190_NOTES.md,3665,.md,application/octet-stream,ea486f3e04d71cf300fbb80b26e393176f821d38c6cf3faff50e00a4a493e02f,null,"{""encoding"": ""utf-8"", ""sample_lines"": 5}",
supply_chain_logic_eval,Cerebrum-Blocks/block_store/kits/supply_chain_logic_eval/retailopt_190.jsonl,C:/Users/shimm/Cerebrum-Blocks/block_store/kits/supply_chain_logic_eval/retailopt_190.jsonl,4105312,.jsonl,application/json,18b287ff5e0a1c3354040a3f4753fbcedb0d17d1d0a2bada19549cea14be7620,null,"{""rows"": 190, ""keys"": [""data"", ""prompt_full"", ""prompt_schema"", ""reference_objective"", ""reference_status"", ""scenario_id""]}",
supply_chain_logic_eval,Cerebrum-Blocks/block_store/kits/supply_chain_logic_eval/retailopt_190.parquet,C:/Users/shimm/Cerebrum-Blocks/block_store/kits/supply_chain_logic_eval/retailopt_190.parquet,514479,.parquet,application/octet-stream,e6ddefc9a2faf530b7142f44114e8915bf42d199e8d126120880420eda00c4b2,null,"{""rows"": 190, ""columns"": 6, ""schema"": [""pyarrow.Field<scenario_id: string>"", ""pyarrow.Field<prompt_schema: string>"", ""pyarrow.Field<prompt_full: string>"", ""pyarrow.Field<data: string>"", ""pyarrow.Field<reference_status: string>"", ""pyarrow.Field<reference_objective: double>""]}",
supply_chain_logic_eval,Cerebrum-Blocks/block_store/kits/supply_chain_logic_eval/sample_problem.json,C:/Users/shimm/Cerebrum-Blocks/block_store/kits/supply_chain_logic_eval/sample_problem.json,26383,.json,application/json,0f37ba7841afb5f6f0f3152098502f46ba531563c97cd94af3585bab7147ae1a,null,"{""rows"": null, ""type"": ""dict"", ""keys"": [""data"", ""prompt_full"", ""reference_objective"", ""reference_status"", ""scenario_id""]}",
supply_chain_raw_rag_candidates,Cerebrum-Blocks/block_store/kits/supply_chain_raw_rag_candidates/cbp_importer_exporter_tips.html,C:/Users/shimm/Cerebrum-Blocks/block_store/kits/supply_chain_raw_rag_candidates/cbp_importer_exporter_tips.html,129104,.html,text/html,c3a3d2c3793d2d16f24553da5ec35d65cd63f8cec6bcc3bb6c914343da65bf04,null,"{""title"": ""Tips for New Importers and Exporters | U.S. Customs and Border Protection""}",
supply_chain_raw_rag_candidates,Cerebrum-Blocks/block_store/kits/supply_chain_raw_rag_candidates/eu_customs_imports.html,C:/Users/shimm/Cerebrum-Blocks/block_store/kits/supply_chain_raw_rag_candidates/eu_customs_imports.html,60899,.html,text/html,85906dfe31334431b3875780ed0ff91ce5cf21b65283436c4a0acac25e77fd30,null,"{""title"": ""Page not found | Taxation and Customs Union""}",
supply_chain_raw_rag_candidates,Cerebrum-Blocks/block_store/kits/supply_chain_raw_rag_candidates/govuk_import_goods.html,C:/Users/shimm/Cerebrum-Blocks/block_store/kits/supply_chain_raw_rag_candidates/govuk_import_goods.html,52456,.html,text/html,49037aca6c66ad84896915df87646f868077dc246b7ed9bc35b093f5240e6784,null,"{""title"": ""Page not found - GOV.UK""}",
supply_chain_raw_rag_candidates,Cerebrum-Blocks/block_store/kits/supply_chain_raw_rag_candidates/osha_warehousing_safety.html,C:/Users/shimm/Cerebrum-Blocks/block_store/kits/supply_chain_raw_rag_candidates/osha_warehousing_safety.html,93667,.html,text/html,229a70eb4e2ff72655e2d4f532ccfd7d79b02704c789d6874841209cfe24535b,null,"{""title"": ""File Not Found | Occupational Safety and Health Administration""}",
supply_chain_raw_rag_candidates,Cerebrum-Blocks/block_store/kits/supply_chain_raw_rag_candidates/scouting_report.md,C:/Users/shimm/Cerebrum-Blocks/block_store/kits/supply_chain_raw_rag_candidates/scouting_report.md,7738,.md,application/octet-stream,1b21d361110a27840c6df98b158aa5954b6321e8463d1aef03945b44f7b10208,null,"{""encoding"": ""utf-8"", ""sample_lines"": 5}",
supply_chain_raw_rag_candidates,Cerebrum-Blocks/block_store/kits/supply_chain_raw_rag_candidates/uncefact_rec33_single_window.pdf,C:/Users/shimm/Cerebrum-Blocks/block_store/kits/supply_chain_raw_rag_candidates/uncefact_rec33_single_window.pdf,97400,.pdf,application/pdf,1ac51ecf5cc2c3c0e25e54c2c1a6c88c1c171e417d0bd182d23a2c8ba4756339,null,"{""pages"": 18, ""text_extractable"": true}",
supply_chain_raw_rag_candidates,Cerebrum-Blocks/block_store/kits/supply_chain_raw_rag_candidates/uncefact_rec33_single_window_sample.txt,C:/Users/shimm/Cerebrum-Blocks/block_store/kits/supply_chain_raw_rag_candidates/uncefact_rec33_single_window_sample.txt,5033,.txt,text/plain,9ed7820971d0533f6563d930d35276792d296b95bfc8999b7426a2f85e701980,null,"{""encoding"": ""utf-8"", ""sample_lines"": 5}",
rag_kits,Cerebrum-Blocks/block_store/kits/rag_kits/harvest_regulations.log,C:/Users/shimm/Cerebrum-Blocks/block_store/kits/rag_kits/harvest_regulations.log,19487,.log,application/octet-stream,09d8cb6b954e4acefee4557cce9911147be36bf380f2cc908aa8e1940cb46e1d,null,"{""encoding"": ""ascii"", ""sample_lines"": 5}",
rag_kits,Cerebrum-Blocks/block_store/kits/rag_kits/harvest_regulations.py,C:/Users/shimm/Cerebrum-Blocks/block_store/kits/rag_kits/harvest_regulations.py,6303,.py,text/x-python,f5fb7998b7f1ed836430692fc085303874a39c67f4a907d763129137db86c6c8,null,"{""encoding"": ""utf-8"", ""sample_lines"": 5}",
rag_kits,Cerebrum-Blocks/block_store/kits/rag_kits/IrishFinance_prompt_completion.jsonl,C:/Users/shimm/Cerebrum-Blocks/block_store/kits/rag_kits/IrishFinance_prompt_completion.jsonl,7218856,.jsonl,application/json,756dae068d2b4e12129013fda94dc991a0efda8f6b7a5f98488f3971696a794e,null,"{""rows"": 3600, ""keys"": [""completion"", ""prompt""]}",
rag_kits,Cerebrum-Blocks/block_store/kits/rag_kits/opensanctions_sample_1000.json,C:/Users/shimm/Cerebrum-Blocks/block_store/kits/rag_kits/opensanctions_sample_1000.json,4309239,.json,application/json,9c41669ce49093edacb2068b6e67d554561e2317120a8d62da59f60093b83042,null,"{""rows"": null, ""type"": ""dict"", ""keys"": [""metadata"", ""pairs""]}",
rag_kits,Cerebrum-Blocks/block_store/kits/rag_kits/Regulations_CDM.csv,C:/Users/shimm/Cerebrum-Blocks/block_store/kits/rag_kits/Regulations_CDM.csv,110250,.csv,application/vnd.ms-excel,0a19d7fe55a9549ac1e660aaecb4a2cf021eaf40503fd9384a79bd74583bf03c,null,"{""rows"": 141, ""columns"": 2, ""header"": [""Question"", ""Answer""]}",
rag_kits,Cerebrum-Blocks/block_store/kits/rag_kits/Regulations_definition.csv,C:/Users/shimm/Cerebrum-Blocks/block_store/kits/rag_kits/Regulations_definition.csv,61294,.csv,application/vnd.ms-excel,28baeaaf9177bd5473330533944dceac50497b359284945787088cacb3d2195f,null,"{""rows"": 193, ""columns"": 3, ""header"": [""term"", ""answer"", ""category""]}",
rag_kits,Cerebrum-Blocks/block_store/kits/rag_kits/Regulations_Link_Retrieval.csv,C:/Users/shimm/Cerebrum-Blocks/block_store/kits/rag_kits/Regulations_Link_Retrieval.csv,24970,.csv,application/vnd.ms-excel,5e0da0b2bceb8b4cefc12362436f3b18b9ebed6a1505281e1cc083dee0532735,null,"{""rows"": 192, ""columns"": 3, ""header"": [""Laws"", ""Link"", ""category""]}",
rag_kits,Cerebrum-Blocks/block_store/kits/rag_kits/tatqa_dataset_dev.json,C:/Users/shimm/Cerebrum-Blocks/block_store/kits/rag_kits/tatqa_dataset_dev.json,1637431,.json,application/json,8da095a819af6db3c14877c6df2d4d29960e41d1a63dd1fa853507bd2a616af5,null,"{""rows"": 278, ""type"": ""list"", ""keys"": [""paragraphs"", ""questions"", ""table""]}",
rag_kits,Cerebrum-Blocks/block_store/kits/rag_kits/tatqa_dataset_test.json,C:/Users/shimm/Cerebrum-Blocks/block_store/kits/rag_kits/tatqa_dataset_test.json,1133161,.json,application/json,478d92c377b1d66947be264e188de08c8cea6ef1551f7defc70c1d06ae35836f,null,"{""rows"": 277, ""type"": ""list"", ""keys"": [""paragraphs"", ""questions"", ""table""]}",
rag_kits,Cerebrum-Blocks/block_store/kits/rag_kits/raw_regulations/harvest_manifest.json,C:/Users/shimm/Cerebrum-Blocks/block_store/kits/rag_kits/raw_regulations/harvest_manifest.json,69672,.json,application/json,2557060cc3130be84b9269ba34b824d9ef17ce8d04e3e12f76c3e5f3f0f657af,null,"{""rows"": 192, ""type"": ""list"", ""keys"": [""category"", ""error"", ""index"", ""law"", ""source"", ""status"", ""txt_path"", ""url""]}",
rag_kits,Cerebrum-Blocks/block_store/kits/rag_kits/raw_regulations/EMIR/001_EU_2019_834.html,C:/Users/shimm/Cerebrum-Blocks/block_store/kits/rag_kits/raw_regulations/EMIR/001_EU_2019_834.html,530680,.html,text/html,0023141559e055903e9cd2180c060821ea83bc6773cf4a77f4bc1d0df0ef811f,null,"{""title"": ""Regulation - 2019/834 - EN - EUR-Lex""}",
rag_kits,Cerebrum-Blocks/block_store/kits/rag_kits/raw_regulations/EMIR/001_EU_2019_834.txt,C:/Users/shimm/Cerebrum-Blocks/block_store/kits/rag_kits/raw_regulations/EMIR/001_EU_2019_834.txt,93253,.txt,text/plain,8d8d8726085d5f010d8869574e714678d65575f59db47f8893f03f49b7a98167,null,"{""encoding"": ""utf-8"", ""sample_lines"": 5}",
rag_kits,Cerebrum-Blocks/block_store/kits/rag_kits/raw_regulations/EMIR/002_EU_No_1095_2010.html,C:/Users/shimm/Cerebrum-Blocks/block_store/kits/rag_kits/raw_regulations/EMIR/002_EU_No_1095_2010.html,669078,.html,text/html,c189b62a110a051e1c347ebb55f0441ac578b5d91672227521d24f2a74003634,null,"{""title"": ""Regulation - 1095/2010 - EN - EUR-Lex""}",
rag_kits,Cerebrum-Blocks/block_store/kits/rag_kits/raw_regulations/EMIR/002_EU_No_1095_2010.txt,C:/Users/shimm/Cerebrum-Blocks/block_store/kits/rag_kits/raw_regulations/EMIR/002_EU_No_1095_2010.txt,186063,.txt,text/plain,ea01895ba3af2ac74982ca96f8acc93373b84f437254decfe91f25ea158d5469,null,"{""encoding"": ""utf-8"", ""sample_lines"": 5}",
rag_kits,Cerebrum-Blocks/block_store/kits/rag_kits/raw_regulations/EMIR/003_EU_No_1247_2012.html,C:/Users/shimm/Cerebrum-Blocks/block_store/kits/rag_kits/raw_regulations/EMIR/003_EU_No_1247_2012.html,425845,.html,text/html,27b446ecf13466ac557676076ae8eec1c9a037ccfaa2168963274b7161f2adf9,null,"{""title"": ""Implementing regulation - 1247/2012 - EN - EUR-Lex""}",
rag_kits,Cerebrum-Blocks/block_store/kits/rag_kits/raw_regulations/EMIR/003_EU_No_1247_2012.txt,C:/Users/shimm/Cerebrum-Blocks/block_store/kits/rag_kits/raw_regulations/EMIR/003_EU_No_1247_2012.txt,25323,.txt,text/plain,1e8fb9a374f0d475d71e40470746df9b845ffee0ed76dd9b54b003cf6fb0d4c9,null,"{""encoding"": ""utf-8"", ""sample_lines"": 5}",
rag_kits,Cerebrum-Blocks/block_store/kits/rag_kits/raw_regulations/EMIR/004_EU_No_1248_2012.html,C:/Users/shimm/Cerebrum-Blocks/block_store/kits/rag_kits/raw_regulations/EMIR/004_EU_No_1248_2012.html,300880,.html,text/html,84deec6d95ae182e4fcf02e1daf13a04bbc8e5a73a536ebc76f78a986966bdc4,null,"{""title"": ""Implementing regulation - 1248/2012 - EN - EUR-Lex""}",
rag_kits,Cerebrum-Blocks/block_store/kits/rag_kits/raw_regulations/EMIR/004_EU_No_1248_2012.txt,C:/Users/shimm/Cerebrum-Blocks/block_store/kits/rag_kits/raw_regulations/EMIR/004_EU_No_1248_2012.txt,8398,.txt,text/plain,a6eb76e999486c198e4e0b265518a045b1fcd8163d3bad55d4e64e6d022e74f4,null,"{""encoding"": ""utf-8"", ""sample_lines"": 5}",
rag_kits,Cerebrum-Blocks/block_store/kits/rag_kits/raw_regulations/EMIR/005_EU_No_1249_2012.html,C:/Users/shimm/Cerebrum-Blocks/block_store/kits/rag_kits/raw_regulations/EMIR/005_EU_No_1249_2012.html,354258,.html,text/html,dfeb31a6835fafadc9131b7591d51ed3695d81ba9a28c7bb33bf5be05f3842de,null,"{""title"": ""Implementing regulation - 1249/2012 - EN - EUR-Lex""}",
rag_kits,Cerebrum-Blocks/block_store/kits/rag_kits/raw_regulations/EMIR/005_EU_No_1249_2012.txt,C:/Users/shimm/Cerebrum-Blocks/block_store/kits/rag_kits/raw_regulations/EMIR/005_EU_No_1249_2012.txt,20656,.txt,text/plain,3f04c513d15ed046d51e8883de684d924bca0a8e911f2821bdc1bac871330983,null,"{""encoding"": ""utf-8"", ""sample_lines"": 5}",
rag_kits,Cerebrum-Blocks/block_store/kits/rag_kits/raw_regulations/EMIR/006_EU_No_148_2013.pdf,C:/Users/shimm/Cerebrum-Blocks/block_store/kits/rag_kits/raw_regulations/EMIR/006_EU_No_148_2013.pdf,811928,.pdf,application/pdf,4bb64e2de85d5a767740490b63579e39e1e1f5523b202ba6f355e417853f0962,null,"{""pages"": 10, ""text_extractable"": true}",
rag_kits,Cerebrum-Blocks/block_store/kits/rag_kits/raw_regulations/EMIR/006_EU_No_148_2013.txt,C:/Users/shimm/Cerebrum-Blocks/block_store/kits/rag_kits/raw_regulations/EMIR/006_EU_No_148_2013.txt,24516,.txt,text/plain,3ca3cde0ea2b5c1d8242c26a578732e7a6b82eea91459cc2fe72d8c84dd70af0,null,"{""encoding"": ""utf-8"", ""sample_lines"": 5}",
rag_kits,Cerebrum-Blocks/block_store/kits/rag_kits/raw_regulations/EMIR/007_EU_No_149_2013.html,C:/Users/shimm/Cerebrum-Blocks/block_store/kits/rag_kits/raw_regulations/EMIR/007_EU_No_149_2013.html,463092,.html,text/html,149e5bd8f1249174010be953a82228242b02e3242d530604916e254ef217a85c,null,"{""title"": ""Delegated regulation - 149/2013 - EN - EUR-Lex""}",
rag_kits,Cerebrum-Blocks/block_store/kits/rag_kits/raw_regulations/EMIR/007_EU_No_149_2013.txt,C:/Users/shimm/Cerebrum-Blocks/block_store/kits/rag_kits/raw_regulations/EMIR/007_EU_No_149_2013.txt,61725,.txt,text/plain,8e3565ef52f101a071cbdbb9f7f5df86fab09bbef4c7cb6d35c8502854e12ac8,null,"{""encoding"": ""utf-8"", ""sample_lines"": 5}",
rag_kits,Cerebrum-Blocks/block_store/kits/rag_kits/raw_regulations/EMIR/008_EU_No_150_2013.html,C:/Users/shimm/Cerebrum-Blocks/block_store/kits/rag_kits/raw_regulations/EMIR/008_EU_No_150_2013.html,407217,.html,text/html,e18a7c9826405e9ed4df4e625cb07f9485effb474af3193a7bafd6f00974c6c5,null,"{""title"": ""Delegated regulation - 150/2013 - EN - EUR-Lex""}",
rag_kits,Cerebrum-Blocks/block_store/kits/rag_kits/raw_regulations/EMIR/008_EU_No_150_2013.txt,C:/Users/shimm/Cerebrum-Blocks/block_store/kits/rag_kits/raw_regulations/EMIR/008_EU_No_150_2013.txt,35951,.txt,text/plain,689abe4d0fc2eccb0d3004337b14b37393f18c6dabf0323675731fa82b53bede,null,"{""encoding"": ""utf-8"", ""sample_lines"": 5}",
rag_kits,Cerebrum-Blocks/block_store/kits/rag_kits/raw_regulations/EMIR/009_EU_No_151_2013.html,C:/Users/shimm/Cerebrum-Blocks/block_store/kits/rag_kits/raw_regulations/EMIR/009_EU_No_151_2013.html,338640,.html,text/html,93261215643710f141d4dcc6bcb2a99a0d8c052ef908f3ea4975a10f218d7d45,null,"{""title"": ""Delegated regulation - 151/2013 - EN - EUR-Lex""}",
rag_kits,Cerebrum-Blocks/block_store/kits/rag_kits/raw_regulations/EMIR/009_EU_No_151_2013.txt,C:/Users/shimm/Cerebrum-Blocks/block_store/kits/rag_kits/raw_regulations/EMIR/009_EU_No_151_2013.txt,17469,.txt,text/plain,8c3d5eaea5d9812db62b64af97ee15b5c3a2b2137780938d6ac6d65149730fe9,null,"{""encoding"": ""utf-8"", ""sample_lines"": 5}",
rag_kits,Cerebrum-Blocks/block_store/kits/rag_kits/raw_regulations/EMIR/010_EU_No_152_2013.html,C:/Users/shimm/Cerebrum-Blocks/block_store/kits/rag_kits/raw_regulations/EMIR/010_EU_No_152_2013.html,314791,.html,text/html,0085d22b8c4ece5cf1aae9941f90449adaf6789c22b62721ca2db292cac98f1e,null,"{""title"": ""Delegated regulation - 152/2013 - EN - EUR-Lex""}",
rag_kits,Cerebrum-Blocks/block_store/kits/rag_kits/raw_regulations/EMIR/010_EU_No_152_2013.txt,C:/Users/shimm/Cerebrum-Blocks/block_store/kits/rag_kits/raw_regulations/EMIR/010_EU_No_152_2013.txt,21603,.txt,text/plain,20671317bd9cdf082841cdfd736bbed4e5fc8c4ce292ac6500da721044f34793,null,"{""encoding"": ""utf-8"", ""sample_lines"": 5}",
rag_kits,Cerebrum-Blocks/block_store/kits/rag_kits/raw_regulations/EMIR/011_EU_No_153_2013.html,C:/Users/shimm/Cerebrum-Blocks/block_store/kits/rag_kits/raw_regulations/EMIR/011_EU_No_153_2013.html,699367,.html,text/html,1474750be24292eab1b367e6a7d901f4144b332a81c9961bf1b4dad2df2cb11b,null,"{""title"": ""Delegated regulation - 153/2013 - EN - EUR-Lex""}",
rag_kits,Cerebrum-Blocks/block_store/kits/rag_kits/raw_regulations/EMIR/011_EU_No_153_2013.txt,C:/Users/shimm/Cerebrum-Blocks/block_store/kits/rag_kits/raw_regulations/EMIR/011_EU_No_153_2013.txt,148237,.txt,text/plain,df201c2d0f7348d37edff628d5c9f43ca842b4e61b5d4805ef2feeae49458135,null,"{""encoding"": ""utf-8"", ""sample_lines"": 5}",
rag_kits,Cerebrum-Blocks/block_store/kits/rag_kits/raw_regulations/EMIR/012_EU_No_2015_2205.html,C:/Users/shimm/Cerebrum-Blocks/block_store/kits/rag_kits/raw_regulations/EMIR/012_EU_No_2015_2205.html,349773,.html,text/html,10341cf426622eb3d91bb0d5642dca0852de36b6d4771ade79797c50e9e1283b,null,"{""title"": ""Delegated regulation - 2015/2205 - EN - EUR-Lex""}",
rag_kits,Cerebrum-Blocks/block_store/kits/rag_kits/raw_regulations/EMIR/012_EU_No_2015_2205.txt,C:/Users/shimm/Cerebrum-Blocks/block_store/kits/rag_kits/raw_regulations/EMIR/012_EU_No_2015_2205.txt,32106,.txt,text/plain,8299d44dd10aa159a0cbabe17ca09b1163f97073f4d2655b5ae5c459df9a3805,null,"{""encoding"": ""utf-8"", ""sample_lines"": 5}",
rag_kits,Cerebrum-Blocks/block_store/kits/rag_kits/raw_regulations/EMIR/013_EU_No_2017_2155.html,C:/Users/shimm/Cerebrum-Blocks/block_store/kits/rag_kits/raw_regulations/EMIR/013_EU_No_2017_2155.html,341890,.html,text/html,071433a0c42ab6d5edfb0d3eabdc167f65af751ae90b2c49fd6520d8d4b99815,null,"{""title"": ""Delegated regulation - 2017/2155 - EN - EUR-Lex""}",
rag_kits,Cerebrum-Blocks/block_store/kits/rag_kits/raw_regulations/EMIR/013_EU_No_2017_2155.txt,C:/Users/shimm/Cerebrum-Blocks/block_store/kits/rag_kits/raw_regulations/EMIR/013_EU_No_2017_2155.txt,31014,.txt,text/plain,d06a657835de45ab3639ce6a58eb1c199a3c88b9ff72c5cda3711c901b3dc591,null,"{""encoding"": ""utf-8"", ""sample_lines"": 5}",
rag_kits,Cerebrum-Blocks/block_store/kits/rag_kits/raw_regulations/EMIR/014_EU_No_285_2014.html,C:/Users/shimm/Cerebrum-Blocks/block_store/kits/rag_kits/raw_regulations/EMIR/014_EU_No_285_2014.html,307157,.html,text/html,a6d58c1550af3465bf5d8568068c82deb5fae57fb90f20252259191e55fe75ce,null,"{""title"": ""Delegated regulation - 285/2014 - EN - EUR-Lex""}",
rag_kits,Cerebrum-Blocks/block_store/kits/rag_kits/raw_regulations/EMIR/014_EU_No_285_2014.txt,C:/Users/shimm/Cerebrum-Blocks/block_store/kits/rag_kits/raw_regulations/EMIR/014_EU_No_285_2014.txt,16733,.txt,text/plain,c3018b42a31ef1db8bd78821333599107624cbd6db319af4295003ce8a2fbbb4,null,"{""encoding"": ""utf-8"", ""sample_lines"": 5}",
rag_kits,Cerebrum-Blocks/block_store/kits/rag_kits/raw_regulations/EMIR/015_EU_No_648_2012.html,C:/Users/shimm/Cerebrum-Blocks/block_store/kits/rag_kits/raw_regulations/EMIR/015_EU_No_648_2012.html,929482,.html,text/html,6f722dc8d354d2a9c46e6d6afcbc9fc615ab7adf15dfc62664f2e3a51c3aed2c,null,"{""title"": ""Regulation - 648/2012 - EN - emir regulation - EUR-Lex""}",
rag_kits,Cerebrum-Blocks/block_store/kits/rag_kits/raw_regulations/EMIR/015_EU_No_648_2012.txt,C:/Users/shimm/Cerebrum-Blocks/block_store/kits/rag_kits/raw_regulations/EMIR/015_EU_No_648_2012.txt,284512,.txt,text/plain,96b2c71bff6e9ca90a7d050b23ae461e53c69ea3f767d4f1ee9491e15bd2f542,null,"{""encoding"": ""utf-8"", ""sample_lines"": 5}",
rag_kits,Cerebrum-Blocks/block_store/kits/rag_kits/raw_regulations/EMIR/016_1_of_EMIR.html,C:/Users/shimm/Cerebrum-Blocks/block_store/kits/rag_kits/raw_regulations/EMIR/016_1_of_EMIR.html,24215,.html,text/html,8c288ec1dfd7117aa0e3031712563ded93810628c87679b7c0b39be16600e95c,null,"{""title"": ""Redirecting""}",
rag_kits,Cerebrum-Blocks/block_store/kits/rag_kits/raw_regulations/EMIR/016_1_of_EMIR.txt,C:/Users/shimm/Cerebrum-Blocks/block_store/kits/rag_kits/raw_regulations/EMIR/016_1_of_EMIR.txt,11,.txt,text/plain,e55fb1a1d731153e943b68844af12dcce8bfac917c98ffdea64c80da0607dd47,null,"{""encoding"": ""ascii"", ""sample_lines"": 1}",
rag_kits,Cerebrum-Blocks/block_store/kits/rag_kits/raw_regulations/EMIR/017_11_of_EMIR.html,C:/Users/shimm/Cerebrum-Blocks/block_store/kits/rag_kits/raw_regulations/EMIR/017_11_of_EMIR.html,24228,.html,text/html,7e769cdc97eafe1e3c2578b9cc522ea90afc5d275c05422018ee6f197ae37bdf,null,"{""title"": ""Redirecting""}",
rag_kits,Cerebrum-Blocks/block_store/kits/rag_kits/raw_regulations/EMIR/017_11_of_EMIR.txt,C:/Users/shimm/Cerebrum-Blocks/block_store/kits/rag_kits/raw_regulations/EMIR/017_11_of_EMIR.txt,11,.txt,text/plain,e55fb1a1d731153e943b68844af12dcce8bfac917c98ffdea64c80da0607dd47,null,"{""encoding"": ""ascii"", ""sample_lines"": 1}",
rag_kits,Cerebrum-Blocks/block_store/kits/rag_kits/raw_regulations/EMIR/018_12_of_the_RTS_on_OTC_derivatives.html,C:/Users/shimm/Cerebrum-Blocks/block_store/kits/rag_kits/raw_regulations/EMIR/018_12_of_the_RTS_on_OTC_derivatives.html,463091,.html,text/html,2211f8b95524d4f2594573d00447a6bd93b1b42a01520c903c2b9b5c8e55eba1,null,"{""title"": ""Delegated regulation - 149/2013 - EN - EUR-Lex""}",
rag_kits,Cerebrum-Blocks/block_store/kits/rag_kits/raw_regulations/EMIR/018_12_of_the_RTS_on_OTC_derivatives.txt,C:/Users/shimm/Cerebrum-Blocks/block_store/kits/rag_kits/raw_regulations/EMIR/018_12_of_the_RTS_on_OTC_derivatives.txt,61725,.txt,text/plain,8e3565ef52f101a071cbdbb9f7f5df86fab09bbef4c7cb6d35c8502854e12ac8,null,"{""encoding"": ""utf-8"", ""sample_lines"": 5}",
rag_kits,Cerebrum-Blocks/block_store/kits/rag_kits/raw_regulations/EMIR/020_13_of_the_RTS_on_OTC_derivatives.html,C:/Users/shimm/Cerebrum-Blocks/block_store/kits/rag_kits/raw_regulations/EMIR/020_13_of_the_RTS_on_OTC_derivatives.html,463090,.html,text/html,1d3bc2b89b4457aea6d02a8a9c52a5959aa7d1fbe6cc3c7ea8e418f027449c21,null,"{""title"": ""Delegated regulation - 149/2013 - EN - EUR-Lex""}",
rag_kits,Cerebrum-Blocks/block_store/kits/rag_kits/raw_regulations/EMIR/020_13_of_the_RTS_on_OTC_derivatives.txt,C:/Users/shimm/Cerebrum-Blocks/block_store/kits/rag_kits/raw_regulations/EMIR/020_13_of_the_RTS_on_OTC_derivatives.txt,61725,.txt,text/plain,8e3565ef52f101a071cbdbb9f7f5df86fab09bbef4c7cb6d35c8502854e12ac8,null,"{""encoding"": ""utf-8"", ""sample_lines"": 5}",
rag_kits,Cerebrum-Blocks/block_store/kits/rag_kits/raw_regulations/EMIR/021_14_of_EMIR.html,C:/Users/shimm/Cerebrum-Blocks/block_store/kits/rag_kits/raw_regulations/EMIR/021_14_of_EMIR.html,24212,.html,text/html,e852017f2d0d923f8717fd11191694506bc98bb52bd401ac6300a8f572ac9886,null,"{""title"": ""Redirecting""}",
rag_kits,Cerebrum-Blocks/block_store/kits/rag_kits/raw_regulations/EMIR/021_14_of_EMIR.txt,C:/Users/shimm/Cerebrum-Blocks/block_store/kits/rag_kits/raw_regulations/EMIR/021_14_of_EMIR.txt,11,.txt,text/plain,e55fb1a1d731153e943b68844af12dcce8bfac917c98ffdea64c80da0607dd47,null,"{""encoding"": ""ascii"", ""sample_lines"": 1}",
rag_kits,Cerebrum-Blocks/block_store/kits/rag_kits/raw_regulations/EMIR/022_11_1_of_RTS_on_CCP_requirements.html,C:/Users/shimm/Cerebrum-Blocks/block_store/kits/rag_kits/raw_regulations/EMIR/022_11_1_of_RTS_on_CCP_requirements.html,24240,.html,text/html,90b0222f1a01500956b824828507c359a6de056d5b40d6f2995f2ec322b21859,null,"{""title"": ""Redirecting""}",
rag_kits,Cerebrum-Blocks/block_store/kits/rag_kits/raw_regulations/EMIR/022_11_1_of_RTS_on_CCP_requirements.txt,C:/Users/shimm/Cerebrum-Blocks/block_store/kits/rag_kits/raw_regulations/EMIR/022_11_1_of_RTS_on_CCP_requirements.txt,11,.txt,text/plain,e55fb1a1d731153e943b68844af12dcce8bfac917c98ffdea64c80da0607dd47,null,"{""encoding"": ""ascii"", ""sample_lines"": 1}",
rag_kits,Cerebrum-Blocks/block_store/kits/rag_kits/raw_regulations/EMIR/023_14_of_the_RTS_on_OTC_derivatives.html,C:/Users/shimm/Cerebrum-Blocks/block_store/kits/rag_kits/raw_regulations/EMIR/023_14_of_the_RTS_on_OTC_derivatives.html,341890,.html,text/html,712a1a51a4db140e32d4a34c016bc3c9459dd857a84d867775fd1890fd074e76,null,"{""title"": ""Delegated regulation - 2017/2155 - EN - EUR-Lex""}",
rag_kits,Cerebrum-Blocks/block_store/kits/rag_kits/raw_regulations/EMIR/023_14_of_the_RTS_on_OTC_derivatives.txt,C:/Users/shimm/Cerebrum-Blocks/block_store/kits/rag_kits/raw_regulations/EMIR/023_14_of_the_RTS_on_OTC_derivatives.txt,31014,.txt,text/plain,d06a657835de45ab3639ce6a58eb1c199a3c88b9ff72c5cda3711c901b3dc591,null,"{""encoding"": ""utf-8"", ""sample_lines"": 5}",
rag_kits,Cerebrum-Blocks/block_store/kits/rag_kits/raw_regulations/EMIR/024_15_of_the_RTS_on_OTC_derivatives.html,C:/Users/shimm/Cerebrum-Blocks/block_store/kits/rag_kits/raw_regulations/EMIR/024_15_of_the_RTS_on_OTC_derivatives.html,341891,.html,text/html,fb053c131069243b41541bddf71dfca8d04db1e3032bf1108dd51af94ad7ca24,null,"{""title"": ""Delegated regulation - 2017/2155 - EN - EUR-Lex""}",
rag_kits,Cerebrum-Blocks/block_store/kits/rag_kits/raw_regulations/EMIR/024_15_of_the_RTS_on_OTC_derivatives.txt,C:/Users/shimm/Cerebrum-Blocks/block_store/kits/rag_kits/raw_regulations/EMIR/024_15_of_the_RTS_on_OTC_derivatives.txt,31014,.txt,text/plain,d06a657835de45ab3639ce6a58eb1c199a3c88b9ff72c5cda3711c901b3dc591,null,"{""encoding"": ""utf-8"", ""sample_lines"": 5}",
rag_kits,Cerebrum-Blocks/block_store/kits/rag_kits/raw_regulations/EMIR/025_16_of_EMIR.html,C:/Users/shimm/Cerebrum-Blocks/block_store/kits/rag_kits/raw_regulations/EMIR/025_16_of_EMIR.html,24223,.html,text/html,28b5ca13f93450f18d9db29e59b33e936c296bd250e941223a3b3f31083570b3,null,"{""title"": ""Redirecting""}",
rag_kits,Cerebrum-Blocks/block_store/kits/rag_kits/raw_regulations/EMIR/025_16_of_EMIR.txt,C:/Users/shimm/Cerebrum-Blocks/block_store/kits/rag_kits/raw_regulations/EMIR/025_16_of_EMIR.txt,11,.txt,text/plain,e55fb1a1d731153e943b68844af12dcce8bfac917c98ffdea64c80da0607dd47,null,"{""encoding"": ""ascii"", ""sample_lines"": 1}",
rag_kits,Cerebrum-Blocks/block_store/kits/rag_kits/raw_regulations/EMIR/026_18_of_EMIR.html,C:/Users/shimm/Cerebrum-Blocks/block_store/kits/rag_kits/raw_regulations/EMIR/026_18_of_EMIR.html,24200,.html,text/html,b38a74d941f30f8851674e6abfc10d34a480d2df6b59539f89154b4836a4dcb9,null,"{""title"": ""Redirecting""}",
rag_kits,Cerebrum-Blocks/block_store/kits/rag_kits/raw_regulations/EMIR/026_18_of_EMIR.txt,C:/Users/shimm/Cerebrum-Blocks/block_store/kits/rag_kits/raw_regulations/EMIR/026_18_of_EMIR.txt,11,.txt,text/plain,e55fb1a1d731153e943b68844af12dcce8bfac917c98ffdea64c80da0607dd47,null,"{""encoding"": ""ascii"", ""sample_lines"": 1}",
rag_kits,Cerebrum-Blocks/block_store/kits/rag_kits/raw_regulations/EMIR/027_2_of_EMIR.html,C:/Users/shimm/Cerebrum-Blocks/block_store/kits/rag_kits/raw_regulations/EMIR/027_2_of_EMIR.html,24219,.html,text/html,a389a9d5f552240c9965b91d1ecd88c8766c3dab3b50d326aef2acfbbd44bafb,null,"{""title"": ""Redirecting""}",
rag_kits,Cerebrum-Blocks/block_store/kits/rag_kits/raw_regulations/EMIR/027_2_of_EMIR.txt,C:/Users/shimm/Cerebrum-Blocks/block_store/kits/rag_kits/raw_regulations/EMIR/027_2_of_EMIR.txt,11,.txt,text/plain,e55fb1a1d731153e943b68844af12dcce8bfac917c98ffdea64c80da0607dd47,null,"{""encoding"": ""ascii"", ""sample_lines"": 1}",
rag_kits,Cerebrum-Blocks/block_store/kits/rag_kits/raw_regulations/EMIR/028_2_of_RTS_on_IRS_in_G4_currencies.pdf,C:/Users/shimm/Cerebrum-Blocks/block_store/kits/rag_kits/raw_regulations/EMIR/028_2_of_RTS_on_IRS_in_G4_currencies.pdf,1616489,.pdf,application/pdf,464473436748a6edf6933c09758a792433704a4a52fc3f64922c3bc926398e75,null,"{""pages"": 146, ""text_extractable"": true}",
rag_kits,Cerebrum-Blocks/block_store/kits/rag_kits/raw_regulations/EMIR/028_2_of_RTS_on_IRS_in_G4_currencies.txt,C:/Users/shimm/Cerebrum-Blocks/block_store/kits/rag_kits/raw_regulations/EMIR/028_2_of_RTS_on_IRS_in_G4_currencies.txt,404238,.txt,text/plain,456834e25a32f268a6d98357717e012dafa16e39f81e052b8bdd92f5e9df72ff,null,"{""encoding"": ""utf-8"", ""sample_lines"": 5}",
rag_kits,Cerebrum-Blocks/block_store/kits/rag_kits/raw_regulations/EMIR/029_2_of_RTS_on_Third_Country_contracts.html,C:/Users/shimm/Cerebrum-Blocks/block_store/kits/rag_kits/raw_regulations/EMIR/029_2_of_RTS_on_Third_Country_contracts.html,70827,.html,text/html,7be6abc51445e91590840abbc78684db81d4762ec0dcb40028f00144a5ed96b3,null,"{""title"": ""Regulatory Technical Standards on the contractual recognition of stay powers under BRRD | European Banking Authority""}",
rag_kits,Cerebrum-Blocks/block_store/kits/rag_kits/raw_regulations/EMIR/029_2_of_RTS_on_Third_Country_contracts.txt,C:/Users/shimm/Cerebrum-Blocks/block_store/kits/rag_kits/raw_regulations/EMIR/029_2_of_RTS_on_Third_Country_contracts.txt,1946,.txt,text/plain,d02966ad3839dc3a31dc33232abe73a324137bf65a7a498cdb058434420704c7,null,"{""encoding"": ""utf-8"", ""sample_lines"": 5}",
rag_kits,Cerebrum-Blocks/block_store/kits/rag_kits/raw_regulations/EMIR/030_89_of_EMIR.html,C:/Users/shimm/Cerebrum-Blocks/block_store/kits/rag_kits/raw_regulations/EMIR/030_89_of_EMIR.html,24339,.html,text/html,52971fdb9180d09998626b1a867abec58270a5cba6ec7ea8a087c3be12834cd7,null,"{""title"": ""Redirecting""}",
rag_kits,Cerebrum-Blocks/block_store/kits/rag_kits/raw_regulations/EMIR/030_89_of_EMIR.txt,C:/Users/shimm/Cerebrum-Blocks/block_store/kits/rag_kits/raw_regulations/EMIR/030_89_of_EMIR.txt,11,.txt,text/plain,e55fb1a1d731153e943b68844af12dcce8bfac917c98ffdea64c80da0607dd47,null,"{""encoding"": ""ascii"", ""sample_lines"": 1}",
rag_kits,Cerebrum-Blocks/block_store/kits/rag_kits/raw_regulations/EMIR/031_2_10_of_EMIR.html,C:/Users/shimm/Cerebrum-Blocks/block_store/kits/rag_kits/raw_regulations/EMIR/031_2_10_of_EMIR.html,24323,.html,text/html,4a770d0045caee4c891cb8470b8955d2ccebfcaab8e834afcc3c0259e4746f54,null,"{""title"": ""Redirecting""}",
rag_kits,Cerebrum-Blocks/block_store/kits/rag_kits/raw_regulations/EMIR/031_2_10_of_EMIR.txt,C:/Users/shimm/Cerebrum-Blocks/block_store/kits/rag_kits/raw_regulations/EMIR/031_2_10_of_EMIR.txt,11,.txt,text/plain,e55fb1a1d731153e943b68844af12dcce8bfac917c98ffdea64c80da0607dd47,null,"{""encoding"": ""ascii"", ""sample_lines"": 1}",
rag_kits,Cerebrum-Blocks/block_store/kits/rag_kits/raw_regulations/EMIR/032_26_of_EMIR.html,C:/Users/shimm/Cerebrum-Blocks/block_store/kits/rag_kits/raw_regulations/EMIR/032_26_of_EMIR.html,24311,.html,text/html,0fa2899398d0917603bcde9260956953dbb038ae45175cd1a5e0a137f17a0976,null,"{""title"": ""Redirecting""}",
rag_kits,Cerebrum-Blocks/block_store/kits/rag_kits/raw_regulations/EMIR/032_26_of_EMIR.txt,C:/Users/shimm/Cerebrum-Blocks/block_store/kits/rag_kits/raw_regulations/EMIR/032_26_of_EMIR.txt,11,.txt,text/plain,e55fb1a1d731153e943b68844af12dcce8bfac917c98ffdea64c80da0607dd47,null,"{""encoding"": ""ascii"", ""sample_lines"": 1}",
rag_kits,Cerebrum-Blocks/block_store/kits/rag_kits/raw_regulations/EMIR/033_28_of_EMIR.html,C:/Users/shimm/Cerebrum-Blocks/block_store/kits/rag_kits/raw_regulations/EMIR/033_28_of_EMIR.html,24204,.html,text/html,fe7bf03598e2be966678c1e0d2fcda9320f2774ba4910fd288e3ae112610b5f8,null,"{""title"": ""Redirecting""}",
rag_kits,Cerebrum-Blocks/block_store/kits/rag_kits/raw_regulations/EMIR/033_28_of_EMIR.txt,C:/Users/shimm/Cerebrum-Blocks/block_store/kits/rag_kits/raw_regulations/EMIR/033_28_of_EMIR.txt,11,.txt,text/plain,e55fb1a1d731153e943b68844af12dcce8bfac917c98ffdea64c80da0607dd47,null,"{""encoding"": ""ascii"", ""sample_lines"": 1}",
rag_kits,Cerebrum-Blocks/block_store/kits/rag_kits/raw_regulations/EMIR/034_4_2_of_EMIR.html,C:/Users/shimm/Cerebrum-Blocks/block_store/kits/rag_kits/raw_regulations/EMIR/034_4_2_of_EMIR.html,24232,.html,text/html,beddf6e4586c5ce8841831bb4aa8e7de9eac57e427df9228bca52a2bd293cc07,null,"{""title"": ""Redirecting""}",
rag_kits,Cerebrum-Blocks/block_store/kits/rag_kits/raw_regulations/EMIR/034_4_2_of_EMIR.txt,C:/Users/shimm/Cerebrum-Blocks/block_store/kits/rag_kits/raw_regulations/EMIR/034_4_2_of_EMIR.txt,11,.txt,text/plain,e55fb1a1d731153e943b68844af12dcce8bfac917c98ffdea64c80da0607dd47,null,"{""encoding"": ""ascii"", ""sample_lines"": 1}",
rag_kits,Cerebrum-Blocks/block_store/kits/rag_kits/raw_regulations/EMIR/035_11_6_to_11_10_of_EMIR.html,C:/Users/shimm/Cerebrum-Blocks/block_store/kits/rag_kits/raw_regulations/EMIR/035_11_6_to_11_10_of_EMIR.html,24228,.html,text/html,31dba4fd699f8dd6d8f9663595e8cadd6fb68903c237cccdf14a2a26cb70d2a6,null,"{""title"": ""Redirecting""}",
rag_kits,Cerebrum-Blocks/block_store/kits/rag_kits/raw_regulations/EMIR/035_11_6_to_11_10_of_EMIR.txt,C:/Users/shimm/Cerebrum-Blocks/block_store/kits/rag_kits/raw_regulations/EMIR/035_11_6_to_11_10_of_EMIR.txt,11,.txt,text/plain,e55fb1a1d731153e943b68844af12dcce8bfac917c98ffdea64c80da0607dd47,null,"{""encoding"": ""ascii"", ""sample_lines"": 1}",
rag_kits,Cerebrum-Blocks/block_store/kits/rag_kits/raw_regulations/EMIR/036_3_of_EMIR.html,C:/Users/shimm/Cerebrum-Blocks/block_store/kits/rag_kits/raw_regulations/EMIR/036_3_of_EMIR.html,24215,.html,text/html,6ae684dbc418465e25b3c38af942b908abef5bce3020771af378446aea3e53e4,null,"{""title"": ""Redirecting""}",
rag_kits,Cerebrum-Blocks/block_store/kits/rag_kits/raw_regulations/EMIR/036_3_of_EMIR.txt,C:/Users/shimm/Cerebrum-Blocks/block_store/kits/rag_kits/raw_regulations/EMIR/036_3_of_EMIR.txt,11,.txt,text/plain,e55fb1a1d731153e943b68844af12dcce8bfac917c98ffdea64c80da0607dd47,null,"{""encoding"": ""ascii"", ""sample_lines"": 1}",
rag_kits,Cerebrum-Blocks/block_store/kits/rag_kits/raw_regulations/EMIR/037_35_of_RTS_on_CCP_requirement.html,C:/Users/shimm/Cerebrum-Blocks/block_store/kits/rag_kits/raw_regulations/EMIR/037_35_of_RTS_on_CCP_requirement.html,56555,.html,text/html,8ea05f438b2588e6428a6ca4ad69f6e161a8eff56c475c34af3a4855f2bc74b0,null,"{""title"": ""Article 35 Non-discriminatory access to a CCP | European Securities and Markets Authority""}",
rag_kits,Cerebrum-Blocks/block_store/kits/rag_kits/raw_regulations/EMIR/037_35_of_RTS_on_CCP_requirement.txt,C:/Users/shimm/Cerebrum-Blocks/block_store/kits/rag_kits/raw_regulations/EMIR/037_35_of_RTS_on_CCP_requirement.txt,7036,.txt,text/plain,84cb4649a0682144637ba103c6a7da0b2030836acbc19c3a8e0b9a735f0dc2ec,null,"{""encoding"": ""utf-8"", ""sample_lines"": 5}",
rag_kits,Cerebrum-Blocks/block_store/kits/rag_kits/raw_regulations/EMIR/038_38_of_EMIR.html,C:/Users/shimm/Cerebrum-Blocks/block_store/kits/rag_kits/raw_regulations/EMIR/038_38_of_EMIR.html,24312,.html,text/html,e355f22782aa4d96dcfc9f696432cd835266cb6f5f03a81693a97a2bcc6e9bfe,null,"{""title"": ""Redirecting""}",
rag_kits,Cerebrum-Blocks/block_store/kits/rag_kits/raw_regulations/EMIR/038_38_of_EMIR.txt,C:/Users/shimm/Cerebrum-Blocks/block_store/kits/rag_kits/raw_regulations/EMIR/038_38_of_EMIR.txt,11,.txt,text/plain,e55fb1a1d731153e943b68844af12dcce8bfac917c98ffdea64c80da0607dd47,null,"{""encoding"": ""ascii"", ""sample_lines"": 1}",
rag_kits,Cerebrum-Blocks/block_store/kits/rag_kits/raw_regulations/EMIR/039_39_of_EMIR.html,C:/Users/shimm/Cerebrum-Blocks/block_store/kits/rag_kits/raw_regulations/EMIR/039_39_of_EMIR.html,24225,.html,text/html,9bc3b2681b50b805b52176b621ff4f1e6955419195cee5735cdc83e79eb55533,null,"{""title"": ""Redirecting""}",
rag_kits,Cerebrum-Blocks/block_store/kits/rag_kits/raw_regulations/EMIR/039_39_of_EMIR.txt,C:/Users/shimm/Cerebrum-Blocks/block_store/kits/rag_kits/raw_regulations/EMIR/039_39_of_EMIR.txt,11,.txt,text/plain,e55fb1a1d731153e943b68844af12dcce8bfac917c98ffdea64c80da0607dd47,null,"{""encoding"": ""ascii"", ""sample_lines"": 1}",
rag_kits,Cerebrum-Blocks/block_store/kits/rag_kits/raw_regulations/EMIR/040_4_of_EMIR.html,C:/Users/shimm/Cerebrum-Blocks/block_store/kits/rag_kits/raw_regulations/EMIR/040_4_of_EMIR.html,24232,.html,text/html,3a7d7c6bfb1636b31bc5461907c61f081b2bcbe49ddcdb14a8baa4e7ce1147ff,null,"{""title"": ""Redirecting""}",
rag_kits,Cerebrum-Blocks/block_store/kits/rag_kits/raw_regulations/EMIR/040_4_of_EMIR.txt,C:/Users/shimm/Cerebrum-Blocks/block_store/kits/rag_kits/raw_regulations/EMIR/040_4_of_EMIR.txt,11,.txt,text/plain,e55fb1a1d731153e943b68844af12dcce8bfac917c98ffdea64c80da0607dd47,null,"{""encoding"": ""ascii"", ""sample_lines"": 1}",
rag_kits,Cerebrum-Blocks/block_store/kits/rag_kits/raw_regulations/EMIR/041_41_of_EMIR.html,C:/Users/shimm/Cerebrum-Blocks/block_store/kits/rag_kits/raw_regulations/EMIR/041_41_of_EMIR.html,24314,.html,text/html,8130426af2525687fc968950f510001692d5a9b17e126e56df3649fe10b51214,null,"{""title"": ""Redirecting""}",
rag_kits,Cerebrum-Blocks/block_store/kits/rag_kits/raw_regulations/EMIR/041_41_of_EMIR.txt,C:/Users/shimm/Cerebrum-Blocks/block_store/kits/rag_kits/raw_regulations/EMIR/041_41_of_EMIR.txt,11,.txt,text/plain,e55fb1a1d731153e943b68844af12dcce8bfac917c98ffdea64c80da0607dd47,null,"{""encoding"": ""ascii"", ""sample_lines"": 1}",
rag_kits,Cerebrum-Blocks/block_store/kits/rag_kits/raw_regulations/EMIR/042_27_3_of_RTS_on_CCP_requirements.html,C:/Users/shimm/Cerebrum-Blocks/block_store/kits/rag_kits/raw_regulations/EMIR/042_27_3_of_RTS_on_CCP_requirements.html,58254,.html,text/html,3857bc5843d485af890156be3008aba017c8f1ec39f599eb936a7c207760c9ad,null,"{""title"": ""Article 27 Obligation to execute orders on terms most favourable to the client | European Securities and Markets Authority""}",
rag_kits,Cerebrum-Blocks/block_store/kits/rag_kits/raw_regulations/EMIR/042_27_3_of_RTS_on_CCP_requirements.txt,C:/Users/shimm/Cerebrum-Blocks/block_store/kits/rag_kits/raw_regulations/EMIR/042_27_3_of_RTS_on_CCP_requirements.txt,6755,.txt,text/plain,231796ad7c3cd1bf432cd8c262c080d9e236868f8c10faae5079843387818044,null,"{""encoding"": ""utf-8"", ""sample_lines"": 5}",
rag_kits,Cerebrum-Blocks/block_store/kits/rag_kits/raw_regulations/EMIR/043_42_of_EMIR.html,C:/Users/shimm/Cerebrum-Blocks/block_store/kits/rag_kits/raw_regulations/EMIR/043_42_of_EMIR.html,24324,.html,text/html,15689bf27c0bd53db7b743d536aca046d7c4b33fe378ef36ea7fbd70c7056235,null,"{""title"": ""Redirecting""}",
rag_kits,Cerebrum-Blocks/block_store/kits/rag_kits/raw_regulations/EMIR/043_42_of_EMIR.txt,C:/Users/shimm/Cerebrum-Blocks/block_store/kits/rag_kits/raw_regulations/EMIR/043_42_of_EMIR.txt,11,.txt,text/plain,e55fb1a1d731153e943b68844af12dcce8bfac917c98ffdea64c80da0607dd47,null,"{""encoding"": ""ascii"", ""sample_lines"": 1}",
rag_kits,Cerebrum-Blocks/block_store/kits/rag_kits/raw_regulations/EMIR/044_48_2_of_EMIR.html,C:/Users/shimm/Cerebrum-Blocks/block_store/kits/rag_kits/raw_regulations/EMIR/044_48_2_of_EMIR.html,24222,.html,text/html,e53a6b360b41045cce3f50adc5faca174bc0afe11a7d44ce662cee6a70d9200b,null,"{""title"": ""Redirecting""}",
rag_kits,Cerebrum-Blocks/block_store/kits/rag_kits/raw_regulations/EMIR/044_48_2_of_EMIR.txt,C:/Users/shimm/Cerebrum-Blocks/block_store/kits/rag_kits/raw_regulations/EMIR/044_48_2_of_EMIR.txt,11,.txt,text/plain,e55fb1a1d731153e943b68844af12dcce8bfac917c98ffdea64c80da0607dd47,null,"{""encoding"": ""ascii"", ""sample_lines"": 1}",
rag_kits,Cerebrum-Blocks/block_store/kits/rag_kits/raw_regulations/EMIR/045_43_3_of_EMIR.html,C:/Users/shimm/Cerebrum-Blocks/block_store/kits/rag_kits/raw_regulations/EMIR/045_43_3_of_EMIR.html,24218,.html,text/html,06a44838b42bcb23f222580ffbed4dc8d81a052ed808b4d5c26dd9d09cccc463,null,"{""title"": ""Redirecting""}",
rag_kits,Cerebrum-Blocks/block_store/kits/rag_kits/raw_regulations/EMIR/045_43_3_of_EMIR.txt,C:/Users/shimm/Cerebrum-Blocks/block_store/kits/rag_kits/raw_regulations/EMIR/045_43_3_of_EMIR.txt,11,.txt,text/plain,e55fb1a1d731153e943b68844af12dcce8bfac917c98ffdea64c80da0607dd47,null,"{""encoding"": ""ascii"", ""sample_lines"": 1}",
rag_kits,Cerebrum-Blocks/block_store/kits/rag_kits/raw_regulations/EMIR/046_45_4_of_EMIR.html,C:/Users/shimm/Cerebrum-Blocks/block_store/kits/rag_kits/raw_regulations/EMIR/046_45_4_of_EMIR.html,24245,.html,text/html,d76e56b8f4675bb81c8ec72b0c527ad05fd4cbc9a69f61b8b748e91471c46acd,null,"{""title"": ""Redirecting""}",
rag_kits,Cerebrum-Blocks/block_store/kits/rag_kits/raw_regulations/EMIR/046_45_4_of_EMIR.txt,C:/Users/shimm/Cerebrum-Blocks/block_store/kits/rag_kits/raw_regulations/EMIR/046_45_4_of_EMIR.txt,11,.txt,text/plain,e55fb1a1d731153e943b68844af12dcce8bfac917c98ffdea64c80da0607dd47,null,"{""encoding"": ""ascii"", ""sample_lines"": 1}",
rag_kits,Cerebrum-Blocks/block_store/kits/rag_kits/raw_regulations/EMIR/047_46_of_EMIR.html,C:/Users/shimm/Cerebrum-Blocks/block_store/kits/rag_kits/raw_regulations/EMIR/047_46_of_EMIR.html,24239,.html,text/html,bee50b10c58e4b8f70062065765260d4d4c3b4f68a7783152148ad6f77f49692,null,"{""title"": ""Redirecting""}",
rag_kits,Cerebrum-Blocks/block_store/kits/rag_kits/raw_regulations/EMIR/047_46_of_EMIR.txt,C:/Users/shimm/Cerebrum-Blocks/block_store/kits/rag_kits/raw_regulations/EMIR/047_46_of_EMIR.txt,11,.txt,text/plain,e55fb1a1d731153e943b68844af12dcce8bfac917c98ffdea64c80da0607dd47,null,"{""encoding"": ""ascii"", ""sample_lines"": 1}",
rag_kits,Cerebrum-Blocks/block_store/kits/rag_kits/raw_regulations/EMIR/048_37_of_RTS_on_CCP_requirements.html,C:/Users/shimm/Cerebrum-Blocks/block_store/kits/rag_kits/raw_regulations/EMIR/048_37_of_RTS_on_CCP_requirements.html,24215,.html,text/html,863508f5d7e98d0b1fd25708616b710c01d1ea145ad1d6a19f9a318a2014dc02,null,"{""title"": ""Redirecting""}",
rag_kits,Cerebrum-Blocks/block_store/kits/rag_kits/raw_regulations/EMIR/048_37_of_RTS_on_CCP_requirements.txt,C:/Users/shimm/Cerebrum-Blocks/block_store/kits/rag_kits/raw_regulations/EMIR/048_37_of_RTS_on_CCP_requirements.txt,11,.txt,text/plain,e55fb1a1d731153e943b68844af12dcce8bfac917c98ffdea64c80da0607dd47,null,"{""encoding"": ""ascii"", ""sample_lines"": 1}",
rag_kits,Cerebrum-Blocks/block_store/kits/rag_kits/raw_regulations/EMIR/049_47_of_EMIR.html,C:/Users/shimm/Cerebrum-Blocks/block_store/kits/rag_kits/raw_regulations/EMIR/049_47_of_EMIR.html,24212,.html,text/html,0cdcabbaf4d15b78f406da316589467d485a527723cbc426d2ae9cb0e1bd39a1,null,"{""title"": ""Redirecting""}",
rag_kits,Cerebrum-Blocks/block_store/kits/rag_kits/raw_regulations/EMIR/049_47_of_EMIR.txt,C:/Users/shimm/Cerebrum-Blocks/block_store/kits/rag_kits/raw_regulations/EMIR/049_47_of_EMIR.txt,11,.txt,text/plain,e55fb1a1d731153e943b68844af12dcce8bfac917c98ffdea64c80da0607dd47,null,"{""encoding"": ""ascii"", ""sample_lines"": 1}",
rag_kits,Cerebrum-Blocks/block_store/kits/rag_kits/raw_regulations/EMIR/050_48_of_EMIR.html,C:/Users/shimm/Cerebrum-Blocks/block_store/kits/rag_kits/raw_regulations/EMIR/050_48_of_EMIR.html,24307,.html,text/html,9467394292519bc9ad123ba1f5a1d1edda69987e6a607721c4a7c5668400d824,null,"{""title"": ""Redirecting""}",
rag_kits,Cerebrum-Blocks/block_store/kits/rag_kits/raw_regulations/EMIR/050_48_of_EMIR.txt,C:/Users/shimm/Cerebrum-Blocks/block_store/kits/rag_kits/raw_regulations/EMIR/050_48_of_EMIR.txt,11,.txt,text/plain,e55fb1a1d731153e943b68844af12dcce8bfac917c98ffdea64c80da0607dd47,null,"{""encoding"": ""ascii"", ""sample_lines"": 1}",
rag_kits,Cerebrum-Blocks/block_store/kits/rag_kits/raw_regulations/EMIR/051_49_of_EMIR.html,C:/Users/shimm/Cerebrum-Blocks/block_store/kits/rag_kits/raw_regulations/EMIR/051_49_of_EMIR.html,24338,.html,text/html,bf07b9a7b6adb9864ef9b77e2ee38476bbbb1ba8d0a4eeedaef690fbc6bb97b2,null,"{""title"": ""Redirecting""}",
rag_kits,Cerebrum-Blocks/block_store/kits/rag_kits/raw_regulations/EMIR/051_49_of_EMIR.txt,C:/Users/shimm/Cerebrum-Blocks/block_store/kits/rag_kits/raw_regulations/EMIR/051_49_of_EMIR.txt,11,.txt,text/plain,e55fb1a1d731153e943b68844af12dcce8bfac917c98ffdea64c80da0607dd47,null,"{""encoding"": ""ascii"", ""sample_lines"": 1}",
rag_kits,Cerebrum-Blocks/block_store/kits/rag_kits/raw_regulations/EMIR/052_10_of_EMIR.html,C:/Users/shimm/Cerebrum-Blocks/block_store/kits/rag_kits/raw_regulations/EMIR/052_10_of_EMIR.html,24246,.html,text/html,ff340540ce7cdf999300c2ed22db827ffe759b97af6c9d7ef10aea84c2c42a36,null,"{""title"": ""Redirecting""}",
rag_kits,Cerebrum-Blocks/block_store/kits/rag_kits/raw_regulations/EMIR/052_10_of_EMIR.txt,C:/Users/shimm/Cerebrum-Blocks/block_store/kits/rag_kits/raw_regulations/EMIR/052_10_of_EMIR.txt,11,.txt,text/plain,e55fb1a1d731153e943b68844af12dcce8bfac917c98ffdea64c80da0607dd47,null,"{""encoding"": ""ascii"", ""sample_lines"": 1}",
rag_kits,Cerebrum-Blocks/block_store/kits/rag_kits/raw_regulations/EMIR/053_4a_of_EMIR.html,C:/Users/shimm/Cerebrum-Blocks/block_store/kits/rag_kits/raw_regulations/EMIR/053_4a_of_EMIR.html,24331,.html,text/html,6878fee5149fa7a1262ac5233c0270e6f87105bafa10dbe029fe26fc0e372791,null,"{""title"": ""Redirecting""}",
rag_kits,Cerebrum-Blocks/block_store/kits/rag_kits/raw_regulations/EMIR/053_4a_of_EMIR.txt,C:/Users/shimm/Cerebrum-Blocks/block_store/kits/rag_kits/raw_regulations/EMIR/053_4a_of_EMIR.txt,11,.txt,text/plain,e55fb1a1d731153e943b68844af12dcce8bfac917c98ffdea64c80da0607dd47,null,"{""encoding"": ""ascii"", ""sample_lines"": 1}",
rag_kits,Cerebrum-Blocks/block_store/kits/rag_kits/raw_regulations/EMIR/054_5_of_the_ITS_on_reporting_to_TR.pdf,C:/Users/shimm/Cerebrum-Blocks/block_store/kits/rag_kits/raw_regulations/EMIR/054_5_of_the_ITS_on_reporting_to_TR.pdf,1616489,.pdf,application/pdf,464473436748a6edf6933c09758a792433704a4a52fc3f64922c3bc926398e75,null,"{""pages"": 146, ""text_extractable"": true}",
rag_kits,Cerebrum-Blocks/block_store/kits/rag_kits/raw_regulations/EMIR/054_5_of_the_ITS_on_reporting_to_TR.txt,C:/Users/shimm/Cerebrum-Blocks/block_store/kits/rag_kits/raw_regulations/EMIR/054_5_of_the_ITS_on_reporting_to_TR.txt,404238,.txt,text/plain,456834e25a32f268a6d98357717e012dafa16e39f81e052b8bdd92f5e9df72ff,null,"{""encoding"": ""utf-8"", ""sample_lines"": 5}",
rag_kits,Cerebrum-Blocks/block_store/kits/rag_kits/raw_regulations/EMIR/055_56_of_EMIR.html,C:/Users/shimm/Cerebrum-Blocks/block_store/kits/rag_kits/raw_regulations/EMIR/055_56_of_EMIR.html,24236,.html,text/html,16caa51493805ca2e31de384e109b31cc5e5d22ffd5216519a7aa51c3b1df4bf,null,"{""title"": ""Redirecting""}",
rag_kits,Cerebrum-Blocks/block_store/kits/rag_kits/raw_regulations/EMIR/055_56_of_EMIR.txt,C:/Users/shimm/Cerebrum-Blocks/block_store/kits/rag_kits/raw_regulations/EMIR/055_56_of_EMIR.txt,11,.txt,text/plain,e55fb1a1d731153e943b68844af12dcce8bfac917c98ffdea64c80da0607dd47,null,"{""encoding"": ""ascii"", ""sample_lines"": 1}",
rag_kits,Cerebrum-Blocks/block_store/kits/rag_kits/raw_regulations/EMIR/056_6_of_EMIR.html,C:/Users/shimm/Cerebrum-Blocks/block_store/kits/rag_kits/raw_regulations/EMIR/056_6_of_EMIR.html,24225,.html,text/html,749b923842a2780b9370375aa702d423a6c31b78862c9a1800bb1a761f6cf40b,null,"{""title"": ""Redirecting""}",
rag_kits,Cerebrum-Blocks/block_store/kits/rag_kits/raw_regulations/EMIR/056_6_of_EMIR.txt,C:/Users/shimm/Cerebrum-Blocks/block_store/kits/rag_kits/raw_regulations/EMIR/056_6_of_EMIR.txt,11,.txt,text/plain,e55fb1a1d731153e943b68844af12dcce8bfac917c98ffdea64c80da0607dd47,null,"{""encoding"": ""ascii"", ""sample_lines"": 1}",
rag_kits,Cerebrum-Blocks/block_store/kits/rag_kits/raw_regulations/EMIR/057_81_of_EMIR.html,C:/Users/shimm/Cerebrum-Blocks/block_store/kits/rag_kits/raw_regulations/EMIR/057_81_of_EMIR.html,24302,.html,text/html,faa592b1bb70e14a5a89ced076e4798e5ebf45996ebec1564876246fab852b6b,null,"{""title"": ""Redirecting""}",
rag_kits,Cerebrum-Blocks/block_store/kits/rag_kits/raw_regulations/EMIR/057_81_of_EMIR.txt,C:/Users/shimm/Cerebrum-Blocks/block_store/kits/rag_kits/raw_regulations/EMIR/057_81_of_EMIR.txt,11,.txt,text/plain,e55fb1a1d731153e943b68844af12dcce8bfac917c98ffdea64c80da0607dd47,null,"{""encoding"": ""ascii"", ""sample_lines"": 1}",
rag_kits,Cerebrum-Blocks/block_store/kits/rag_kits/raw_regulations/EMIR/058_9_of_EMIR.html,C:/Users/shimm/Cerebrum-Blocks/block_store/kits/rag_kits/raw_regulations/EMIR/058_9_of_EMIR.html,24222,.html,text/html,ef28c09ca585b48535495437c49851c838e6e106f7df000c392ba1913b281c43,null,"{""title"": ""Redirecting""}",
rag_kits,Cerebrum-Blocks/block_store/kits/rag_kits/raw_regulations/EMIR/058_9_of_EMIR.txt,C:/Users/shimm/Cerebrum-Blocks/block_store/kits/rag_kits/raw_regulations/EMIR/058_9_of_EMIR.txt,11,.txt,text/plain,e55fb1a1d731153e943b68844af12dcce8bfac917c98ffdea64c80da0607dd47,null,"{""encoding"": ""ascii"", ""sample_lines"": 1}",
rag_kits,Cerebrum-Blocks/block_store/kits/rag_kits/raw_regulations/EMIR/059_Art_2.html,C:/Users/shimm/Cerebrum-Blocks/block_store/kits/rag_kits/raw_regulations/EMIR/059_Art_2.html,24222,.html,text/html,2195c1512b7366826203106fe1b2fe46546a4119e531b7ecda69fc64fb01ebf3,null,"{""title"": ""Redirecting""}",
rag_kits,Cerebrum-Blocks/block_store/kits/rag_kits/raw_regulations/EMIR/059_Art_2.txt,C:/Users/shimm/Cerebrum-Blocks/block_store/kits/rag_kits/raw_regulations/EMIR/059_Art_2.txt,11,.txt,text/plain,e55fb1a1d731153e943b68844af12dcce8bfac917c98ffdea64c80da0607dd47,null,"{""encoding"": ""ascii"", ""sample_lines"": 1}",
rag_kits,Cerebrum-Blocks/block_store/kits/rag_kits/raw_regulations/EMIR/060_Article_10_of_EMIR.html,C:/Users/shimm/Cerebrum-Blocks/block_store/kits/rag_kits/raw_regulations/EMIR/060_Article_10_of_EMIR.html,24362,.html,text/html,57b8b3e9c202739e4ca9e40fbe1c2908232b98504c4aa1e9294d82fded8f5310,null,"{""title"": ""Redirecting""}",
rag_kits,Cerebrum-Blocks/block_store/kits/rag_kits/raw_regulations/EMIR/060_Article_10_of_EMIR.txt,C:/Users/shimm/Cerebrum-Blocks/block_store/kits/rag_kits/raw_regulations/EMIR/060_Article_10_of_EMIR.txt,11,.txt,text/plain,e55fb1a1d731153e943b68844af12dcce8bfac917c98ffdea64c80da0607dd47,null,"{""encoding"": ""ascii"", ""sample_lines"": 1}",
rag_kits,Cerebrum-Blocks/block_store/kits/rag_kits/raw_regulations/EMIR/061_Article_16_of_the_ESMA_Regulation.html,C:/Users/shimm/Cerebrum-Blocks/block_store/kits/rag_kits/raw_regulations/EMIR/061_Article_16_of_the_ESMA_Regulation.html,70142,.html,text/html,da673b62c763fa351aebd3d89be9563f230c1100ae1184dbe63ef79323a906ef,null,"{""title"": ""Article 16 Organisational requirements | European Securities and Markets Authority""}",
rag_kits,Cerebrum-Blocks/block_store/kits/rag_kits/raw_regulations/EMIR/061_Article_16_of_the_ESMA_Regulation.txt,C:/Users/shimm/Cerebrum-Blocks/block_store/kits/rag_kits/raw_regulations/EMIR/061_Article_16_of_the_ESMA_Regulation.txt,11059,.txt,text/plain,844cc4de89a56010de36de8c7ec099688826e2a847556d405e865ea6154c36cd,null,"{""encoding"": ""utf-8"", ""sample_lines"": 5}",
rag_kits,Cerebrum-Blocks/block_store/kits/rag_kits/raw_regulations/EMIR/062_Article_19_6_of_Directive_2004_39_EC.pdf,C:/Users/shimm/Cerebrum-Blocks/block_store/kits/rag_kits/raw_regulations/EMIR/062_Article_19_6_of_Directive_2004_39_EC.pdf,1114778,.pdf,application/pdf,c7e52eff5f5b278c2710ac0e38b644c861156facb40a4a63727fc8805cb31362,null,"{""pages"": 88, ""text_extractable"": true}",
rag_kits,Cerebrum-Blocks/block_store/kits/rag_kits/raw_regulations/EMIR/062_Article_19_6_of_Directive_2004_39_EC.txt,C:/Users/shimm/Cerebrum-Blocks/block_store/kits/rag_kits/raw_regulations/EMIR/062_Article_19_6_of_Directive_2004_39_EC.txt,241892,.txt,text/plain,d8066e9a692e18d453c344973f09b7c7186fb2f714c830a456ca4b23804f3f29,null,"{""encoding"": ""utf-8"", ""sample_lines"": 5}",
rag_kits,Cerebrum-Blocks/block_store/kits/rag_kits/raw_regulations/EMIR/063_Article_2_3_g_of_AIFMD.pdf,C:/Users/shimm/Cerebrum-Blocks/block_store/kits/rag_kits/raw_regulations/EMIR/063_Article_2_3_g_of_AIFMD.pdf,1413728,.pdf,application/pdf,085d6374c9aa7519657caa1c128c6e46e9763030d66f40322d2b5b6f63b094bd,null,"{""pages"": 73, ""text_extractable"": true}",
rag_kits,Cerebrum-Blocks/block_store/kits/rag_kits/raw_regulations/EMIR/063_Article_2_3_g_of_AIFMD.txt,C:/Users/shimm/Cerebrum-Blocks/block_store/kits/rag_kits/raw_regulations/EMIR/063_Article_2_3_g_of_AIFMD.txt,352120,.txt,text/plain,c97f370d61320a9c8f738ea08dfd5e87a291b27c361e61a3ed240a1bf8852f1b,null,"{""encoding"": ""utf-8"", ""sample_lines"": 5}",
rag_kits,Cerebrum-Blocks/block_store/kits/rag_kits/raw_regulations/EMIR/064_Article_2_7_of_EMIR.html,C:/Users/shimm/Cerebrum-Blocks/block_store/kits/rag_kits/raw_regulations/EMIR/064_Article_2_7_of_EMIR.html,24408,.html,text/html,79c30891135fc6bae501c905ab7c3123ba862335cabbd8617227eee82a515370,null,"{""title"": ""Redirecting""}",
rag_kits,Cerebrum-Blocks/block_store/kits/rag_kits/raw_regulations/EMIR/064_Article_2_7_of_EMIR.txt,C:/Users/shimm/Cerebrum-Blocks/block_store/kits/rag_kits/raw_regulations/EMIR/064_Article_2_7_of_EMIR.txt,11,.txt,text/plain,e55fb1a1d731153e943b68844af12dcce8bfac917c98ffdea64c80da0607dd47,null,"{""encoding"": ""ascii"", ""sample_lines"": 1}",
rag_kits,Cerebrum-Blocks/block_store/kits/rag_kits/raw_regulations/EMIR/065_Article_2_8_of_EMIR.html,C:/Users/shimm/Cerebrum-Blocks/block_store/kits/rag_kits/raw_regulations/EMIR/065_Article_2_8_of_EMIR.html,24207,.html,text/html,5b90e905ff651cf465d8168de04a8239d948b770fd6e0e362b89b60c747afdce,null,"{""title"": ""Redirecting""}",
rag_kits,Cerebrum-Blocks/block_store/kits/rag_kits/raw_regulations/EMIR/065_Article_2_8_of_EMIR.txt,C:/Users/shimm/Cerebrum-Blocks/block_store/kits/rag_kits/raw_regulations/EMIR/065_Article_2_8_of_EMIR.txt,11,.txt,text/plain,e55fb1a1d731153e943b68844af12dcce8bfac917c98ffdea64c80da0607dd47,null,"{""encoding"": ""ascii"", ""sample_lines"": 1}",
rag_kits,Cerebrum-Blocks/block_store/kits/rag_kits/raw_regulations/EMIR/066_Article_29_2_of_the_ESMA_Regulation.html,C:/Users/shimm/Cerebrum-Blocks/block_store/kits/rag_kits/raw_regulations/EMIR/066_Article_29_2_of_the_ESMA_Regulation.html,52985,.html,text/html,9c8613e70d059ef5a8227755adf816acc72e4c6893f949ca739e7354a1f1ed86,null,"{""title"": ""Article 29 | European Securities and Markets Authority""}",
rag_kits,Cerebrum-Blocks/block_store/kits/rag_kits/raw_regulations/EMIR/066_Article_29_2_of_the_ESMA_Regulation.txt,C:/Users/shimm/Cerebrum-Blocks/block_store/kits/rag_kits/raw_regulations/EMIR/066_Article_29_2_of_the_ESMA_Regulation.txt,4837,.txt,text/plain,669b10dee1a112518a518c858614a138de467d70786bec6b1a0ff2d592721d9d,null,"{""encoding"": ""utf-8"", ""sample_lines"": 5}",
rag_kits,Cerebrum-Blocks/block_store/kits/rag_kits/raw_regulations/EMIR/067_Article_2a_of_EMIR.html,C:/Users/shimm/Cerebrum-Blocks/block_store/kits/rag_kits/raw_regulations/EMIR/067_Article_2a_of_EMIR.html,24232,.html,text/html,bad5f6b2e6ae2eb2616b52b08fda0b32fa7413153d3b10875f4866d8b6895f6d,null,"{""title"": ""Redirecting""}",
rag_kits,Cerebrum-Blocks/block_store/kits/rag_kits/raw_regulations/EMIR/067_Article_2a_of_EMIR.txt,C:/Users/shimm/Cerebrum-Blocks/block_store/kits/rag_kits/raw_regulations/EMIR/067_Article_2a_of_EMIR.txt,11,.txt,text/plain,e55fb1a1d731153e943b68844af12dcce8bfac917c98ffdea64c80da0607dd47,null,"{""encoding"": ""ascii"", ""sample_lines"": 1}",
rag_kits,Cerebrum-Blocks/block_store/kits/rag_kits/raw_regulations/EMIR/068_Article_3_2_of_the_AIFMD.pdf,C:/Users/shimm/Cerebrum-Blocks/block_store/kits/rag_kits/raw_regulations/EMIR/068_Article_3_2_of_the_AIFMD.pdf,1413728,.pdf,application/pdf,085d6374c9aa7519657caa1c128c6e46e9763030d66f40322d2b5b6f63b094bd,null,"{""pages"": 73, ""text_extractable"": true}",
rag_kits,Cerebrum-Blocks/block_store/kits/rag_kits/raw_regulations/EMIR/068_Article_3_2_of_the_AIFMD.txt,C:/Users/shimm/Cerebrum-Blocks/block_store/kits/rag_kits/raw_regulations/EMIR/068_Article_3_2_of_the_AIFMD.txt,352120,.txt,text/plain,c97f370d61320a9c8f738ea08dfd5e87a291b27c361e61a3ed240a1bf8852f1b,null,"{""encoding"": ""utf-8"", ""sample_lines"": 5}",
rag_kits,Cerebrum-Blocks/block_store/kits/rag_kits/raw_regulations/EMIR/069_Article_4_1_14_of_Directive_2004_39_EC.pdf,C:/Users/shimm/Cerebrum-Blocks/block_store/kits/rag_kits/raw_regulations/EMIR/069_Article_4_1_14_of_Directive_2004_39_EC.pdf,1114778,.pdf,application/pdf,c7e52eff5f5b278c2710ac0e38b644c861156facb40a4a63727fc8805cb31362,null,"{""pages"": 88, ""text_extractable"": true}",
rag_kits,Cerebrum-Blocks/block_store/kits/rag_kits/raw_regulations/EMIR/069_Article_4_1_14_of_Directive_2004_39_EC.txt,C:/Users/shimm/Cerebrum-Blocks/block_store/kits/rag_kits/raw_regulations/EMIR/069_Article_4_1_14_of_Directive_2004_39_EC.txt,241892,.txt,text/plain,d8066e9a692e18d453c344973f09b7c7186fb2f714c830a456ca4b23804f3f29,null,"{""encoding"": ""utf-8"", ""sample_lines"": 5}",
rag_kits,Cerebrum-Blocks/block_store/kits/rag_kits/raw_regulations/EMIR/070_Article_4_1_b_ii_of_EMIR.html,C:/Users/shimm/Cerebrum-Blocks/block_store/kits/rag_kits/raw_regulations/EMIR/070_Article_4_1_b_ii_of_EMIR.html,24220,.html,text/html,25654f7993ad1d4bcd28e030913baa79e3757b76c53a0de07fbc52ba67b2feb7,null,"{""title"": ""Redirecting""}",
rag_kits,Cerebrum-Blocks/block_store/kits/rag_kits/raw_regulations/EMIR/070_Article_4_1_b_ii_of_EMIR.txt,C:/Users/shimm/Cerebrum-Blocks/block_store/kits/rag_kits/raw_regulations/EMIR/070_Article_4_1_b_ii_of_EMIR.txt,11,.txt,text/plain,e55fb1a1d731153e943b68844af12dcce8bfac917c98ffdea64c80da0607dd47,null,"{""encoding"": ""ascii"", ""sample_lines"": 1}",
rag_kits,Cerebrum-Blocks/block_store/kits/rag_kits/raw_regulations/EMIR/071_Article_4_2_b_of_RTS_2017_2155_amending_RTS_149_2013.pdf,C:/Users/shimm/Cerebrum-Blocks/block_store/kits/rag_kits/raw_regulations/EMIR/071_Article_4_2_b_of_RTS_2017_2155_amending_RTS_149_2013.pdf,411807,.pdf,application/pdf,276542f407f545f49646bf19a8ad820680c6f09ccbc0bd66e207b2d0e198f8a5,null,"{""pages"": 7, ""text_extractable"": true}",
rag_kits,Cerebrum-Blocks/block_store/kits/rag_kits/raw_regulations/EMIR/071_Article_4_2_b_of_RTS_2017_2155_amending_RTS_149_2013.txt,C:/Users/shimm/Cerebrum-Blocks/block_store/kits/rag_kits/raw_regulations/EMIR/071_Article_4_2_b_of_RTS_2017_2155_amending_RTS_149_2013.txt,28955,.txt,text/plain,4b57c095a3a73e4dc7904edf54ab6ae5ce17471b1b151124f4152947b1e38086,null,"{""encoding"": ""utf-8"", ""sample_lines"": 5}",
rag_kits,Cerebrum-Blocks/block_store/kits/rag_kits/raw_regulations/EMIR/072_Article_4_3_of_EMIR.html,C:/Users/shimm/Cerebrum-Blocks/block_store/kits/rag_kits/raw_regulations/EMIR/072_Article_4_3_of_EMIR.html,24232,.html,text/html,52f7f2965fd11a0a8c31564c7380d183b2dff45acf5e66e0de1536b544dab29b,null,"{""title"": ""Redirecting""}",
rag_kits,Cerebrum-Blocks/block_store/kits/rag_kits/raw_regulations/EMIR/072_Article_4_3_of_EMIR.txt,C:/Users/shimm/Cerebrum-Blocks/block_store/kits/rag_kits/raw_regulations/EMIR/072_Article_4_3_of_EMIR.txt,11,.txt,text/plain,e55fb1a1d731153e943b68844af12dcce8bfac917c98ffdea64c80da0607dd47,null,"{""encoding"": ""ascii"", ""sample_lines"": 1}",
rag_kits,Cerebrum-Blocks/block_store/kits/rag_kits/raw_regulations/EMIR/073_Article_2_RTS_on_OTC_derivatives.html,C:/Users/shimm/Cerebrum-Blocks/block_store/kits/rag_kits/raw_regulations/EMIR/073_Article_2_RTS_on_OTC_derivatives.html,24307,.html,text/html,cbb5f7aaabbae3e96cbc04f807db9cf532020bdf07a6caa44bd026a378b6e0fa,null,"{""title"": ""Redirecting""}",
rag_kits,Cerebrum-Blocks/block_store/kits/rag_kits/raw_regulations/EMIR/073_Article_2_RTS_on_OTC_derivatives.txt,C:/Users/shimm/Cerebrum-Blocks/block_store/kits/rag_kits/raw_regulations/EMIR/073_Article_2_RTS_on_OTC_derivatives.txt,11,.txt,text/plain,e55fb1a1d731153e943b68844af12dcce8bfac917c98ffdea64c80da0607dd47,null,"{""encoding"": ""ascii"", ""sample_lines"": 1}",
rag_kits,Cerebrum-Blocks/block_store/kits/rag_kits/raw_regulations/EMIR/074_Article_4_4_of_EMIR.html,C:/Users/shimm/Cerebrum-Blocks/block_store/kits/rag_kits/raw_regulations/EMIR/074_Article_4_4_of_EMIR.html,24232,.html,text/html,3b01b9d9d5bb5958ecebf3366fd775235709590e6c75d8d877c164d8c3774de2,null,"{""title"": ""Redirecting""}",
rag_kits,Cerebrum-Blocks/block_store/kits/rag_kits/raw_regulations/EMIR/074_Article_4_4_of_EMIR.txt,C:/Users/shimm/Cerebrum-Blocks/block_store/kits/rag_kits/raw_regulations/EMIR/074_Article_4_4_of_EMIR.txt,11,.txt,text/plain,e55fb1a1d731153e943b68844af12dcce8bfac917c98ffdea64c80da0607dd47,null,"{""encoding"": ""ascii"", ""sample_lines"": 1}",
rag_kits,Cerebrum-Blocks/block_store/kits/rag_kits/raw_regulations/EMIR/075_Article_4_9_of_MiFID.html,C:/Users/shimm/Cerebrum-Blocks/block_store/kits/rag_kits/raw_regulations/EMIR/075_Article_4_9_of_MiFID.html,78441,.html,text/html,5ffbbd1c3edd42778797cb7d2fb5e249fd3e8d1d5605d6f9ffd07ebc3311de89,null,"{""title"": ""Article 4 Definitions | European Securities and Markets Authority""}",
rag_kits,Cerebrum-Blocks/block_store/kits/rag_kits/raw_regulations/EMIR/075_Article_4_9_of_MiFID.txt,C:/Users/shimm/Cerebrum-Blocks/block_store/kits/rag_kits/raw_regulations/EMIR/075_Article_4_9_of_MiFID.txt,23178,.txt,text/plain,ea73a8497c30ba4c34d0283346673f260b276e7a02aea82b28aa97020127113f,null,"{""encoding"": ""utf-8"", ""sample_lines"": 5}",
rag_kits,Cerebrum-Blocks/block_store/kits/rag_kits/raw_regulations/EMIR/076_Article_42_of_the_AIFMD.html,C:/Users/shimm/Cerebrum-Blocks/block_store/kits/rag_kits/raw_regulations/EMIR/076_Article_42_of_the_AIFMD.html,1151581,.html,text/html,8684215c2678db81815d3bb79525a4dc2106d7e8bc2b1397c3385058f433657f,null,"{""title"": ""Directive - 2011/61 - EN - aifmd - EUR-Lex""}",
rag_kits,Cerebrum-Blocks/block_store/kits/rag_kits/raw_regulations/EMIR/076_Article_42_of_the_AIFMD.txt,C:/Users/shimm/Cerebrum-Blocks/block_store/kits/rag_kits/raw_regulations/EMIR/076_Article_42_of_the_AIFMD.txt,340866,.txt,text/plain,4d599861ad3bf8f2a44670f66f36307b33ac896adf11807720aced12e6713694,null,"{""encoding"": ""utf-8"", ""sample_lines"": 5}",
rag_kits,Cerebrum-Blocks/block_store/kits/rag_kits/raw_regulations/EMIR/077_Article10_2_for_FCs_and_NFCs.html,C:/Users/shimm/Cerebrum-Blocks/block_store/kits/rag_kits/raw_regulations/EMIR/077_Article10_2_for_FCs_and_NFCs.html,24347,.html,text/html,cd6adff46086928e0c0800d3a7fc6eb57dd2b3f0ef73267f3f03187389b8d551,null,"{""title"": ""Redirecting""}",
rag_kits,Cerebrum-Blocks/block_store/kits/rag_kits/raw_regulations/EMIR/077_Article10_2_for_FCs_and_NFCs.txt,C:/Users/shimm/Cerebrum-Blocks/block_store/kits/rag_kits/raw_regulations/EMIR/077_Article10_2_for_FCs_and_NFCs.txt,11,.txt,text/plain,e55fb1a1d731153e943b68844af12dcce8bfac917c98ffdea64c80da0607dd47,null,"{""encoding"": ""ascii"", ""sample_lines"": 1}",
rag_kits,Cerebrum-Blocks/block_store/kits/rag_kits/raw_regulations/EMIR/078_Article_4a_2_for_FCs_and_NFCs.html,C:/Users/shimm/Cerebrum-Blocks/block_store/kits/rag_kits/raw_regulations/EMIR/078_Article_4a_2_for_FCs_and_NFCs.html,24230,.html,text/html,1ac18a4e569fc3c79d67cb0525499b8936ce8256b083bc868ba73d718e4a22ff,null,"{""title"": ""Redirecting""}",
rag_kits,Cerebrum-Blocks/block_store/kits/rag_kits/raw_regulations/EMIR/078_Article_4a_2_for_FCs_and_NFCs.txt,C:/Users/shimm/Cerebrum-Blocks/block_store/kits/rag_kits/raw_regulations/EMIR/078_Article_4a_2_for_FCs_and_NFCs.txt,11,.txt,text/plain,e55fb1a1d731153e943b68844af12dcce8bfac917c98ffdea64c80da0607dd47,null,"{""encoding"": ""ascii"", ""sample_lines"": 1}",
rag_kits,Cerebrum-Blocks/block_store/kits/rag_kits/raw_regulations/EMIR/079_Article_10_3_of_EMIR.html,C:/Users/shimm/Cerebrum-Blocks/block_store/kits/rag_kits/raw_regulations/EMIR/079_Article_10_3_of_EMIR.html,24243,.html,text/html,ec4a702bcec73d4a51d993ba9bde392d083659a68430e658ad53f10bb98e85e5,null,"{""title"": ""Redirecting""}",
rag_kits,Cerebrum-Blocks/block_store/kits/rag_kits/raw_regulations/EMIR/079_Article_10_3_of_EMIR.txt,C:/Users/shimm/Cerebrum-Blocks/block_store/kits/rag_kits/raw_regulations/EMIR/079_Article_10_3_of_EMIR.txt,11,.txt,text/plain,e55fb1a1d731153e943b68844af12dcce8bfac917c98ffdea64c80da0607dd47,null,"{""encoding"": ""ascii"", ""sample_lines"": 1}",
rag_kits,Cerebrum-Blocks/block_store/kits/rag_kits/raw_regulations/EMIR/080_Article_4a_3_of_EMIR.html,C:/Users/shimm/Cerebrum-Blocks/block_store/kits/rag_kits/raw_regulations/EMIR/080_Article_4a_3_of_EMIR.html,24227,.html,text/html,5c7d7b42dbc746bfa724c183b2cc9b6d24ce65903e35291845139ff3004ead40,null,"{""title"": ""Redirecting""}",
rag_kits,Cerebrum-Blocks/block_store/kits/rag_kits/raw_regulations/EMIR/080_Article_4a_3_of_EMIR.txt,C:/Users/shimm/Cerebrum-Blocks/block_store/kits/rag_kits/raw_regulations/EMIR/080_Article_4a_3_of_EMIR.txt,11,.txt,text/plain,e55fb1a1d731153e943b68844af12dcce8bfac917c98ffdea64c80da0607dd47,null,"{""encoding"": ""ascii"", ""sample_lines"": 1}",
rag_kits,Cerebrum-Blocks/block_store/kits/rag_kits/raw_regulations/EMIR/081_Article_61_3_of_AIFMD.html,C:/Users/shimm/Cerebrum-Blocks/block_store/kits/rag_kits/raw_regulations/EMIR/081_Article_61_3_of_AIFMD.html,1151582,.html,text/html,214fc3cd87a8699e8f28cf1c5df0a193b3d7d9a4d121c5b05def7deed2cab2dc,null,"{""title"": ""Directive - 2011/61 - EN - aifmd - EUR-Lex""}",
rag_kits,Cerebrum-Blocks/block_store/kits/rag_kits/raw_regulations/EMIR/081_Article_61_3_of_AIFMD.txt,C:/Users/shimm/Cerebrum-Blocks/block_store/kits/rag_kits/raw_regulations/EMIR/081_Article_61_3_of_AIFMD.txt,340866,.txt,text/plain,4d599861ad3bf8f2a44670f66f36307b33ac896adf11807720aced12e6713694,null,"{""encoding"": ""utf-8"", ""sample_lines"": 5}",
rag_kits,Cerebrum-Blocks/block_store/kits/rag_kits/raw_regulations/EMIR/082_Article_61_4_of_AIFMD.html,C:/Users/shimm/Cerebrum-Blocks/block_store/kits/rag_kits/raw_regulations/EMIR/082_Article_61_4_of_AIFMD.html,1151581,.html,text/html,cea8349f36638aaef4181c0bf22c9c9aa98ca0b6889a55591886bb8f2004f144,null,"{""title"": ""Directive - 2011/61 - EN - aifmd - EUR-Lex""}",
rag_kits,Cerebrum-Blocks/block_store/kits/rag_kits/raw_regulations/EMIR/082_Article_61_4_of_AIFMD.txt,C:/Users/shimm/Cerebrum-Blocks/block_store/kits/rag_kits/raw_regulations/EMIR/082_Article_61_4_of_AIFMD.txt,340866,.txt,text/plain,4d599861ad3bf8f2a44670f66f36307b33ac896adf11807720aced12e6713694,null,"{""encoding"": ""utf-8"", ""sample_lines"": 5}",
rag_kits,Cerebrum-Blocks/block_store/kits/rag_kits/raw_regulations/EMIR/083_Article_9_1_of_EMIR.html,C:/Users/shimm/Cerebrum-Blocks/block_store/kits/rag_kits/raw_regulations/EMIR/083_Article_9_1_of_EMIR.html,24213,.html,text/html,e6356cbca8837f96d44b042eaefc88608697b25786f969634362172fde9ab42b,null,"{""title"": ""Redirecting""}",
rag_kits,Cerebrum-Blocks/block_store/kits/rag_kits/raw_regulations/EMIR/083_Article_9_1_of_EMIR.txt,C:/Users/shimm/Cerebrum-Blocks/block_store/kits/rag_kits/raw_regulations/EMIR/083_Article_9_1_of_EMIR.txt,11,.txt,text/plain,e55fb1a1d731153e943b68844af12dcce8bfac917c98ffdea64c80da0607dd47,null,"{""encoding"": ""ascii"", ""sample_lines"": 1}",
rag_kits,Cerebrum-Blocks/block_store/kits/rag_kits/raw_regulations/EMIR/084_Articles_9_1b_to_1d_EMIR.html,C:/Users/shimm/Cerebrum-Blocks/block_store/kits/rag_kits/raw_regulations/EMIR/084_Articles_9_1b_to_1d_EMIR.html,24298,.html,text/html,03cd221b93ffe82c7fac646e2f68182262464e9c9c30d08bd1f131dee587ca59,null,"{""title"": ""Redirecting""}",
rag_kits,Cerebrum-Blocks/block_store/kits/rag_kits/raw_regulations/EMIR/084_Articles_9_1b_to_1d_EMIR.txt,C:/Users/shimm/Cerebrum-Blocks/block_store/kits/rag_kits/raw_regulations/EMIR/084_Articles_9_1b_to_1d_EMIR.txt,11,.txt,text/plain,e55fb1a1d731153e943b68844af12dcce8bfac917c98ffdea64c80da0607dd47,null,"{""encoding"": ""ascii"", ""sample_lines"": 1}",
rag_kits,Cerebrum-Blocks/block_store/kits/rag_kits/raw_regulations/EMIR/085_Directive_2006_48_EC.html,C:/Users/shimm/Cerebrum-Blocks/block_store/kits/rag_kits/raw_regulations/EMIR/085_Directive_2006_48_EC.html,3217696,.html,text/html,f0cdf3204322d95f1875982edc9b4c502880156d7012ea0f016e279085d51b26,null,"{""title"": ""Directive - 2006/48 - EN - CRD - EUR-Lex""}",
rag_kits,Cerebrum-Blocks/block_store/kits/rag_kits/raw_regulations/EMIR/085_Directive_2006_48_EC.txt,C:/Users/shimm/Cerebrum-Blocks/block_store/kits/rag_kits/raw_regulations/EMIR/085_Directive_2006_48_EC.txt,703048,.txt,text/plain,adf160c70b56e786de248e824476adb3e477670b239a831cd38d478ad06e39ab,null,"{""encoding"": ""utf-8"", ""sample_lines"": 5}",
rag_kits,Cerebrum-Blocks/block_store/kits/rag_kits/raw_regulations/EMIR/086_Directive_2006_49_EC.html,C:/Users/shimm/Cerebrum-Blocks/block_store/kits/rag_kits/raw_regulations/EMIR/086_Directive_2006_49_EC.html,956722,.html,text/html,a4fb3eab0176ebf4d08933a0a7ceb403003dcba9e847484fab57edfeb7be0a58,null,"{""title"": ""Directive - 2006/49 - EN - EUR-Lex""}",
rag_kits,Cerebrum-Blocks/block_store/kits/rag_kits/raw_regulations/EMIR/086_Directive_2006_49_EC.txt,C:/Users/shimm/Cerebrum-Blocks/block_store/kits/rag_kits/raw_regulations/EMIR/086_Directive_2006_49_EC.txt,195917,.txt,text/plain,ea1a8e1764cfa870545556632b9315b5fd45e05859815fab5340ad52f771eca7,null,"{""encoding"": ""utf-8"", ""sample_lines"": 5}",
rag_kits,Cerebrum-Blocks/block_store/kits/rag_kits/raw_regulations/EMIR/087_Directive_2011_61_EU.html,C:/Users/shimm/Cerebrum-Blocks/block_store/kits/rag_kits/raw_regulations/EMIR/087_Directive_2011_61_EU.html,1151582,.html,text/html,434dee227fa0640db41e609eb75aa87efa54ab11c8c939aad26c4606d63971bb,null,"{""title"": ""Directive - 2011/61 - EN - aifmd - EUR-Lex""}",
rag_kits,Cerebrum-Blocks/block_store/kits/rag_kits/raw_regulations/EMIR/087_Directive_2011_61_EU.txt,C:/Users/shimm/Cerebrum-Blocks/block_store/kits/rag_kits/raw_regulations/EMIR/087_Directive_2011_61_EU.txt,340866,.txt,text/plain,4d599861ad3bf8f2a44670f66f36307b33ac896adf11807720aced12e6713694,null,"{""encoding"": ""utf-8"", ""sample_lines"": 5}",
rag_kits,Cerebrum-Blocks/block_store/kits/rag_kits/raw_regulations/EMIR/088_Directive_2011_61_EU.html,C:/Users/shimm/Cerebrum-Blocks/block_store/kits/rag_kits/raw_regulations/EMIR/088_Directive_2011_61_EU.html,1151582,.html,text/html,e57a4ab9956f6402dffa814c4db5582bb6bd2750e42a2651fe4cd66d30c50224,null,"{""title"": ""Directive - 2011/61 - EN - aifmd - EUR-Lex""}",
rag_kits,Cerebrum-Blocks/block_store/kits/rag_kits/raw_regulations/EMIR/088_Directive_2011_61_EU.txt,C:/Users/shimm/Cerebrum-Blocks/block_store/kits/rag_kits/raw_regulations/EMIR/088_Directive_2011_61_EU.txt,340866,.txt,text/plain,4d599861ad3bf8f2a44670f66f36307b33ac896adf11807720aced12e6713694,null,"{""encoding"": ""utf-8"", ""sample_lines"": 5}",
rag_kits,Cerebrum-Blocks/block_store/kits/rag_kits/raw_regulations/EMIR/089_Directive_83_349_EEC.html,C:/Users/shimm/Cerebrum-Blocks/block_store/kits/rag_kits/raw_regulations/EMIR/089_Directive_83_349_EEC.html,331080,.html,text/html,3d7b9b9e83d6c10485778a8169b535df641a6155c25d0383dcf1614a6259ab35,null,"{""title"": ""Directive - 83/349 - EN - EUR-Lex""}",
rag_kits,Cerebrum-Blocks/block_store/kits/rag_kits/raw_regulations/EMIR/089_Directive_83_349_EEC.txt,C:/Users/shimm/Cerebrum-Blocks/block_store/kits/rag_kits/raw_regulations/EMIR/089_Directive_83_349_EEC.txt,75923,.txt,text/plain,f4e2f3676cc567a8d254e939a07e80d430f2c252964bce623728385343585f0c,null,"{""encoding"": ""utf-8"", ""sample_lines"": 5}",
rag_kits,Cerebrum-Blocks/block_store/kits/rag_kits/raw_regulations/EMIR/090_European_Commission_FAQ_no.pdf,C:/Users/shimm/Cerebrum-Blocks/block_store/kits/rag_kits/raw_regulations/EMIR/090_European_Commission_FAQ_no.pdf,345777,.pdf,application/pdf,0385d67303e1d38d4d1da2fcc1308be3c552b9c9d485fc49b3afea127c90495a,null,"{""pages"": 11, ""text_extractable"": true}",
rag_kits,Cerebrum-Blocks/block_store/kits/rag_kits/raw_regulations/EMIR/090_European_Commission_FAQ_no.txt,C:/Users/shimm/Cerebrum-Blocks/block_store/kits/rag_kits/raw_regulations/EMIR/090_European_Commission_FAQ_no.txt,30518,.txt,text/plain,3b41306b9d98c51e28067297b016980aa099dfa0b45c1b95ef8acba29d746a58,null,"{""encoding"": ""utf-8"", ""sample_lines"": 5}",
rag_kits,Cerebrum-Blocks/block_store/kits/rag_kits/raw_regulations/EMIR/091_Guideline_and_Recommendation_3_b_v.pdf,C:/Users/shimm/Cerebrum-Blocks/block_store/kits/rag_kits/raw_regulations/EMIR/091_Guideline_and_Recommendation_3_b_v.pdf,267041,.pdf,application/pdf,e6f18690a2d4026e53c2e5f3560114b2832dbb1973b7a06dc30e9c2ff0b2214b,null,"{""pages"": 10, ""text_extractable"": true}",
rag_kits,Cerebrum-Blocks/block_store/kits/rag_kits/raw_regulations/EMIR/091_Guideline_and_Recommendation_3_b_v.txt,C:/Users/shimm/Cerebrum-Blocks/block_store/kits/rag_kits/raw_regulations/EMIR/091_Guideline_and_Recommendation_3_b_v.txt,20770,.txt,text/plain,f19117e81828cc64fb03ea56bf70bfa88354d260b76df2a9d8384f54a8071ec7,null,"{""encoding"": ""utf-8"", ""sample_lines"": 5}",
rag_kits,Cerebrum-Blocks/block_store/kits/rag_kits/raw_regulations/EMIR/092_Article_1_c_of_the_Commission_Delegated_Regulation.pdf,C:/Users/shimm/Cerebrum-Blocks/block_store/kits/rag_kits/raw_regulations/EMIR/092_Article_1_c_of_the_Commission_Delegated_Regulation.pdf,626692,.pdf,application/pdf,3762cec1f35d49261d80dceaf823a255f3bcd0da5b75c403837187d5d4ff239f,null,"{""pages"": 14, ""text_extractable"": true}",
rag_kits,Cerebrum-Blocks/block_store/kits/rag_kits/raw_regulations/EMIR/092_Article_1_c_of_the_Commission_Delegated_Regulation.txt,C:/Users/shimm/Cerebrum-Blocks/block_store/kits/rag_kits/raw_regulations/EMIR/092_Article_1_c_of_the_Commission_Delegated_Regulation.txt,49601,.txt,text/plain,56ef65639865a92ea66fbaf5106d1b9c947c999b1f57fd3857140fae6cb0c05a,null,"{""encoding"": ""utf-8"", ""sample_lines"": 5}",
rag_kits,Cerebrum-Blocks/block_store/kits/rag_kits/raw_regulations/EMIR/093_article_13_2_of_EMIR.html,C:/Users/shimm/Cerebrum-Blocks/block_store/kits/rag_kits/raw_regulations/EMIR/093_article_13_2_of_EMIR.html,24241,.html,text/html,284d306ccf871f9490fd0d17f3bdc52f6a31ea847482d9f17f5ed4536160da4b,null,"{""title"": ""Redirecting""}",
rag_kits,Cerebrum-Blocks/block_store/kits/rag_kits/raw_regulations/EMIR/093_article_13_2_of_EMIR.txt,C:/Users/shimm/Cerebrum-Blocks/block_store/kits/rag_kits/raw_regulations/EMIR/093_article_13_2_of_EMIR.txt,11,.txt,text/plain,e55fb1a1d731153e943b68844af12dcce8bfac917c98ffdea64c80da0607dd47,null,"{""encoding"": ""ascii"", ""sample_lines"": 1}",
rag_kits,Cerebrum-Blocks/block_store/kits/rag_kits/raw_regulations/EMIR/094_article_16b_5_of_the_ESMA_Regulation.html,C:/Users/shimm/Cerebrum-Blocks/block_store/kits/rag_kits/raw_regulations/EMIR/094_article_16b_5_of_the_ESMA_Regulation.html,665473,.html,text/html,4de43df7be842d861caabeb9d485bd5a27f544add8b04c4fd6897cd3bf85286d,null,"{""title"": ""Regulation - 1093/2010 - EN - EUR-Lex""}",
rag_kits,Cerebrum-Blocks/block_store/kits/rag_kits/raw_regulations/EMIR/094_article_16b_5_of_the_ESMA_Regulation.txt,C:/Users/shimm/Cerebrum-Blocks/block_store/kits/rag_kits/raw_regulations/EMIR/094_article_16b_5_of_the_ESMA_Regulation.txt,184225,.txt,text/plain,732ba55ba431e62a28a4a79516f81acd906b82bd033d084ddcefca7def06cb23,null,"{""encoding"": ""utf-8"", ""sample_lines"": 5}",
rag_kits,Cerebrum-Blocks/block_store/kits/rag_kits/raw_regulations/EMIR/095_EMIR_Article_11_2.html,C:/Users/shimm/Cerebrum-Blocks/block_store/kits/rag_kits/raw_regulations/EMIR/095_EMIR_Article_11_2.html,24240,.html,text/html,8515c10a04ed4e59a237419304df730d093c28d87ff170561b6bd38f7fb10591,null,"{""title"": ""Redirecting""}",
rag_kits,Cerebrum-Blocks/block_store/kits/rag_kits/raw_regulations/EMIR/095_EMIR_Article_11_2.txt,C:/Users/shimm/Cerebrum-Blocks/block_store/kits/rag_kits/raw_regulations/EMIR/095_EMIR_Article_11_2.txt,11,.txt,text/plain,e55fb1a1d731153e943b68844af12dcce8bfac917c98ffdea64c80da0607dd47,null,"{""encoding"": ""ascii"", ""sample_lines"": 1}",
rag_kits,Cerebrum-Blocks/block_store/kits/rag_kits/raw_regulations/EMIR/096_Article_4_1_b_ii_of_EMIR.html,C:/Users/shimm/Cerebrum-Blocks/block_store/kits/rag_kits/raw_regulations/EMIR/096_Article_4_1_b_ii_of_EMIR.html,24217,.html,text/html,b9681b0198a3c8c4cdb05de0fd74c42bf2a85bddb176e6287b4077613d2b2f44,null,"{""title"": ""Redirecting""}",
rag_kits,Cerebrum-Blocks/block_store/kits/rag_kits/raw_regulations/EMIR/096_Article_4_1_b_ii_of_EMIR.txt,C:/Users/shimm/Cerebrum-Blocks/block_store/kits/rag_kits/raw_regulations/EMIR/096_Article_4_1_b_ii_of_EMIR.txt,11,.txt,text/plain,e55fb1a1d731153e943b68844af12dcce8bfac917c98ffdea64c80da0607dd47,null,"{""encoding"": ""ascii"", ""sample_lines"": 1}",
rag_kits,Cerebrum-Blocks/block_store/kits/rag_kits/raw_regulations/EMIR/097_Article_4_2_b_of_RTS_2017_2155.html,C:/Users/shimm/Cerebrum-Blocks/block_store/kits/rag_kits/raw_regulations/EMIR/097_Article_4_2_b_of_RTS_2017_2155.html,341891,.html,text/html,389c4930d46064fccd5df8628f96d0ddba9d80ec75aa6ae123c46f026b3f96e5,null,"{""title"": ""Delegated regulation - 2017/2155 - EN - EUR-Lex""}",
rag_kits,Cerebrum-Blocks/block_store/kits/rag_kits/raw_regulations/EMIR/097_Article_4_2_b_of_RTS_2017_2155.txt,C:/Users/shimm/Cerebrum-Blocks/block_store/kits/rag_kits/raw_regulations/EMIR/097_Article_4_2_b_of_RTS_2017_2155.txt,31014,.txt,text/plain,d06a657835de45ab3639ce6a58eb1c199a3c88b9ff72c5cda3711c901b3dc591,null,"{""encoding"": ""utf-8"", ""sample_lines"": 5}",
rag_kits,Cerebrum-Blocks/block_store/kits/rag_kits/raw_regulations/EMIR/098_Article_4_4_b_of_the_Indirect_Clearing_RTS.html,C:/Users/shimm/Cerebrum-Blocks/block_store/kits/rag_kits/raw_regulations/EMIR/098_Article_4_4_b_of_the_Indirect_Clearing_RTS.html,326866,.html,text/html,f997b1a6e08fc37db38f81c390925990a81f9b633227c5a01b27bc533f1fe877,null,"{""title"": ""Delegated regulation - 2017/2154 - EN - EUR-Lex""}",
rag_kits,Cerebrum-Blocks/block_store/kits/rag_kits/raw_regulations/EMIR/098_Article_4_4_b_of_the_Indirect_Clearing_RTS.txt,C:/Users/shimm/Cerebrum-Blocks/block_store/kits/rag_kits/raw_regulations/EMIR/098_Article_4_4_b_of_the_Indirect_Clearing_RTS.txt,30365,.txt,text/plain,b681c572325ac571a8c8de5350a7c0a8b08f3222e165704cc67852a8de9d02d6,null,"{""encoding"": ""utf-8"", ""sample_lines"": 5}",
rag_kits,Cerebrum-Blocks/block_store/kits/rag_kits/raw_regulations/EMIR/099_EU_No_285_2014.html,C:/Users/shimm/Cerebrum-Blocks/block_store/kits/rag_kits/raw_regulations/EMIR/099_EU_No_285_2014.html,307157,.html,text/html,98191de60aaa4667548e13e41e28bb356a9328794adc44d4b3e9aebec5332f13,null,"{""title"": ""Delegated regulation - 285/2014 - EN - EUR-Lex""}",
rag_kits,Cerebrum-Blocks/block_store/kits/rag_kits/raw_regulations/EMIR/099_EU_No_285_2014.txt,C:/Users/shimm/Cerebrum-Blocks/block_store/kits/rag_kits/raw_regulations/EMIR/099_EU_No_285_2014.txt,16733,.txt,text/plain,c3018b42a31ef1db8bd78821333599107624cbd6db319af4295003ce8a2fbbb4,null,"{""encoding"": ""utf-8"", ""sample_lines"": 5}",
rag_kits,Cerebrum-Blocks/block_store/kits/rag_kits/raw_regulations/EMIR/100_Article_46_1_of_EMIR.html,C:/Users/shimm/Cerebrum-Blocks/block_store/kits/rag_kits/raw_regulations/EMIR/100_Article_46_1_of_EMIR.html,24236,.html,text/html,b4caf6f6f2aea4cca59dd1d2a15fcc62b3382f37cf9758957a7454739eec2405,null,"{""title"": ""Redirecting""}",
rag_kits,Cerebrum-Blocks/block_store/kits/rag_kits/raw_regulations/EMIR/100_Article_46_1_of_EMIR.txt,C:/Users/shimm/Cerebrum-Blocks/block_store/kits/rag_kits/raw_regulations/EMIR/100_Article_46_1_of_EMIR.txt,11,.txt,text/plain,e55fb1a1d731153e943b68844af12dcce8bfac917c98ffdea64c80da0607dd47,null,"{""encoding"": ""ascii"", ""sample_lines"": 1}",
rag_kits,Cerebrum-Blocks/block_store/kits/rag_kits/raw_regulations/EMIR/101_Articles_48_5_of_EMIR.html,C:/Users/shimm/Cerebrum-Blocks/block_store/kits/rag_kits/raw_regulations/EMIR/101_Articles_48_5_of_EMIR.html,24231,.html,text/html,5cdd50ba98b04207545fa83e442a06671cf990a2103faba4f57b5f7d154e15db,null,"{""title"": ""Redirecting""}",
rag_kits,Cerebrum-Blocks/block_store/kits/rag_kits/raw_regulations/EMIR/101_Articles_48_5_of_EMIR.txt,C:/Users/shimm/Cerebrum-Blocks/block_store/kits/rag_kits/raw_regulations/EMIR/101_Articles_48_5_of_EMIR.txt,11,.txt,text/plain,e55fb1a1d731153e943b68844af12dcce8bfac917c98ffdea64c80da0607dd47,null,"{""encoding"": ""ascii"", ""sample_lines"": 1}",
rag_kits,Cerebrum-Blocks/block_store/kits/rag_kits/raw_regulations/EMIR/102_Articles_48_6_of_EMIR.html,C:/Users/shimm/Cerebrum-Blocks/block_store/kits/rag_kits/raw_regulations/EMIR/102_Articles_48_6_of_EMIR.html,24222,.html,text/html,8418b20fdddcad77d60d737dece5c2e001a6d8dbc5a68722739674f605e506b0,null,"{""title"": ""Redirecting""}",
rag_kits,Cerebrum-Blocks/block_store/kits/rag_kits/raw_regulations/EMIR/102_Articles_48_6_of_EMIR.txt,C:/Users/shimm/Cerebrum-Blocks/block_store/kits/rag_kits/raw_regulations/EMIR/102_Articles_48_6_of_EMIR.txt,11,.txt,text/plain,e55fb1a1d731153e943b68844af12dcce8bfac917c98ffdea64c80da0607dd47,null,"{""encoding"": ""ascii"", ""sample_lines"": 1}",
rag_kits,Cerebrum-Blocks/block_store/kits/rag_kits/raw_regulations/EMIR/103_Article_39_7_of_EMIR.html,C:/Users/shimm/Cerebrum-Blocks/block_store/kits/rag_kits/raw_regulations/EMIR/103_Article_39_7_of_EMIR.html,24225,.html,text/html,92196b86e9bd13d55ca1a2360ea96abad84c37cb0b256bc91650f1b457126139,null,"{""title"": ""Redirecting""}",
rag_kits,Cerebrum-Blocks/block_store/kits/rag_kits/raw_regulations/EMIR/103_Article_39_7_of_EMIR.txt,C:/Users/shimm/Cerebrum-Blocks/block_store/kits/rag_kits/raw_regulations/EMIR/103_Article_39_7_of_EMIR.txt,11,.txt,text/plain,e55fb1a1d731153e943b68844af12dcce8bfac917c98ffdea64c80da0607dd47,null,"{""encoding"": ""ascii"", ""sample_lines"": 1}",
rag_kits,Cerebrum-Blocks/block_store/kits/rag_kits/raw_regulations/EMIR/104_Article_47_3_of_EMIR.html,C:/Users/shimm/Cerebrum-Blocks/block_store/kits/rag_kits/raw_regulations/EMIR/104_Article_47_3_of_EMIR.html,24215,.html,text/html,1371d7547e7b4b3299b16b8938661d5fd8c871e506106d6aa92e93fd3f261d13,null,"{""title"": ""Redirecting""}",
rag_kits,Cerebrum-Blocks/block_store/kits/rag_kits/raw_regulations/EMIR/104_Article_47_3_of_EMIR.txt,C:/Users/shimm/Cerebrum-Blocks/block_store/kits/rag_kits/raw_regulations/EMIR/104_Article_47_3_of_EMIR.txt,11,.txt,text/plain,e55fb1a1d731153e943b68844af12dcce8bfac917c98ffdea64c80da0607dd47,null,"{""encoding"": ""ascii"", ""sample_lines"": 1}",
rag_kits,Cerebrum-Blocks/block_store/kits/rag_kits/raw_regulations/EMIR/105_Settlement_Finality_Directive_98_26_EC.html,C:/Users/shimm/Cerebrum-Blocks/block_store/kits/rag_kits/raw_regulations/EMIR/105_Settlement_Finality_Directive_98_26_EC.html,308643,.html,text/html,97601fe7a5f0bab2454fdbe02246a63f3e172d8ae13839e917c1e47f098d8c7e,null,"{""title"": ""Directive - 98/26 - EN - EUR-Lex""}",
rag_kits,Cerebrum-Blocks/block_store/kits/rag_kits/raw_regulations/EMIR/105_Settlement_Finality_Directive_98_26_EC.txt,C:/Users/shimm/Cerebrum-Blocks/block_store/kits/rag_kits/raw_regulations/EMIR/105_Settlement_Finality_Directive_98_26_EC.txt,26678,.txt,text/plain,c00168e24832017838626eb9d3ba3af0b4c89b42f7d3c2d16856fd042f08b238,null,"{""encoding"": ""utf-8"", ""sample_lines"": 5}",
rag_kits,Cerebrum-Blocks/block_store/kits/rag_kits/raw_regulations/EMIR/106_Article_47_Model_Validation_of_the_Commission_delegated_Regulation.html,C:/Users/shimm/Cerebrum-Blocks/block_store/kits/rag_kits/raw_regulations/EMIR/106_Article_47_Model_Validation_of_the_Commission_delegated_Regulation.html,699368,.html,text/html,7876fb5dedec84abd528d507d4854bbef4bc666cec22da49872b9ba4de5d967c,null,"{""title"": ""Delegated regulation - 153/2013 - EN - EUR-Lex""}",
rag_kits,Cerebrum-Blocks/block_store/kits/rag_kits/raw_regulations/EMIR/106_Article_47_Model_Validation_of_the_Commission_delegated_Regulation.txt,C:/Users/shimm/Cerebrum-Blocks/block_store/kits/rag_kits/raw_regulations/EMIR/106_Article_47_Model_Validation_of_the_Commission_delegated_Regulation.txt,148237,.txt,text/plain,df201c2d0f7348d37edff628d5c9f43ca842b4e61b5d4805ef2feeae49458135,null,"{""encoding"": ""utf-8"", ""sample_lines"": 5}",
rag_kits,Cerebrum-Blocks/block_store/kits/rag_kits/raw_regulations/EMIR/107_Commission_Delegated_Regulation_No_2013_153.html,C:/Users/shimm/Cerebrum-Blocks/block_store/kits/rag_kits/raw_regulations/EMIR/107_Commission_Delegated_Regulation_No_2013_153.html,699367,.html,text/html,b0cce9f93dace657805b0dfee66ef2434f58a8a3e780ee99a183122a23f363c9,null,"{""title"": ""Delegated regulation - 153/2013 - EN - EUR-Lex""}",
rag_kits,Cerebrum-Blocks/block_store/kits/rag_kits/raw_regulations/EMIR/107_Commission_Delegated_Regulation_No_2013_153.txt,C:/Users/shimm/Cerebrum-Blocks/block_store/kits/rag_kits/raw_regulations/EMIR/107_Commission_Delegated_Regulation_No_2013_153.txt,148237,.txt,text/plain,df201c2d0f7348d37edff628d5c9f43ca842b4e61b5d4805ef2feeae49458135,null,"{""encoding"": ""utf-8"", ""sample_lines"": 5}",
rag_kits,Cerebrum-Blocks/block_store/kits/rag_kits/raw_regulations/EMIR/108_Recital_13_of_Commission_Delegated_Regulation_No_2013_153.html,C:/Users/shimm/Cerebrum-Blocks/block_store/kits/rag_kits/raw_regulations/EMIR/108_Recital_13_of_Commission_Delegated_Regulation_No_2013_153.html,699367,.html,text/html,85ca100d3334c2e460d8cf43cf8925d44596ddc1c1dd57c1c5ccf8896ec37ae9,null,"{""title"": ""Delegated regulation - 153/2013 - EN - EUR-Lex""}",
rag_kits,Cerebrum-Blocks/block_store/kits/rag_kits/raw_regulations/EMIR/108_Recital_13_of_Commission_Delegated_Regulation_No_2013_153.txt,C:/Users/shimm/Cerebrum-Blocks/block_store/kits/rag_kits/raw_regulations/EMIR/108_Recital_13_of_Commission_Delegated_Regulation_No_2013_153.txt,148237,.txt,text/plain,df201c2d0f7348d37edff628d5c9f43ca842b4e61b5d4805ef2feeae49458135,null,"{""encoding"": ""utf-8"", ""sample_lines"": 5}",
rag_kits,Cerebrum-Blocks/block_store/kits/rag_kits/raw_regulations/EMIR/109_Commission_Regulation_EC_No_1126_2008.html,C:/Users/shimm/Cerebrum-Blocks/block_store/kits/rag_kits/raw_regulations/EMIR/109_Commission_Regulation_EC_No_1126_2008.html,6987380,.html,text/html,c0cfd1ba4501674df0060cfd366bea80167c9c21f805ca2905fde3392df98f4e,null,"{""title"": ""Regulation - 1126/2008 - EN - EUR-Lex""}",
rag_kits,Cerebrum-Blocks/block_store/kits/rag_kits/raw_regulations/EMIR/109_Commission_Regulation_EC_No_1126_2008.txt,C:/Users/shimm/Cerebrum-Blocks/block_store/kits/rag_kits/raw_regulations/EMIR/109_Commission_Regulation_EC_No_1126_2008.txt,1834649,.txt,text/plain,b9eb0acd64ffc8ff66d58865474fc8e73e828994a3088e44f451cbc1b904a35c,null,"{""encoding"": ""utf-8"", ""sample_lines"": 5}",
rag_kits,Cerebrum-Blocks/block_store/kits/rag_kits/raw_regulations/FDIC/126_Appraisals_Part_323.html,C:/Users/shimm/Cerebrum-Blocks/block_store/kits/rag_kits/raw_regulations/FDIC/126_Appraisals_Part_323.html,10596,.html,text/html,d9944b6ed919d753e5cc3ae63310efddf62e9ab501958472502ba99e9551ddc9,null,"{""title"": ""Federal Register :: Request Access""}",
rag_kits,Cerebrum-Blocks/block_store/kits/rag_kits/raw_regulations/FDIC/126_Appraisals_Part_323.txt,C:/Users/shimm/Cerebrum-Blocks/block_store/kits/rag_kits/raw_regulations/FDIC/126_Appraisals_Part_323.txt,1126,.txt,text/plain,b68256501bf2049f1e2a1ba4cc1715eba09a585b76cbe29d8dd635ea3a0a55b2,null,"{""encoding"": ""utf-8"", ""sample_lines"": 5}",
rag_kits,Cerebrum-Blocks/block_store/kits/rag_kits/raw_regulations/FDIC/127_Capital_Adequacy_of_FDIC-Supervised_Institutions_Part_324.html,C:/Users/shimm/Cerebrum-Blocks/block_store/kits/rag_kits/raw_regulations/FDIC/127_Capital_Adequacy_of_FDIC-Supervised_Institutions_Part_324.html,10596,.html,text/html,32dbf09453171b655e277cf8680eef96148cdce60a59fd12f826b32bf24585ab,null,"{""title"": ""Federal Register :: Request Access""}",
rag_kits,Cerebrum-Blocks/block_store/kits/rag_kits/raw_regulations/FDIC/127_Capital_Adequacy_of_FDIC-Supervised_Institutions_Part_324.txt,C:/Users/shimm/Cerebrum-Blocks/block_store/kits/rag_kits/raw_regulations/FDIC/127_Capital_Adequacy_of_FDIC-Supervised_Institutions_Part_324.txt,1126,.txt,text/plain,b68256501bf2049f1e2a1ba4cc1715eba09a585b76cbe29d8dd635ea3a0a55b2,null,"{""encoding"": ""utf-8"", ""sample_lines"": 5}",
rag_kits,Cerebrum-Blocks/block_store/kits/rag_kits/raw_regulations/FDIC/128_Stress_Testing_Part_325.html,C:/Users/shimm/Cerebrum-Blocks/block_store/kits/rag_kits/raw_regulations/FDIC/128_Stress_Testing_Part_325.html,10596,.html,text/html,32dbf09453171b655e277cf8680eef96148cdce60a59fd12f826b32bf24585ab,null,"{""title"": ""Federal Register :: Request Access""}",
rag_kits,Cerebrum-Blocks/block_store/kits/rag_kits/raw_regulations/FDIC/128_Stress_Testing_Part_325.txt,C:/Users/shimm/Cerebrum-Blocks/block_store/kits/rag_kits/raw_regulations/FDIC/128_Stress_Testing_Part_325.txt,1126,.txt,text/plain,b68256501bf2049f1e2a1ba4cc1715eba09a585b76cbe29d8dd635ea3a0a55b2,null,"{""encoding"": ""utf-8"", ""sample_lines"": 5}",
rag_kits,Cerebrum-Blocks/block_store/kits/rag_kits/raw_regulations/FDIC/129_Minimum_Security_Devices_and_BSA_Compliance_Part_326.html,C:/Users/shimm/Cerebrum-Blocks/block_store/kits/rag_kits/raw_regulations/FDIC/129_Minimum_Security_Devices_and_BSA_Compliance_Part_326.html,10596,.html,text/html,d9944b6ed919d753e5cc3ae63310efddf62e9ab501958472502ba99e9551ddc9,null,"{""title"": ""Federal Register :: Request Access""}",
rag_kits,Cerebrum-Blocks/block_store/kits/rag_kits/raw_regulations/FDIC/129_Minimum_Security_Devices_and_BSA_Compliance_Part_326.txt,C:/Users/shimm/Cerebrum-Blocks/block_store/kits/rag_kits/raw_regulations/FDIC/129_Minimum_Security_Devices_and_BSA_Compliance_Part_326.txt,1126,.txt,text/plain,b68256501bf2049f1e2a1ba4cc1715eba09a585b76cbe29d8dd635ea3a0a55b2,null,"{""encoding"": ""utf-8"", ""sample_lines"": 5}",
rag_kits,Cerebrum-Blocks/block_store/kits/rag_kits/raw_regulations/FDIC/130_Assessments_Part_327.html,C:/Users/shimm/Cerebrum-Blocks/block_store/kits/rag_kits/raw_regulations/FDIC/130_Assessments_Part_327.html,10596,.html,text/html,d9944b6ed919d753e5cc3ae63310efddf62e9ab501958472502ba99e9551ddc9,null,"{""title"": ""Federal Register :: Request Access""}",
rag_kits,Cerebrum-Blocks/block_store/kits/rag_kits/raw_regulations/FDIC/130_Assessments_Part_327.txt,C:/Users/shimm/Cerebrum-Blocks/block_store/kits/rag_kits/raw_regulations/FDIC/130_Assessments_Part_327.txt,1126,.txt,text/plain,b68256501bf2049f1e2a1ba4cc1715eba09a585b76cbe29d8dd635ea3a0a55b2,null,"{""encoding"": ""utf-8"", ""sample_lines"": 5}",
rag_kits,Cerebrum-Blocks/block_store/kits/rag_kits/raw_regulations/FDIC/131_Advertisement_of_Membership_Part_328.html,C:/Users/shimm/Cerebrum-Blocks/block_store/kits/rag_kits/raw_regulations/FDIC/131_Advertisement_of_Membership_Part_328.html,10596,.html,text/html,32dbf09453171b655e277cf8680eef96148cdce60a59fd12f826b32bf24585ab,null,"{""title"": ""Federal Register :: Request Access""}",
rag_kits,Cerebrum-Blocks/block_store/kits/rag_kits/raw_regulations/FDIC/131_Advertisement_of_Membership_Part_328.txt,C:/Users/shimm/Cerebrum-Blocks/block_store/kits/rag_kits/raw_regulations/FDIC/131_Advertisement_of_Membership_Part_328.txt,1126,.txt,text/plain,b68256501bf2049f1e2a1ba4cc1715eba09a585b76cbe29d8dd635ea3a0a55b2,null,"{""encoding"": ""utf-8"", ""sample_lines"": 5}",
rag_kits,Cerebrum-Blocks/block_store/kits/rag_kits/raw_regulations/FDIC/132_Liquidity_Risk_Measurement_Standards_Part_329.html,C:/Users/shimm/Cerebrum-Blocks/block_store/kits/rag_kits/raw_regulations/FDIC/132_Liquidity_Risk_Measurement_Standards_Part_329.html,10596,.html,text/html,6c18b1ecf5d6f9f93f837e8f0c473e154cdf29558394ac6f72741147eaad65a7,null,"{""title"": ""Federal Register :: Request Access""}",
rag_kits,Cerebrum-Blocks/block_store/kits/rag_kits/raw_regulations/FDIC/132_Liquidity_Risk_Measurement_Standards_Part_329.txt,C:/Users/shimm/Cerebrum-Blocks/block_store/kits/rag_kits/raw_regulations/FDIC/132_Liquidity_Risk_Measurement_Standards_Part_329.txt,1126,.txt,text/plain,b68256501bf2049f1e2a1ba4cc1715eba09a585b76cbe29d8dd635ea3a0a55b2,null,"{""encoding"": ""utf-8"", ""sample_lines"": 5}",
rag_kits,Cerebrum-Blocks/block_store/kits/rag_kits/raw_regulations/FDIC/133_Deposit_Insurance_Coverage_Part_330.html,C:/Users/shimm/Cerebrum-Blocks/block_store/kits/rag_kits/raw_regulations/FDIC/133_Deposit_Insurance_Coverage_Part_330.html,10596,.html,text/html,6c18b1ecf5d6f9f93f837e8f0c473e154cdf29558394ac6f72741147eaad65a7,null,"{""title"": ""Federal Register :: Request Access""}",
rag_kits,Cerebrum-Blocks/block_store/kits/rag_kits/raw_regulations/FDIC/133_Deposit_Insurance_Coverage_Part_330.txt,C:/Users/shimm/Cerebrum-Blocks/block_store/kits/rag_kits/raw_regulations/FDIC/133_Deposit_Insurance_Coverage_Part_330.txt,1126,.txt,text/plain,b68256501bf2049f1e2a1ba4cc1715eba09a585b76cbe29d8dd635ea3a0a55b2,null,"{""encoding"": ""utf-8"", ""sample_lines"": 5}",
rag_kits,Cerebrum-Blocks/block_store/kits/rag_kits/raw_regulations/FDIC/134_Federal_Interest_Rate_Authority_Part_331.html,C:/Users/shimm/Cerebrum-Blocks/block_store/kits/rag_kits/raw_regulations/FDIC/134_Federal_Interest_Rate_Authority_Part_331.html,10596,.html,text/html,d9944b6ed919d753e5cc3ae63310efddf62e9ab501958472502ba99e9551ddc9,null,"{""title"": ""Federal Register :: Request Access""}",
rag_kits,Cerebrum-Blocks/block_store/kits/rag_kits/raw_regulations/FDIC/134_Federal_Interest_Rate_Authority_Part_331.txt,C:/Users/shimm/Cerebrum-Blocks/block_store/kits/rag_kits/raw_regulations/FDIC/134_Federal_Interest_Rate_Authority_Part_331.txt,1126,.txt,text/plain,b68256501bf2049f1e2a1ba4cc1715eba09a585b76cbe29d8dd635ea3a0a55b2,null,"{""encoding"": ""utf-8"", ""sample_lines"": 5}",
rag_kits,Cerebrum-Blocks/block_store/kits/rag_kits/raw_regulations/FDIC/135_Privacy_of_Consumer_Financial_Information_Part_332.html,C:/Users/shimm/Cerebrum-Blocks/block_store/kits/rag_kits/raw_regulations/FDIC/135_Privacy_of_Consumer_Financial_Information_Part_332.html,10596,.html,text/html,6c18b1ecf5d6f9f93f837e8f0c473e154cdf29558394ac6f72741147eaad65a7,null,"{""title"": ""Federal Register :: Request Access""}",
rag_kits,Cerebrum-Blocks/block_store/kits/rag_kits/raw_regulations/FDIC/135_Privacy_of_Consumer_Financial_Information_Part_332.txt,C:/Users/shimm/Cerebrum-Blocks/block_store/kits/rag_kits/raw_regulations/FDIC/135_Privacy_of_Consumer_Financial_Information_Part_332.txt,1126,.txt,text/plain,b68256501bf2049f1e2a1ba4cc1715eba09a585b76cbe29d8dd635ea3a0a55b2,null,"{""encoding"": ""utf-8"", ""sample_lines"": 5}",
rag_kits,Cerebrum-Blocks/block_store/kits/rag_kits/raw_regulations/FDIC/136_Extension_of_Corporate_Powers_Part_333.html,C:/Users/shimm/Cerebrum-Blocks/block_store/kits/rag_kits/raw_regulations/FDIC/136_Extension_of_Corporate_Powers_Part_333.html,10596,.html,text/html,6c18b1ecf5d6f9f93f837e8f0c473e154cdf29558394ac6f72741147eaad65a7,null,"{""title"": ""Federal Register :: Request Access""}",
rag_kits,Cerebrum-Blocks/block_store/kits/rag_kits/raw_regulations/FDIC/136_Extension_of_Corporate_Powers_Part_333.txt,C:/Users/shimm/Cerebrum-Blocks/block_store/kits/rag_kits/raw_regulations/FDIC/136_Extension_of_Corporate_Powers_Part_333.txt,1126,.txt,text/plain,b68256501bf2049f1e2a1ba4cc1715eba09a585b76cbe29d8dd635ea3a0a55b2,null,"{""encoding"": ""utf-8"", ""sample_lines"": 5}",
rag_kits,Cerebrum-Blocks/block_store/kits/rag_kits/raw_regulations/FDIC/137_Fair_Credit_Reporting_Part_334.html,C:/Users/shimm/Cerebrum-Blocks/block_store/kits/rag_kits/raw_regulations/FDIC/137_Fair_Credit_Reporting_Part_334.html,10596,.html,text/html,6c18b1ecf5d6f9f93f837e8f0c473e154cdf29558394ac6f72741147eaad65a7,null,"{""title"": ""Federal Register :: Request Access""}",
rag_kits,Cerebrum-Blocks/block_store/kits/rag_kits/raw_regulations/FDIC/137_Fair_Credit_Reporting_Part_334.txt,C:/Users/shimm/Cerebrum-Blocks/block_store/kits/rag_kits/raw_regulations/FDIC/137_Fair_Credit_Reporting_Part_334.txt,1126,.txt,text/plain,b68256501bf2049f1e2a1ba4cc1715eba09a585b76cbe29d8dd635ea3a0a55b2,null,"{""encoding"": ""utf-8"", ""sample_lines"": 5}",
rag_kits,Cerebrum-Blocks/block_store/kits/rag_kits/raw_regulations/FDIC/138_Securities_of_State_Nonmember_Banks_and_Savings_Associations_Part_335.html,C:/Users/shimm/Cerebrum-Blocks/block_store/kits/rag_kits/raw_regulations/FDIC/138_Securities_of_State_Nonmember_Banks_and_Savings_Associations_Part_335.html,10596,.html,text/html,d9944b6ed919d753e5cc3ae63310efddf62e9ab501958472502ba99e9551ddc9,null,"{""title"": ""Federal Register :: Request Access""}",
rag_kits,Cerebrum-Blocks/block_store/kits/rag_kits/raw_regulations/FDIC/138_Securities_of_State_Nonmember_Banks_and_Savings_Associations_Part_335.txt,C:/Users/shimm/Cerebrum-Blocks/block_store/kits/rag_kits/raw_regulations/FDIC/138_Securities_of_State_Nonmember_Banks_and_Savings_Associations_Part_335.txt,1126,.txt,text/plain,b68256501bf2049f1e2a1ba4cc1715eba09a585b76cbe29d8dd635ea3a0a55b2,null,"{""encoding"": ""utf-8"", ""sample_lines"": 5}",
rag_kits,Cerebrum-Blocks/block_store/kits/rag_kits/raw_regulations/FDIC/139_FDIC_Employees_Part_336.html,C:/Users/shimm/Cerebrum-Blocks/block_store/kits/rag_kits/raw_regulations/FDIC/139_FDIC_Employees_Part_336.html,10596,.html,text/html,6c18b1ecf5d6f9f93f837e8f0c473e154cdf29558394ac6f72741147eaad65a7,null,"{""title"": ""Federal Register :: Request Access""}",
rag_kits,Cerebrum-Blocks/block_store/kits/rag_kits/raw_regulations/FDIC/139_FDIC_Employees_Part_336.txt,C:/Users/shimm/Cerebrum-Blocks/block_store/kits/rag_kits/raw_regulations/FDIC/139_FDIC_Employees_Part_336.txt,1126,.txt,text/plain,b68256501bf2049f1e2a1ba4cc1715eba09a585b76cbe29d8dd635ea3a0a55b2,null,"{""encoding"": ""utf-8"", ""sample_lines"": 5}",
rag_kits,Cerebrum-Blocks/block_store/kits/rag_kits/raw_regulations/FDIC/140_Unsafe_and_Unsound_Banking_Practices_Part_337.html,C:/Users/shimm/Cerebrum-Blocks/block_store/kits/rag_kits/raw_regulations/FDIC/140_Unsafe_and_Unsound_Banking_Practices_Part_337.html,10596,.html,text/html,6c18b1ecf5d6f9f93f837e8f0c473e154cdf29558394ac6f72741147eaad65a7,null,"{""title"": ""Federal Register :: Request Access""}",
rag_kits,Cerebrum-Blocks/block_store/kits/rag_kits/raw_regulations/FDIC/140_Unsafe_and_Unsound_Banking_Practices_Part_337.txt,C:/Users/shimm/Cerebrum-Blocks/block_store/kits/rag_kits/raw_regulations/FDIC/140_Unsafe_and_Unsound_Banking_Practices_Part_337.txt,1126,.txt,text/plain,b68256501bf2049f1e2a1ba4cc1715eba09a585b76cbe29d8dd635ea3a0a55b2,null,"{""encoding"": ""utf-8"", ""sample_lines"": 5}",
rag_kits,Cerebrum-Blocks/block_store/kits/rag_kits/raw_regulations/FDIC/141_Fair_Housing_Part_338.html,C:/Users/shimm/Cerebrum-Blocks/block_store/kits/rag_kits/raw_regulations/FDIC/141_Fair_Housing_Part_338.html,10596,.html,text/html,d9944b6ed919d753e5cc3ae63310efddf62e9ab501958472502ba99e9551ddc9,null,"{""title"": ""Federal Register :: Request Access""}",
rag_kits,Cerebrum-Blocks/block_store/kits/rag_kits/raw_regulations/FDIC/141_Fair_Housing_Part_338.txt,C:/Users/shimm/Cerebrum-Blocks/block_store/kits/rag_kits/raw_regulations/FDIC/141_Fair_Housing_Part_338.txt,1126,.txt,text/plain,b68256501bf2049f1e2a1ba4cc1715eba09a585b76cbe29d8dd635ea3a0a55b2,null,"{""encoding"": ""utf-8"", ""sample_lines"": 5}",
rag_kits,Cerebrum-Blocks/block_store/kits/rag_kits/raw_regulations/FDIC/142_Loans_in_Flood_Hazard_Areas_Part_339.html,C:/Users/shimm/Cerebrum-Blocks/block_store/kits/rag_kits/raw_regulations/FDIC/142_Loans_in_Flood_Hazard_Areas_Part_339.html,10596,.html,text/html,d9944b6ed919d753e5cc3ae63310efddf62e9ab501958472502ba99e9551ddc9,null,"{""title"": ""Federal Register :: Request Access""}",
rag_kits,Cerebrum-Blocks/block_store/kits/rag_kits/raw_regulations/FDIC/142_Loans_in_Flood_Hazard_Areas_Part_339.txt,C:/Users/shimm/Cerebrum-Blocks/block_store/kits/rag_kits/raw_regulations/FDIC/142_Loans_in_Flood_Hazard_Areas_Part_339.txt,1126,.txt,text/plain,b68256501bf2049f1e2a1ba4cc1715eba09a585b76cbe29d8dd635ea3a0a55b2,null,"{""encoding"": ""utf-8"", ""sample_lines"": 5}",
rag_kits,Cerebrum-Blocks/block_store/kits/rag_kits/raw_regulations/FDIC/143_Restrictions_on_Sale_of_Assets_of_Failed_Institutions_Part_340.html,C:/Users/shimm/Cerebrum-Blocks/block_store/kits/rag_kits/raw_regulations/FDIC/143_Restrictions_on_Sale_of_Assets_of_Failed_Institutions_Part_340.html,10596,.html,text/html,6c18b1ecf5d6f9f93f837e8f0c473e154cdf29558394ac6f72741147eaad65a7,null,"{""title"": ""Federal Register :: Request Access""}",
rag_kits,Cerebrum-Blocks/block_store/kits/rag_kits/raw_regulations/FDIC/143_Restrictions_on_Sale_of_Assets_of_Failed_Institutions_Part_340.txt,C:/Users/shimm/Cerebrum-Blocks/block_store/kits/rag_kits/raw_regulations/FDIC/143_Restrictions_on_Sale_of_Assets_of_Failed_Institutions_Part_340.txt,1126,.txt,text/plain,b68256501bf2049f1e2a1ba4cc1715eba09a585b76cbe29d8dd635ea3a0a55b2,null,"{""encoding"": ""utf-8"", ""sample_lines"": 5}",
rag_kits,Cerebrum-Blocks/block_store/kits/rag_kits/raw_regulations/FDIC/144_Securities_Transfer_Agents_Part_341.html,C:/Users/shimm/Cerebrum-Blocks/block_store/kits/rag_kits/raw_regulations/FDIC/144_Securities_Transfer_Agents_Part_341.html,10596,.html,text/html,32dbf09453171b655e277cf8680eef96148cdce60a59fd12f826b32bf24585ab,null,"{""title"": ""Federal Register :: Request Access""}",
rag_kits,Cerebrum-Blocks/block_store/kits/rag_kits/raw_regulations/FDIC/144_Securities_Transfer_Agents_Part_341.txt,C:/Users/shimm/Cerebrum-Blocks/block_store/kits/rag_kits/raw_regulations/FDIC/144_Securities_Transfer_Agents_Part_341.txt,1126,.txt,text/plain,b68256501bf2049f1e2a1ba4cc1715eba09a585b76cbe29d8dd635ea3a0a55b2,null,"{""encoding"": ""utf-8"", ""sample_lines"": 5}",
rag_kits,Cerebrum-Blocks/block_store/kits/rag_kits/raw_regulations/FDIC/145_Consumer_Protection_in_Sales_of_Insurance_Part_343.html,C:/Users/shimm/Cerebrum-Blocks/block_store/kits/rag_kits/raw_regulations/FDIC/145_Consumer_Protection_in_Sales_of_Insurance_Part_343.html,10596,.html,text/html,d9944b6ed919d753e5cc3ae63310efddf62e9ab501958472502ba99e9551ddc9,null,"{""title"": ""Federal Register :: Request Access""}",
rag_kits,Cerebrum-Blocks/block_store/kits/rag_kits/raw_regulations/FDIC/145_Consumer_Protection_in_Sales_of_Insurance_Part_343.txt,C:/Users/shimm/Cerebrum-Blocks/block_store/kits/rag_kits/raw_regulations/FDIC/145_Consumer_Protection_in_Sales_of_Insurance_Part_343.txt,1126,.txt,text/plain,b68256501bf2049f1e2a1ba4cc1715eba09a585b76cbe29d8dd635ea3a0a55b2,null,"{""encoding"": ""utf-8"", ""sample_lines"": 5}",
rag_kits,Cerebrum-Blocks/block_store/kits/rag_kits/raw_regulations/FDIC/146_Recordkeeping_for_Securities_Transactions_Part_344.html,C:/Users/shimm/Cerebrum-Blocks/block_store/kits/rag_kits/raw_regulations/FDIC/146_Recordkeeping_for_Securities_Transactions_Part_344.html,10596,.html,text/html,32dbf09453171b655e277cf8680eef96148cdce60a59fd12f826b32bf24585ab,null,"{""title"": ""Federal Register :: Request Access""}",
rag_kits,Cerebrum-Blocks/block_store/kits/rag_kits/raw_regulations/FDIC/146_Recordkeeping_for_Securities_Transactions_Part_344.txt,C:/Users/shimm/Cerebrum-Blocks/block_store/kits/rag_kits/raw_regulations/FDIC/146_Recordkeeping_for_Securities_Transactions_Part_344.txt,1126,.txt,text/plain,b68256501bf2049f1e2a1ba4cc1715eba09a585b76cbe29d8dd635ea3a0a55b2,null,"{""encoding"": ""utf-8"", ""sample_lines"": 5}",
rag_kits,Cerebrum-Blocks/block_store/kits/rag_kits/raw_regulations/FDIC/147_Community_Reinvestment_Part_345.html,C:/Users/shimm/Cerebrum-Blocks/block_store/kits/rag_kits/raw_regulations/FDIC/147_Community_Reinvestment_Part_345.html,10596,.html,text/html,d9944b6ed919d753e5cc3ae63310efddf62e9ab501958472502ba99e9551ddc9,null,"{""title"": ""Federal Register :: Request Access""}",
rag_kits,Cerebrum-Blocks/block_store/kits/rag_kits/raw_regulations/FDIC/147_Community_Reinvestment_Part_345.txt,C:/Users/shimm/Cerebrum-Blocks/block_store/kits/rag_kits/raw_regulations/FDIC/147_Community_Reinvestment_Part_345.txt,1126,.txt,text/plain,b68256501bf2049f1e2a1ba4cc1715eba09a585b76cbe29d8dd635ea3a0a55b2,null,"{""encoding"": ""utf-8"", ""sample_lines"": 5}",
rag_kits,Cerebrum-Blocks/block_store/kits/rag_kits/raw_regulations/FDIC/148_CRA-Related_Disclosure_and_Reporting_Part_346.html,C:/Users/shimm/Cerebrum-Blocks/block_store/kits/rag_kits/raw_regulations/FDIC/148_CRA-Related_Disclosure_and_Reporting_Part_346.html,10596,.html,text/html,d9944b6ed919d753e5cc3ae63310efddf62e9ab501958472502ba99e9551ddc9,null,"{""title"": ""Federal Register :: Request Access""}",
rag_kits,Cerebrum-Blocks/block_store/kits/rag_kits/raw_regulations/FDIC/148_CRA-Related_Disclosure_and_Reporting_Part_346.txt,C:/Users/shimm/Cerebrum-Blocks/block_store/kits/rag_kits/raw_regulations/FDIC/148_CRA-Related_Disclosure_and_Reporting_Part_346.txt,1126,.txt,text/plain,b68256501bf2049f1e2a1ba4cc1715eba09a585b76cbe29d8dd635ea3a0a55b2,null,"{""encoding"": ""utf-8"", ""sample_lines"": 5}",
rag_kits,Cerebrum-Blocks/block_store/kits/rag_kits/raw_regulations/FDIC/149_International_Banking_Part_347.html,C:/Users/shimm/Cerebrum-Blocks/block_store/kits/rag_kits/raw_regulations/FDIC/149_International_Banking_Part_347.html,10596,.html,text/html,6c18b1ecf5d6f9f93f837e8f0c473e154cdf29558394ac6f72741147eaad65a7,null,"{""title"": ""Federal Register :: Request Access""}",
rag_kits,Cerebrum-Blocks/block_store/kits/rag_kits/raw_regulations/FDIC/149_International_Banking_Part_347.txt,C:/Users/shimm/Cerebrum-Blocks/block_store/kits/rag_kits/raw_regulations/FDIC/149_International_Banking_Part_347.txt,1126,.txt,text/plain,b68256501bf2049f1e2a1ba4cc1715eba09a585b76cbe29d8dd635ea3a0a55b2,null,"{""encoding"": ""utf-8"", ""sample_lines"": 5}",
rag_kits,Cerebrum-Blocks/block_store/kits/rag_kits/raw_regulations/FDIC/150_Management_Official_Interlocks_Part_348.html,C:/Users/shimm/Cerebrum-Blocks/block_store/kits/rag_kits/raw_regulations/FDIC/150_Management_Official_Interlocks_Part_348.html,10596,.html,text/html,d9944b6ed919d753e5cc3ae63310efddf62e9ab501958472502ba99e9551ddc9,null,"{""title"": ""Federal Register :: Request Access""}",
rag_kits,Cerebrum-Blocks/block_store/kits/rag_kits/raw_regulations/FDIC/150_Management_Official_Interlocks_Part_348.txt,C:/Users/shimm/Cerebrum-Blocks/block_store/kits/rag_kits/raw_regulations/FDIC/150_Management_Official_Interlocks_Part_348.txt,1126,.txt,text/plain,b68256501bf2049f1e2a1ba4cc1715eba09a585b76cbe29d8dd635ea3a0a55b2,null,"{""encoding"": ""utf-8"", ""sample_lines"": 5}",
rag_kits,Cerebrum-Blocks/block_store/kits/rag_kits/raw_regulations/FDIC/151_Derivatives_Part_349.html,C:/Users/shimm/Cerebrum-Blocks/block_store/kits/rag_kits/raw_regulations/FDIC/151_Derivatives_Part_349.html,10596,.html,text/html,6c18b1ecf5d6f9f93f837e8f0c473e154cdf29558394ac6f72741147eaad65a7,null,"{""title"": ""Federal Register :: Request Access""}",
rag_kits,Cerebrum-Blocks/block_store/kits/rag_kits/raw_regulations/FDIC/151_Derivatives_Part_349.txt,C:/Users/shimm/Cerebrum-Blocks/block_store/kits/rag_kits/raw_regulations/FDIC/151_Derivatives_Part_349.txt,1126,.txt,text/plain,b68256501bf2049f1e2a1ba4cc1715eba09a585b76cbe29d8dd635ea3a0a55b2,null,"{""encoding"": ""utf-8"", ""sample_lines"": 5}",
rag_kits,Cerebrum-Blocks/block_store/kits/rag_kits/raw_regulations/FDIC/152_Proprietary_Trading_and_Covered_Funds_Part_351.html,C:/Users/shimm/Cerebrum-Blocks/block_store/kits/rag_kits/raw_regulations/FDIC/152_Proprietary_Trading_and_Covered_Funds_Part_351.html,10596,.html,text/html,d9944b6ed919d753e5cc3ae63310efddf62e9ab501958472502ba99e9551ddc9,null,"{""title"": ""Federal Register :: Request Access""}",
rag_kits,Cerebrum-Blocks/block_store/kits/rag_kits/raw_regulations/FDIC/152_Proprietary_Trading_and_Covered_Funds_Part_351.txt,C:/Users/shimm/Cerebrum-Blocks/block_store/kits/rag_kits/raw_regulations/FDIC/152_Proprietary_Trading_and_Covered_Funds_Part_351.txt,1126,.txt,text/plain,b68256501bf2049f1e2a1ba4cc1715eba09a585b76cbe29d8dd635ea3a0a55b2,null,"{""encoding"": ""utf-8"", ""sample_lines"": 5}",
rag_kits,Cerebrum-Blocks/block_store/kits/rag_kits/raw_regulations/FDIC/153_Nondiscrimination_on_the_Basis_of_Disability_Part_352.html,C:/Users/shimm/Cerebrum-Blocks/block_store/kits/rag_kits/raw_regulations/FDIC/153_Nondiscrimination_on_the_Basis_of_Disability_Part_352.html,10596,.html,text/html,6c18b1ecf5d6f9f93f837e8f0c473e154cdf29558394ac6f72741147eaad65a7,null,"{""title"": ""Federal Register :: Request Access""}",
rag_kits,Cerebrum-Blocks/block_store/kits/rag_kits/raw_regulations/FDIC/153_Nondiscrimination_on_the_Basis_of_Disability_Part_352.txt,C:/Users/shimm/Cerebrum-Blocks/block_store/kits/rag_kits/raw_regulations/FDIC/153_Nondiscrimination_on_the_Basis_of_Disability_Part_352.txt,1126,.txt,text/plain,b68256501bf2049f1e2a1ba4cc1715eba09a585b76cbe29d8dd635ea3a0a55b2,null,"{""encoding"": ""utf-8"", ""sample_lines"": 5}",
rag_kits,Cerebrum-Blocks/block_store/kits/rag_kits/raw_regulations/FDIC/154_Suspicious_Activity_Reports_Part_353.html,C:/Users/shimm/Cerebrum-Blocks/block_store/kits/rag_kits/raw_regulations/FDIC/154_Suspicious_Activity_Reports_Part_353.html,10596,.html,text/html,6c18b1ecf5d6f9f93f837e8f0c473e154cdf29558394ac6f72741147eaad65a7,null,"{""title"": ""Federal Register :: Request Access""}",
rag_kits,Cerebrum-Blocks/block_store/kits/rag_kits/raw_regulations/FDIC/154_Suspicious_Activity_Reports_Part_353.txt,C:/Users/shimm/Cerebrum-Blocks/block_store/kits/rag_kits/raw_regulations/FDIC/154_Suspicious_Activity_Reports_Part_353.txt,1126,.txt,text/plain,b68256501bf2049f1e2a1ba4cc1715eba09a585b76cbe29d8dd635ea3a0a55b2,null,"{""encoding"": ""utf-8"", ""sample_lines"": 5}",
rag_kits,Cerebrum-Blocks/block_store/kits/rag_kits/raw_regulations/FDIC/155_Industrial_Banks_Part_354.html,C:/Users/shimm/Cerebrum-Blocks/block_store/kits/rag_kits/raw_regulations/FDIC/155_Industrial_Banks_Part_354.html,10596,.html,text/html,32dbf09453171b655e277cf8680eef96148cdce60a59fd12f826b32bf24585ab,null,"{""title"": ""Federal Register :: Request Access""}",
rag_kits,Cerebrum-Blocks/block_store/kits/rag_kits/raw_regulations/FDIC/155_Industrial_Banks_Part_354.txt,C:/Users/shimm/Cerebrum-Blocks/block_store/kits/rag_kits/raw_regulations/FDIC/155_Industrial_Banks_Part_354.txt,1126,.txt,text/plain,b68256501bf2049f1e2a1ba4cc1715eba09a585b76cbe29d8dd635ea3a0a55b2,null,"{""encoding"": ""utf-8"", ""sample_lines"": 5}",
rag_kits,Cerebrum-Blocks/block_store/kits/rag_kits/raw_regulations/FDIC/156_Economically_Depressed_Regions_Part_357.html,C:/Users/shimm/Cerebrum-Blocks/block_store/kits/rag_kits/raw_regulations/FDIC/156_Economically_Depressed_Regions_Part_357.html,10596,.html,text/html,d9944b6ed919d753e5cc3ae63310efddf62e9ab501958472502ba99e9551ddc9,null,"{""title"": ""Federal Register :: Request Access""}",
rag_kits,Cerebrum-Blocks/block_store/kits/rag_kits/raw_regulations/FDIC/156_Economically_Depressed_Regions_Part_357.txt,C:/Users/shimm/Cerebrum-Blocks/block_store/kits/rag_kits/raw_regulations/FDIC/156_Economically_Depressed_Regions_Part_357.txt,1126,.txt,text/plain,b68256501bf2049f1e2a1ba4cc1715eba09a585b76cbe29d8dd635ea3a0a55b2,null,"{""encoding"": ""utf-8"", ""sample_lines"": 5}",
rag_kits,Cerebrum-Blocks/block_store/kits/rag_kits/raw_regulations/FDIC/157_Golden_Parachute_and_Indemnification_Payments_Part_359.html,C:/Users/shimm/Cerebrum-Blocks/block_store/kits/rag_kits/raw_regulations/FDIC/157_Golden_Parachute_and_Indemnification_Payments_Part_359.html,10596,.html,text/html,32dbf09453171b655e277cf8680eef96148cdce60a59fd12f826b32bf24585ab,null,"{""title"": ""Federal Register :: Request Access""}",
rag_kits,Cerebrum-Blocks/block_store/kits/rag_kits/raw_regulations/FDIC/157_Golden_Parachute_and_Indemnification_Payments_Part_359.txt,C:/Users/shimm/Cerebrum-Blocks/block_store/kits/rag_kits/raw_regulations/FDIC/157_Golden_Parachute_and_Indemnification_Payments_Part_359.txt,1126,.txt,text/plain,b68256501bf2049f1e2a1ba4cc1715eba09a585b76cbe29d8dd635ea3a0a55b2,null,"{""encoding"": ""utf-8"", ""sample_lines"": 5}",
rag_kits,Cerebrum-Blocks/block_store/kits/rag_kits/raw_regulations/FDIC/158_Resolution_and_Receivership_Rules_Part_360.html,C:/Users/shimm/Cerebrum-Blocks/block_store/kits/rag_kits/raw_regulations/FDIC/158_Resolution_and_Receivership_Rules_Part_360.html,10596,.html,text/html,6c18b1ecf5d6f9f93f837e8f0c473e154cdf29558394ac6f72741147eaad65a7,null,"{""title"": ""Federal Register :: Request Access""}",
rag_kits,Cerebrum-Blocks/block_store/kits/rag_kits/raw_regulations/FDIC/158_Resolution_and_Receivership_Rules_Part_360.txt,C:/Users/shimm/Cerebrum-Blocks/block_store/kits/rag_kits/raw_regulations/FDIC/158_Resolution_and_Receivership_Rules_Part_360.txt,1126,.txt,text/plain,b68256501bf2049f1e2a1ba4cc1715eba09a585b76cbe29d8dd635ea3a0a55b2,null,"{""encoding"": ""utf-8"", ""sample_lines"": 5}",
rag_kits,Cerebrum-Blocks/block_store/kits/rag_kits/raw_regulations/FDIC/159_Minority_and_Women_Outreach_Program-Contracting_Part_361.html,C:/Users/shimm/Cerebrum-Blocks/block_store/kits/rag_kits/raw_regulations/FDIC/159_Minority_and_Women_Outreach_Program-Contracting_Part_361.html,10596,.html,text/html,d9944b6ed919d753e5cc3ae63310efddf62e9ab501958472502ba99e9551ddc9,null,"{""title"": ""Federal Register :: Request Access""}",
rag_kits,Cerebrum-Blocks/block_store/kits/rag_kits/raw_regulations/FDIC/159_Minority_and_Women_Outreach_Program-Contracting_Part_361.txt,C:/Users/shimm/Cerebrum-Blocks/block_store/kits/rag_kits/raw_regulations/FDIC/159_Minority_and_Women_Outreach_Program-Contracting_Part_361.txt,1126,.txt,text/plain,b68256501bf2049f1e2a1ba4cc1715eba09a585b76cbe29d8dd635ea3a0a55b2,null,"{""encoding"": ""utf-8"", ""sample_lines"": 5}",
rag_kits,Cerebrum-Blocks/block_store/kits/rag_kits/raw_regulations/FDIC/160_Activities_of_Insured_State_Banks_and_Insured_Savings_Associations_Part_362.html,C:/Users/shimm/Cerebrum-Blocks/block_store/kits/rag_kits/raw_regulations/FDIC/160_Activities_of_Insured_State_Banks_and_Insured_Savings_Associations_Part_362.html,10596,.html,text/html,32dbf09453171b655e277cf8680eef96148cdce60a59fd12f826b32bf24585ab,null,"{""title"": ""Federal Register :: Request Access""}",
rag_kits,Cerebrum-Blocks/block_store/kits/rag_kits/raw_regulations/FDIC/160_Activities_of_Insured_State_Banks_and_Insured_Savings_Associations_Part_362.txt,C:/Users/shimm/Cerebrum-Blocks/block_store/kits/rag_kits/raw_regulations/FDIC/160_Activities_of_Insured_State_Banks_and_Insured_Savings_Associations_Part_362.txt,1126,.txt,text/plain,b68256501bf2049f1e2a1ba4cc1715eba09a585b76cbe29d8dd635ea3a0a55b2,null,"{""encoding"": ""utf-8"", ""sample_lines"": 5}",
rag_kits,Cerebrum-Blocks/block_store/kits/rag_kits/raw_regulations/FDIC/161_Annual_Independent_Audits_and_Reporting_Requirements_Part_363.html,C:/Users/shimm/Cerebrum-Blocks/block_store/kits/rag_kits/raw_regulations/FDIC/161_Annual_Independent_Audits_and_Reporting_Requirements_Part_363.html,10596,.html,text/html,6c18b1ecf5d6f9f93f837e8f0c473e154cdf29558394ac6f72741147eaad65a7,null,"{""title"": ""Federal Register :: Request Access""}",
rag_kits,Cerebrum-Blocks/block_store/kits/rag_kits/raw_regulations/FDIC/161_Annual_Independent_Audits_and_Reporting_Requirements_Part_363.txt,C:/Users/shimm/Cerebrum-Blocks/block_store/kits/rag_kits/raw_regulations/FDIC/161_Annual_Independent_Audits_and_Reporting_Requirements_Part_363.txt,1126,.txt,text/plain,b68256501bf2049f1e2a1ba4cc1715eba09a585b76cbe29d8dd635ea3a0a55b2,null,"{""encoding"": ""utf-8"", ""sample_lines"": 5}",
rag_kits,Cerebrum-Blocks/block_store/kits/rag_kits/raw_regulations/FDIC/162_Standards_for_Safety_and_Soundness_Part_364.html,C:/Users/shimm/Cerebrum-Blocks/block_store/kits/rag_kits/raw_regulations/FDIC/162_Standards_for_Safety_and_Soundness_Part_364.html,10596,.html,text/html,d9944b6ed919d753e5cc3ae63310efddf62e9ab501958472502ba99e9551ddc9,null,"{""title"": ""Federal Register :: Request Access""}",
rag_kits,Cerebrum-Blocks/block_store/kits/rag_kits/raw_regulations/FDIC/162_Standards_for_Safety_and_Soundness_Part_364.txt,C:/Users/shimm/Cerebrum-Blocks/block_store/kits/rag_kits/raw_regulations/FDIC/162_Standards_for_Safety_and_Soundness_Part_364.txt,1126,.txt,text/plain,b68256501bf2049f1e2a1ba4cc1715eba09a585b76cbe29d8dd635ea3a0a55b2,null,"{""encoding"": ""utf-8"", ""sample_lines"": 5}",
rag_kits,Cerebrum-Blocks/block_store/kits/rag_kits/raw_regulations/FDIC/163_Real_Estate_Lending_Standards_Part_365.html,C:/Users/shimm/Cerebrum-Blocks/block_store/kits/rag_kits/raw_regulations/FDIC/163_Real_Estate_Lending_Standards_Part_365.html,10596,.html,text/html,6c18b1ecf5d6f9f93f837e8f0c473e154cdf29558394ac6f72741147eaad65a7,null,"{""title"": ""Federal Register :: Request Access""}",
rag_kits,Cerebrum-Blocks/block_store/kits/rag_kits/raw_regulations/FDIC/163_Real_Estate_Lending_Standards_Part_365.txt,C:/Users/shimm/Cerebrum-Blocks/block_store/kits/rag_kits/raw_regulations/FDIC/163_Real_Estate_Lending_Standards_Part_365.txt,1126,.txt,text/plain,b68256501bf2049f1e2a1ba4cc1715eba09a585b76cbe29d8dd635ea3a0a55b2,null,"{""encoding"": ""utf-8"", ""sample_lines"": 5}",
rag_kits,Cerebrum-Blocks/block_store/kits/rag_kits/raw_regulations/FDIC/164_Minimum_Standards_of_Integrity_and_Fitness_for_FDIC_Contractors_Part_366.html,C:/Users/shimm/Cerebrum-Blocks/block_store/kits/rag_kits/raw_regulations/FDIC/164_Minimum_Standards_of_Integrity_and_Fitness_for_FDIC_Contractors_Part_366.html,10596,.html,text/html,32dbf09453171b655e277cf8680eef96148cdce60a59fd12f826b32bf24585ab,null,"{""title"": ""Federal Register :: Request Access""}",
rag_kits,Cerebrum-Blocks/block_store/kits/rag_kits/raw_regulations/FDIC/164_Minimum_Standards_of_Integrity_and_Fitness_for_FDIC_Contractors_Part_366.txt,C:/Users/shimm/Cerebrum-Blocks/block_store/kits/rag_kits/raw_regulations/FDIC/164_Minimum_Standards_of_Integrity_and_Fitness_for_FDIC_Contractors_Part_366.txt,1126,.txt,text/plain,b68256501bf2049f1e2a1ba4cc1715eba09a585b76cbe29d8dd635ea3a0a55b2,null,"{""encoding"": ""utf-8"", ""sample_lines"": 5}",
rag_kits,Cerebrum-Blocks/block_store/kits/rag_kits/raw_regulations/FDIC/165_Suspension_and_Exclusion_of_Contractors_and_Termination_of_Contracts_Part_367.html,C:/Users/shimm/Cerebrum-Blocks/block_store/kits/rag_kits/raw_regulations/FDIC/165_Suspension_and_Exclusion_of_Contractors_and_Termination_of_Contracts_Part_367.html,10596,.html,text/html,6c18b1ecf5d6f9f93f837e8f0c473e154cdf29558394ac6f72741147eaad65a7,null,"{""title"": ""Federal Register :: Request Access""}",
rag_kits,Cerebrum-Blocks/block_store/kits/rag_kits/raw_regulations/FDIC/165_Suspension_and_Exclusion_of_Contractors_and_Termination_of_Contracts_Part_367.txt,C:/Users/shimm/Cerebrum-Blocks/block_store/kits/rag_kits/raw_regulations/FDIC/165_Suspension_and_Exclusion_of_Contractors_and_Termination_of_Contracts_Part_367.txt,1126,.txt,text/plain,b68256501bf2049f1e2a1ba4cc1715eba09a585b76cbe29d8dd635ea3a0a55b2,null,"{""encoding"": ""utf-8"", ""sample_lines"": 5}",
rag_kits,Cerebrum-Blocks/block_store/kits/rag_kits/raw_regulations/FDIC/166_Government_Securities_Sales_Practices_Part_368.html,C:/Users/shimm/Cerebrum-Blocks/block_store/kits/rag_kits/raw_regulations/FDIC/166_Government_Securities_Sales_Practices_Part_368.html,10596,.html,text/html,32dbf09453171b655e277cf8680eef96148cdce60a59fd12f826b32bf24585ab,null,"{""title"": ""Federal Register :: Request Access""}",
rag_kits,Cerebrum-Blocks/block_store/kits/rag_kits/raw_regulations/FDIC/166_Government_Securities_Sales_Practices_Part_368.txt,C:/Users/shimm/Cerebrum-Blocks/block_store/kits/rag_kits/raw_regulations/FDIC/166_Government_Securities_Sales_Practices_Part_368.txt,1126,.txt,text/plain,b68256501bf2049f1e2a1ba4cc1715eba09a585b76cbe29d8dd635ea3a0a55b2,null,"{""encoding"": ""utf-8"", ""sample_lines"": 5}",
rag_kits,Cerebrum-Blocks/block_store/kits/rag_kits/raw_regulations/FDIC/167_Prohibition_Against_Use_of_Interstate_Branches_Primarily_for_Deposit_Production_Part_369.html,C:/Users/shimm/Cerebrum-Blocks/block_store/kits/rag_kits/raw_regulations/FDIC/167_Prohibition_Against_Use_of_Interstate_Branches_Primarily_for_Deposit_Production_Part_369.html,10596,.html,text/html,32dbf09453171b655e277cf8680eef96148cdce60a59fd12f826b32bf24585ab,null,"{""title"": ""Federal Register :: Request Access""}",
rag_kits,Cerebrum-Blocks/block_store/kits/rag_kits/raw_regulations/FDIC/167_Prohibition_Against_Use_of_Interstate_Branches_Primarily_for_Deposit_Production_Part_369.txt,C:/Users/shimm/Cerebrum-Blocks/block_store/kits/rag_kits/raw_regulations/FDIC/167_Prohibition_Against_Use_of_Interstate_Branches_Primarily_for_Deposit_Production_Part_369.txt,1126,.txt,text/plain,b68256501bf2049f1e2a1ba4cc1715eba09a585b76cbe29d8dd635ea3a0a55b2,null,"{""encoding"": ""utf-8"", ""sample_lines"": 5}",
rag_kits,Cerebrum-Blocks/block_store/kits/rag_kits/raw_regulations/FDIC/168_Recordkeeping_for_Timely_Deposit_Insurance_Determination_Part_370.html,C:/Users/shimm/Cerebrum-Blocks/block_store/kits/rag_kits/raw_regulations/FDIC/168_Recordkeeping_for_Timely_Deposit_Insurance_Determination_Part_370.html,10596,.html,text/html,d9944b6ed919d753e5cc3ae63310efddf62e9ab501958472502ba99e9551ddc9,null,"{""title"": ""Federal Register :: Request Access""}",
rag_kits,Cerebrum-Blocks/block_store/kits/rag_kits/raw_regulations/FDIC/168_Recordkeeping_for_Timely_Deposit_Insurance_Determination_Part_370.txt,C:/Users/shimm/Cerebrum-Blocks/block_store/kits/rag_kits/raw_regulations/FDIC/168_Recordkeeping_for_Timely_Deposit_Insurance_Determination_Part_370.txt,1126,.txt,text/plain,b68256501bf2049f1e2a1ba4cc1715eba09a585b76cbe29d8dd635ea3a0a55b2,null,"{""encoding"": ""utf-8"", ""sample_lines"": 5}",
rag_kits,Cerebrum-Blocks/block_store/kits/rag_kits/raw_regulations/FDIC/169_Recordkeeping_Requirements_for_Qualified_Financial_Contracts_Part_371.html,C:/Users/shimm/Cerebrum-Blocks/block_store/kits/rag_kits/raw_regulations/FDIC/169_Recordkeeping_Requirements_for_Qualified_Financial_Contracts_Part_371.html,10596,.html,text/html,32dbf09453171b655e277cf8680eef96148cdce60a59fd12f826b32bf24585ab,null,"{""title"": ""Federal Register :: Request Access""}",
rag_kits,Cerebrum-Blocks/block_store/kits/rag_kits/raw_regulations/FDIC/169_Recordkeeping_Requirements_for_Qualified_Financial_Contracts_Part_371.txt,C:/Users/shimm/Cerebrum-Blocks/block_store/kits/rag_kits/raw_regulations/FDIC/169_Recordkeeping_Requirements_for_Qualified_Financial_Contracts_Part_371.txt,1126,.txt,text/plain,b68256501bf2049f1e2a1ba4cc1715eba09a585b76cbe29d8dd635ea3a0a55b2,null,"{""encoding"": ""utf-8"", ""sample_lines"": 5}",
rag_kits,Cerebrum-Blocks/block_store/kits/rag_kits/raw_regulations/FDIC/170_Credit_Risk_Retention_Part_373.html,C:/Users/shimm/Cerebrum-Blocks/block_store/kits/rag_kits/raw_regulations/FDIC/170_Credit_Risk_Retention_Part_373.html,10596,.html,text/html,d9944b6ed919d753e5cc3ae63310efddf62e9ab501958472502ba99e9551ddc9,null,"{""title"": ""Federal Register :: Request Access""}",
rag_kits,Cerebrum-Blocks/block_store/kits/rag_kits/raw_regulations/FDIC/170_Credit_Risk_Retention_Part_373.txt,C:/Users/shimm/Cerebrum-Blocks/block_store/kits/rag_kits/raw_regulations/FDIC/170_Credit_Risk_Retention_Part_373.txt,1126,.txt,text/plain,b68256501bf2049f1e2a1ba4cc1715eba09a585b76cbe29d8dd635ea3a0a55b2,null,"{""encoding"": ""utf-8"", ""sample_lines"": 5}",
rag_kits,Cerebrum-Blocks/block_store/kits/rag_kits/raw_regulations/FDIC/171_Orderly_Liquidation_Authority_Part_380.html,C:/Users/shimm/Cerebrum-Blocks/block_store/kits/rag_kits/raw_regulations/FDIC/171_Orderly_Liquidation_Authority_Part_380.html,10596,.html,text/html,32dbf09453171b655e277cf8680eef96148cdce60a59fd12f826b32bf24585ab,null,"{""title"": ""Federal Register :: Request Access""}",
rag_kits,Cerebrum-Blocks/block_store/kits/rag_kits/raw_regulations/FDIC/171_Orderly_Liquidation_Authority_Part_380.txt,C:/Users/shimm/Cerebrum-Blocks/block_store/kits/rag_kits/raw_regulations/FDIC/171_Orderly_Liquidation_Authority_Part_380.txt,1126,.txt,text/plain,b68256501bf2049f1e2a1ba4cc1715eba09a585b76cbe29d8dd635ea3a0a55b2,null,"{""encoding"": ""utf-8"", ""sample_lines"": 5}",
rag_kits,Cerebrum-Blocks/block_store/kits/rag_kits/raw_regulations/FDIC/172_Resolution_Plans_Part_381.html,C:/Users/shimm/Cerebrum-Blocks/block_store/kits/rag_kits/raw_regulations/FDIC/172_Resolution_Plans_Part_381.html,10596,.html,text/html,d9944b6ed919d753e5cc3ae63310efddf62e9ab501958472502ba99e9551ddc9,null,"{""title"": ""Federal Register :: Request Access""}",
rag_kits,Cerebrum-Blocks/block_store/kits/rag_kits/raw_regulations/FDIC/172_Resolution_Plans_Part_381.txt,C:/Users/shimm/Cerebrum-Blocks/block_store/kits/rag_kits/raw_regulations/FDIC/172_Resolution_Plans_Part_381.txt,1126,.txt,text/plain,b68256501bf2049f1e2a1ba4cc1715eba09a585b76cbe29d8dd635ea3a0a55b2,null,"{""encoding"": ""utf-8"", ""sample_lines"": 5}",
rag_kits,Cerebrum-Blocks/block_store/kits/rag_kits/raw_regulations/FDIC/173_Restrictions_on_Qualified_Financial_Contracts_Part_382.html,C:/Users/shimm/Cerebrum-Blocks/block_store/kits/rag_kits/raw_regulations/FDIC/173_Restrictions_on_Qualified_Financial_Contracts_Part_382.html,10596,.html,text/html,d9944b6ed919d753e5cc3ae63310efddf62e9ab501958472502ba99e9551ddc9,null,"{""title"": ""Federal Register :: Request Access""}",
rag_kits,Cerebrum-Blocks/block_store/kits/rag_kits/raw_regulations/FDIC/173_Restrictions_on_Qualified_Financial_Contracts_Part_382.txt,C:/Users/shimm/Cerebrum-Blocks/block_store/kits/rag_kits/raw_regulations/FDIC/173_Restrictions_on_Qualified_Financial_Contracts_Part_382.txt,1126,.txt,text/plain,b68256501bf2049f1e2a1ba4cc1715eba09a585b76cbe29d8dd635ea3a0a55b2,null,"{""encoding"": ""utf-8"", ""sample_lines"": 5}",
rag_kits,Cerebrum-Blocks/block_store/kits/rag_kits/raw_regulations/FDIC/174_Regulations_Transferred_from_the_Office_of_Thrift_Supervision_Part_390.html,C:/Users/shimm/Cerebrum-Blocks/block_store/kits/rag_kits/raw_regulations/FDIC/174_Regulations_Transferred_from_the_Office_of_Thrift_Supervision_Part_390.html,10596,.html,text/html,6c18b1ecf5d6f9f93f837e8f0c473e154cdf29558394ac6f72741147eaad65a7,null,"{""title"": ""Federal Register :: Request Access""}",
rag_kits,Cerebrum-Blocks/block_store/kits/rag_kits/raw_regulations/FDIC/174_Regulations_Transferred_from_the_Office_of_Thrift_Supervision_Part_390.txt,C:/Users/shimm/Cerebrum-Blocks/block_store/kits/rag_kits/raw_regulations/FDIC/174_Regulations_Transferred_from_the_Office_of_Thrift_Supervision_Part_390.txt,1126,.txt,text/plain,b68256501bf2049f1e2a1ba4cc1715eba09a585b76cbe29d8dd635ea3a0a55b2,null,"{""encoding"": ""utf-8"", ""sample_lines"": 5}",
rag_kits,Cerebrum-Blocks/block_store/kits/rag_kits/raw_regulations/Federal_Reserve/110_Section_13_3_of_the_Federal_Reserve_Act_Emergency_Lending_Authority.html,C:/Users/shimm/Cerebrum-Blocks/block_store/kits/rag_kits/raw_regulations/Federal_Reserve/110_Section_13_3_of_the_Federal_Reserve_Act_Emergency_Lending_Authority.html,121173,.html,text/html,837b447ab77a16fdd80bd2d6a0cca277f37505a74b908c71a0fbffd21b6d57b9,null,"{""title"": ""Federal Reserve Board - Section 13. Powers of Federal Reserve Banks""}",
rag_kits,Cerebrum-Blocks/block_store/kits/rag_kits/raw_regulations/Federal_Reserve/110_Section_13_3_of_the_Federal_Reserve_Act_Emergency_Lending_Authority.txt,C:/Users/shimm/Cerebrum-Blocks/block_store/kits/rag_kits/raw_regulations/Federal_Reserve/110_Section_13_3_of_the_Federal_Reserve_Act_Emergency_Lending_Authority.txt,29919,.txt,text/plain,8af53527d04c06673a64347983b57b6a9e72260fdab2b38ec03db803ad9f4ae2,null,"{""encoding"": ""ascii"", ""sample_lines"": 5}",
rag_kits,Cerebrum-Blocks/block_store/kits/rag_kits/raw_regulations/Federal_Reserve/111_Regulation_A_Extensions_of_Credit_by_Federal_Reserve_Banks.html,C:/Users/shimm/Cerebrum-Blocks/block_store/kits/rag_kits/raw_regulations/Federal_Reserve/111_Regulation_A_Extensions_of_Credit_by_Federal_Reserve_Banks.html,10596,.html,text/html,32dbf09453171b655e277cf8680eef96148cdce60a59fd12f826b32bf24585ab,null,"{""title"": ""Federal Register :: Request Access""}",
rag_kits,Cerebrum-Blocks/block_store/kits/rag_kits/raw_regulations/Federal_Reserve/111_Regulation_A_Extensions_of_Credit_by_Federal_Reserve_Banks.txt,C:/Users/shimm/Cerebrum-Blocks/block_store/kits/rag_kits/raw_regulations/Federal_Reserve/111_Regulation_A_Extensions_of_Credit_by_Federal_Reserve_Banks.txt,1126,.txt,text/plain,b68256501bf2049f1e2a1ba4cc1715eba09a585b76cbe29d8dd635ea3a0a55b2,null,"{""encoding"": ""utf-8"", ""sample_lines"": 5}",
rag_kits,Cerebrum-Blocks/block_store/kits/rag_kits/raw_regulations/Federal_Reserve/112_Regulation_D_Reserve_Requirements_of_Depository_Institutions.html,C:/Users/shimm/Cerebrum-Blocks/block_store/kits/rag_kits/raw_regulations/Federal_Reserve/112_Regulation_D_Reserve_Requirements_of_Depository_Institutions.html,10596,.html,text/html,32dbf09453171b655e277cf8680eef96148cdce60a59fd12f826b32bf24585ab,null,"{""title"": ""Federal Register :: Request Access""}",
rag_kits,Cerebrum-Blocks/block_store/kits/rag_kits/raw_regulations/Federal_Reserve/112_Regulation_D_Reserve_Requirements_of_Depository_Institutions.txt,C:/Users/shimm/Cerebrum-Blocks/block_store/kits/rag_kits/raw_regulations/Federal_Reserve/112_Regulation_D_Reserve_Requirements_of_Depository_Institutions.txt,1126,.txt,text/plain,b68256501bf2049f1e2a1ba4cc1715eba09a585b76cbe29d8dd635ea3a0a55b2,null,"{""encoding"": ""utf-8"", ""sample_lines"": 5}",
rag_kits,Cerebrum-Blocks/block_store/kits/rag_kits/raw_regulations/Federal_Reserve/113_Regulation_Q_Prohibition_Against_Payment_of_Interest_on_Demand_Deposits.html,C:/Users/shimm/Cerebrum-Blocks/block_store/kits/rag_kits/raw_regulations/Federal_Reserve/113_Regulation_Q_Prohibition_Against_Payment_of_Interest_on_Demand_Deposits.html,10596,.html,text/html,32dbf09453171b655e277cf8680eef96148cdce60a59fd12f826b32bf24585ab,null,"{""title"": ""Federal Register :: Request Access""}",
rag_kits,Cerebrum-Blocks/block_store/kits/rag_kits/raw_regulations/Federal_Reserve/113_Regulation_Q_Prohibition_Against_Payment_of_Interest_on_Demand_Deposits.txt,C:/Users/shimm/Cerebrum-Blocks/block_store/kits/rag_kits/raw_regulations/Federal_Reserve/113_Regulation_Q_Prohibition_Against_Payment_of_Interest_on_Demand_Deposits.txt,1126,.txt,text/plain,b68256501bf2049f1e2a1ba4cc1715eba09a585b76cbe29d8dd635ea3a0a55b2,null,"{""encoding"": ""utf-8"", ""sample_lines"": 5}",
rag_kits,Cerebrum-Blocks/block_store/kits/rag_kits/raw_regulations/Federal_Reserve/114_Regulation_T_Credit_by_Brokers_and_Dealers.html,C:/Users/shimm/Cerebrum-Blocks/block_store/kits/rag_kits/raw_regulations/Federal_Reserve/114_Regulation_T_Credit_by_Brokers_and_Dealers.html,10596,.html,text/html,6c18b1ecf5d6f9f93f837e8f0c473e154cdf29558394ac6f72741147eaad65a7,null,"{""title"": ""Federal Register :: Request Access""}",
rag_kits,Cerebrum-Blocks/block_store/kits/rag_kits/raw_regulations/Federal_Reserve/114_Regulation_T_Credit_by_Brokers_and_Dealers.txt,C:/Users/shimm/Cerebrum-Blocks/block_store/kits/rag_kits/raw_regulations/Federal_Reserve/114_Regulation_T_Credit_by_Brokers_and_Dealers.txt,1126,.txt,text/plain,b68256501bf2049f1e2a1ba4cc1715eba09a585b76cbe29d8dd635ea3a0a55b2,null,"{""encoding"": ""utf-8"", ""sample_lines"": 5}",
rag_kits,Cerebrum-Blocks/block_store/kits/rag_kits/raw_regulations/Federal_Reserve/115_Regulation_U_Credit_by_Banks_for_Securities_Purchases.html,C:/Users/shimm/Cerebrum-Blocks/block_store/kits/rag_kits/raw_regulations/Federal_Reserve/115_Regulation_U_Credit_by_Banks_for_Securities_Purchases.html,93494,.html,text/html,2e3212655af793724f143932a5ea649f8412f2fea16048adc5469e4d1da521e3,null,"{""title"": ""The Fed - Supervision and Regulation:""}",
rag_kits,Cerebrum-Blocks/block_store/kits/rag_kits/raw_regulations/Federal_Reserve/115_Regulation_U_Credit_by_Banks_for_Securities_Purchases.txt,C:/Users/shimm/Cerebrum-Blocks/block_store/kits/rag_kits/raw_regulations/Federal_Reserve/115_Regulation_U_Credit_by_Banks_for_Securities_Purchases.txt,13224,.txt,text/plain,0fc1f2dcd5f9462b60cb4c5353abacfe1be8a867b72f44f858c42cfbe51617ba,null,"{""encoding"": ""ascii"", ""sample_lines"": 5}",
rag_kits,Cerebrum-Blocks/block_store/kits/rag_kits/raw_regulations/Federal_Reserve/116_Regulation_CC_Availability_of_Funds_and_Collection_of_Checks.html,C:/Users/shimm/Cerebrum-Blocks/block_store/kits/rag_kits/raw_regulations/Federal_Reserve/116_Regulation_CC_Availability_of_Funds_and_Collection_of_Checks.html,82470,.html,text/html,3c843160e8e61f7ee8bfbb33254765787ed6bac577b4e09a62d19a2beac44f89,null,"{""title"": ""Federal Reserve Board - Regulation CC (Availability of Funds and Collection of Checks)""}",
rag_kits,Cerebrum-Blocks/block_store/kits/rag_kits/raw_regulations/Federal_Reserve/116_Regulation_CC_Availability_of_Funds_and_Collection_of_Checks.txt,C:/Users/shimm/Cerebrum-Blocks/block_store/kits/rag_kits/raw_regulations/Federal_Reserve/116_Regulation_CC_Availability_of_Funds_and_Collection_of_Checks.txt,3895,.txt,text/plain,12efb8bfee841f1bccc794d254443aa770a36caf0ce9b5c7ce7485b9f71867e2,null,"{""encoding"": ""ascii"", ""sample_lines"": 5}",
rag_kits,Cerebrum-Blocks/block_store/kits/rag_kits/raw_regulations/Federal_Reserve/117_Regulation_Z_Truth_in_Lending_Act.html,C:/Users/shimm/Cerebrum-Blocks/block_store/kits/rag_kits/raw_regulations/Federal_Reserve/117_Regulation_Z_Truth_in_Lending_Act.html,10596,.html,text/html,d9944b6ed919d753e5cc3ae63310efddf62e9ab501958472502ba99e9551ddc9,null,"{""title"": ""Federal Register :: Request Access""}",
rag_kits,Cerebrum-Blocks/block_store/kits/rag_kits/raw_regulations/Federal_Reserve/117_Regulation_Z_Truth_in_Lending_Act.txt,C:/Users/shimm/Cerebrum-Blocks/block_store/kits/rag_kits/raw_regulations/Federal_Reserve/117_Regulation_Z_Truth_in_Lending_Act.txt,1126,.txt,text/plain,b68256501bf2049f1e2a1ba4cc1715eba09a585b76cbe29d8dd635ea3a0a55b2,null,"{""encoding"": ""utf-8"", ""sample_lines"": 5}",
rag_kits,Cerebrum-Blocks/block_store/kits/rag_kits/raw_regulations/Federal_Reserve/118_Regulation_H_Membership_of_State_Banking_Institutions_in_the_Federal_Reserve_System.html,C:/Users/shimm/Cerebrum-Blocks/block_store/kits/rag_kits/raw_regulations/Federal_Reserve/118_Regulation_H_Membership_of_State_Banking_Institutions_in_the_Federal_Reserve_System.html,10596,.html,text/html,32dbf09453171b655e277cf8680eef96148cdce60a59fd12f826b32bf24585ab,null,"{""title"": ""Federal Register :: Request Access""}",
rag_kits,Cerebrum-Blocks/block_store/kits/rag_kits/raw_regulations/Federal_Reserve/118_Regulation_H_Membership_of_State_Banking_Institutions_in_the_Federal_Reserve_System.txt,C:/Users/shimm/Cerebrum-Blocks/block_store/kits/rag_kits/raw_regulations/Federal_Reserve/118_Regulation_H_Membership_of_State_Banking_Institutions_in_the_Federal_Reserve_System.txt,1126,.txt,text/plain,b68256501bf2049f1e2a1ba4cc1715eba09a585b76cbe29d8dd635ea3a0a55b2,null,"{""encoding"": ""utf-8"", ""sample_lines"": 5}",
rag_kits,Cerebrum-Blocks/block_store/kits/rag_kits/raw_regulations/Federal_Reserve/119_Regulation_Y_Bank_Holding_Companies_and_Change_in_Bank_Control.html,C:/Users/shimm/Cerebrum-Blocks/block_store/kits/rag_kits/raw_regulations/Federal_Reserve/119_Regulation_Y_Bank_Holding_Companies_and_Change_in_Bank_Control.html,10596,.html,text/html,d9944b6ed919d753e5cc3ae63310efddf62e9ab501958472502ba99e9551ddc9,null,"{""title"": ""Federal Register :: Request Access""}",
rag_kits,Cerebrum-Blocks/block_store/kits/rag_kits/raw_regulations/Federal_Reserve/119_Regulation_Y_Bank_Holding_Companies_and_Change_in_Bank_Control.txt,C:/Users/shimm/Cerebrum-Blocks/block_store/kits/rag_kits/raw_regulations/Federal_Reserve/119_Regulation_Y_Bank_Holding_Companies_and_Change_in_Bank_Control.txt,1126,.txt,text/plain,b68256501bf2049f1e2a1ba4cc1715eba09a585b76cbe29d8dd635ea3a0a55b2,null,"{""encoding"": ""utf-8"", ""sample_lines"": 5}",
rag_kits,Cerebrum-Blocks/block_store/kits/rag_kits/raw_regulations/Federal_Reserve/120_Regulation_P_Privacy_of_Consumer_Financial_Information.html,C:/Users/shimm/Cerebrum-Blocks/block_store/kits/rag_kits/raw_regulations/Federal_Reserve/120_Regulation_P_Privacy_of_Consumer_Financial_Information.html,10596,.html,text/html,d9944b6ed919d753e5cc3ae63310efddf62e9ab501958472502ba99e9551ddc9,null,"{""title"": ""Federal Register :: Request Access""}",
rag_kits,Cerebrum-Blocks/block_store/kits/rag_kits/raw_regulations/Federal_Reserve/120_Regulation_P_Privacy_of_Consumer_Financial_Information.txt,C:/Users/shimm/Cerebrum-Blocks/block_store/kits/rag_kits/raw_regulations/Federal_Reserve/120_Regulation_P_Privacy_of_Consumer_Financial_Information.txt,1126,.txt,text/plain,b68256501bf2049f1e2a1ba4cc1715eba09a585b76cbe29d8dd635ea3a0a55b2,null,"{""encoding"": ""utf-8"", ""sample_lines"": 5}",
rag_kits,Cerebrum-Blocks/block_store/kits/rag_kits/raw_regulations/Federal_Reserve/121_Regulation_X_Borrower_Restraints_on_Credit_Transactions.html,C:/Users/shimm/Cerebrum-Blocks/block_store/kits/rag_kits/raw_regulations/Federal_Reserve/121_Regulation_X_Borrower_Restraints_on_Credit_Transactions.html,10596,.html,text/html,d9944b6ed919d753e5cc3ae63310efddf62e9ab501958472502ba99e9551ddc9,null,"{""title"": ""Federal Register :: Request Access""}",
rag_kits,Cerebrum-Blocks/block_store/kits/rag_kits/raw_regulations/Federal_Reserve/121_Regulation_X_Borrower_Restraints_on_Credit_Transactions.txt,C:/Users/shimm/Cerebrum-Blocks/block_store/kits/rag_kits/raw_regulations/Federal_Reserve/121_Regulation_X_Borrower_Restraints_on_Credit_Transactions.txt,1126,.txt,text/plain,b68256501bf2049f1e2a1ba4cc1715eba09a585b76cbe29d8dd635ea3a0a55b2,null,"{""encoding"": ""utf-8"", ""sample_lines"": 5}",
rag_kits,Cerebrum-Blocks/block_store/kits/rag_kits/raw_regulations/Federal_Reserve/122_Regulation_BB_Community_Reinvestment_Act.html,C:/Users/shimm/Cerebrum-Blocks/block_store/kits/rag_kits/raw_regulations/Federal_Reserve/122_Regulation_BB_Community_Reinvestment_Act.html,10596,.html,text/html,6c18b1ecf5d6f9f93f837e8f0c473e154cdf29558394ac6f72741147eaad65a7,null,"{""title"": ""Federal Register :: Request Access""}",
rag_kits,Cerebrum-Blocks/block_store/kits/rag_kits/raw_regulations/Federal_Reserve/122_Regulation_BB_Community_Reinvestment_Act.txt,C:/Users/shimm/Cerebrum-Blocks/block_store/kits/rag_kits/raw_regulations/Federal_Reserve/122_Regulation_BB_Community_Reinvestment_Act.txt,1126,.txt,text/plain,b68256501bf2049f1e2a1ba4cc1715eba09a585b76cbe29d8dd635ea3a0a55b2,null,"{""encoding"": ""utf-8"", ""sample_lines"": 5}",
rag_kits,Cerebrum-Blocks/block_store/kits/rag_kits/raw_regulations/Federal_Reserve/123_Regulation_J_Collection_of_Checks_and_Other_Items_by_Federal_Reserve_Banks.html,C:/Users/shimm/Cerebrum-Blocks/block_store/kits/rag_kits/raw_regulations/Federal_Reserve/123_Regulation_J_Collection_of_Checks_and_Other_Items_by_Federal_Reserve_Banks.html,10596,.html,text/html,d9944b6ed919d753e5cc3ae63310efddf62e9ab501958472502ba99e9551ddc9,null,"{""title"": ""Federal Register :: Request Access""}",
rag_kits,Cerebrum-Blocks/block_store/kits/rag_kits/raw_regulations/Federal_Reserve/123_Regulation_J_Collection_of_Checks_and_Other_Items_by_Federal_Reserve_Banks.txt,C:/Users/shimm/Cerebrum-Blocks/block_store/kits/rag_kits/raw_regulations/Federal_Reserve/123_Regulation_J_Collection_of_Checks_and_Other_Items_by_Federal_Reserve_Banks.txt,1126,.txt,text/plain,b68256501bf2049f1e2a1ba4cc1715eba09a585b76cbe29d8dd635ea3a0a55b2,null,"{""encoding"": ""utf-8"", ""sample_lines"": 5}",
rag_kits,Cerebrum-Blocks/block_store/kits/rag_kits/raw_regulations/Federal_Reserve/124_Regulation_O_Loans_to_Executive_Officers_Directors_and_Principal_Shareholders.html,C:/Users/shimm/Cerebrum-Blocks/block_store/kits/rag_kits/raw_regulations/Federal_Reserve/124_Regulation_O_Loans_to_Executive_Officers_Directors_and_Principal_Shareholders.html,10596,.html,text/html,d9944b6ed919d753e5cc3ae63310efddf62e9ab501958472502ba99e9551ddc9,null,"{""title"": ""Federal Register :: Request Access""}",
rag_kits,Cerebrum-Blocks/block_store/kits/rag_kits/raw_regulations/Federal_Reserve/124_Regulation_O_Loans_to_Executive_Officers_Directors_and_Principal_Shareholders.txt,C:/Users/shimm/Cerebrum-Blocks/block_store/kits/rag_kits/raw_regulations/Federal_Reserve/124_Regulation_O_Loans_to_Executive_Officers_Directors_and_Principal_Shareholders.txt,1126,.txt,text/plain,b68256501bf2049f1e2a1ba4cc1715eba09a585b76cbe29d8dd635ea3a0a55b2,null,"{""encoding"": ""utf-8"", ""sample_lines"": 5}",
rag_kits,Cerebrum-Blocks/block_store/kits/rag_kits/raw_regulations/SEC/175_SEC_Regulation_S-K_Standard_Instructions_for_Forms.html,C:/Users/shimm/Cerebrum-Blocks/block_store/kits/rag_kits/raw_regulations/SEC/175_SEC_Regulation_S-K_Standard_Instructions_for_Forms.html,10596,.html,text/html,d9944b6ed919d753e5cc3ae63310efddf62e9ab501958472502ba99e9551ddc9,null,"{""title"": ""Federal Register :: Request Access""}",
rag_kits,Cerebrum-Blocks/block_store/kits/rag_kits/raw_regulations/SEC/175_SEC_Regulation_S-K_Standard_Instructions_for_Forms.txt,C:/Users/shimm/Cerebrum-Blocks/block_store/kits/rag_kits/raw_regulations/SEC/175_SEC_Regulation_S-K_Standard_Instructions_for_Forms.txt,1126,.txt,text/plain,b68256501bf2049f1e2a1ba4cc1715eba09a585b76cbe29d8dd635ea3a0a55b2,null,"{""encoding"": ""utf-8"", ""sample_lines"": 5}",
rag_kits,Cerebrum-Blocks/block_store/kits/rag_kits/raw_regulations/SEC/176_SEC_Regulation_S-X_Form_and_Content_of_Financial_Statements.html,C:/Users/shimm/Cerebrum-Blocks/block_store/kits/rag_kits/raw_regulations/SEC/176_SEC_Regulation_S-X_Form_and_Content_of_Financial_Statements.html,10596,.html,text/html,6c18b1ecf5d6f9f93f837e8f0c473e154cdf29558394ac6f72741147eaad65a7,null,"{""title"": ""Federal Register :: Request Access""}",
rag_kits,Cerebrum-Blocks/block_store/kits/rag_kits/raw_regulations/SEC/176_SEC_Regulation_S-X_Form_and_Content_of_Financial_Statements.txt,C:/Users/shimm/Cerebrum-Blocks/block_store/kits/rag_kits/raw_regulations/SEC/176_SEC_Regulation_S-X_Form_and_Content_of_Financial_Statements.txt,1126,.txt,text/plain,b68256501bf2049f1e2a1ba4cc1715eba09a585b76cbe29d8dd635ea3a0a55b2,null,"{""encoding"": ""utf-8"", ""sample_lines"": 5}",
rag_kits,Cerebrum-Blocks/block_store/kits/rag_kits/raw_regulations/SEC/177_SEC_Regulation_A_Exemptions_for_Small_Offerings.html,C:/Users/shimm/Cerebrum-Blocks/block_store/kits/rag_kits/raw_regulations/SEC/177_SEC_Regulation_A_Exemptions_for_Small_Offerings.html,10596,.html,text/html,32dbf09453171b655e277cf8680eef96148cdce60a59fd12f826b32bf24585ab,null,"{""title"": ""Federal Register :: Request Access""}",
rag_kits,Cerebrum-Blocks/block_store/kits/rag_kits/raw_regulations/SEC/177_SEC_Regulation_A_Exemptions_for_Small_Offerings.txt,C:/Users/shimm/Cerebrum-Blocks/block_store/kits/rag_kits/raw_regulations/SEC/177_SEC_Regulation_A_Exemptions_for_Small_Offerings.txt,1126,.txt,text/plain,b68256501bf2049f1e2a1ba4cc1715eba09a585b76cbe29d8dd635ea3a0a55b2,null,"{""encoding"": ""utf-8"", ""sample_lines"": 5}",
rag_kits,Cerebrum-Blocks/block_store/kits/rag_kits/raw_regulations/SEC/178_SEC_Regulation_D_Private_Offering_Exemptions.html,C:/Users/shimm/Cerebrum-Blocks/block_store/kits/rag_kits/raw_regulations/SEC/178_SEC_Regulation_D_Private_Offering_Exemptions.html,10596,.html,text/html,d9944b6ed919d753e5cc3ae63310efddf62e9ab501958472502ba99e9551ddc9,null,"{""title"": ""Federal Register :: Request Access""}",
rag_kits,Cerebrum-Blocks/block_store/kits/rag_kits/raw_regulations/SEC/178_SEC_Regulation_D_Private_Offering_Exemptions.txt,C:/Users/shimm/Cerebrum-Blocks/block_store/kits/rag_kits/raw_regulations/SEC/178_SEC_Regulation_D_Private_Offering_Exemptions.txt,1126,.txt,text/plain,b68256501bf2049f1e2a1ba4cc1715eba09a585b76cbe29d8dd635ea3a0a55b2,null,"{""encoding"": ""utf-8"", ""sample_lines"": 5}",
rag_kits,Cerebrum-Blocks/block_store/kits/rag_kits/raw_regulations/SEC/179_SEC_Regulation_M_Anti-Manipulation_Rules_Concerning_Securities_Offerings.html,C:/Users/shimm/Cerebrum-Blocks/block_store/kits/rag_kits/raw_regulations/SEC/179_SEC_Regulation_M_Anti-Manipulation_Rules_Concerning_Securities_Offerings.html,10596,.html,text/html,6c18b1ecf5d6f9f93f837e8f0c473e154cdf29558394ac6f72741147eaad65a7,null,"{""title"": ""Federal Register :: Request Access""}",
rag_kits,Cerebrum-Blocks/block_store/kits/rag_kits/raw_regulations/SEC/179_SEC_Regulation_M_Anti-Manipulation_Rules_Concerning_Securities_Offerings.txt,C:/Users/shimm/Cerebrum-Blocks/block_store/kits/rag_kits/raw_regulations/SEC/179_SEC_Regulation_M_Anti-Manipulation_Rules_Concerning_Securities_Offerings.txt,1126,.txt,text/plain,b68256501bf2049f1e2a1ba4cc1715eba09a585b76cbe29d8dd635ea3a0a55b2,null,"{""encoding"": ""utf-8"", ""sample_lines"": 5}",
rag_kits,Cerebrum-Blocks/block_store/kits/rag_kits/raw_regulations/SEC/180_SEC_Regulation_NMS_National_Market_System.html,C:/Users/shimm/Cerebrum-Blocks/block_store/kits/rag_kits/raw_regulations/SEC/180_SEC_Regulation_NMS_National_Market_System.html,10596,.html,text/html,6c18b1ecf5d6f9f93f837e8f0c473e154cdf29558394ac6f72741147eaad65a7,null,"{""title"": ""Federal Register :: Request Access""}",
rag_kits,Cerebrum-Blocks/block_store/kits/rag_kits/raw_regulations/SEC/180_SEC_Regulation_NMS_National_Market_System.txt,C:/Users/shimm/Cerebrum-Blocks/block_store/kits/rag_kits/raw_regulations/SEC/180_SEC_Regulation_NMS_National_Market_System.txt,1126,.txt,text/plain,b68256501bf2049f1e2a1ba4cc1715eba09a585b76cbe29d8dd635ea3a0a55b2,null,"{""encoding"": ""utf-8"", ""sample_lines"": 5}",
rag_kits,Cerebrum-Blocks/block_store/kits/rag_kits/raw_regulations/SEC/181_SEC_Regulation_SHO_Short_Sales.html,C:/Users/shimm/Cerebrum-Blocks/block_store/kits/rag_kits/raw_regulations/SEC/181_SEC_Regulation_SHO_Short_Sales.html,10596,.html,text/html,32dbf09453171b655e277cf8680eef96148cdce60a59fd12f826b32bf24585ab,null,"{""title"": ""Federal Register :: Request Access""}",
rag_kits,Cerebrum-Blocks/block_store/kits/rag_kits/raw_regulations/SEC/181_SEC_Regulation_SHO_Short_Sales.txt,C:/Users/shimm/Cerebrum-Blocks/block_store/kits/rag_kits/raw_regulations/SEC/181_SEC_Regulation_SHO_Short_Sales.txt,1126,.txt,text/plain,b68256501bf2049f1e2a1ba4cc1715eba09a585b76cbe29d8dd635ea3a0a55b2,null,"{""encoding"": ""utf-8"", ""sample_lines"": 5}",
rag_kits,Cerebrum-Blocks/block_store/kits/rag_kits/raw_regulations/SEC/182_SEC_Regulation_ATS_Alternative_Trading_Systems.html,C:/Users/shimm/Cerebrum-Blocks/block_store/kits/rag_kits/raw_regulations/SEC/182_SEC_Regulation_ATS_Alternative_Trading_Systems.html,10596,.html,text/html,32dbf09453171b655e277cf8680eef96148cdce60a59fd12f826b32bf24585ab,null,"{""title"": ""Federal Register :: Request Access""}",
rag_kits,Cerebrum-Blocks/block_store/kits/rag_kits/raw_regulations/SEC/182_SEC_Regulation_ATS_Alternative_Trading_Systems.txt,C:/Users/shimm/Cerebrum-Blocks/block_store/kits/rag_kits/raw_regulations/SEC/182_SEC_Regulation_ATS_Alternative_Trading_Systems.txt,1126,.txt,text/plain,b68256501bf2049f1e2a1ba4cc1715eba09a585b76cbe29d8dd635ea3a0a55b2,null,"{""encoding"": ""utf-8"", ""sample_lines"": 5}",
rag_kits,Cerebrum-Blocks/block_store/kits/rag_kits/raw_regulations/SEC/183_SEC_Regulation_G_Disclosure_of_Non-GAAP_Financial_Measures.html,C:/Users/shimm/Cerebrum-Blocks/block_store/kits/rag_kits/raw_regulations/SEC/183_SEC_Regulation_G_Disclosure_of_Non-GAAP_Financial_Measures.html,10596,.html,text/html,6c18b1ecf5d6f9f93f837e8f0c473e154cdf29558394ac6f72741147eaad65a7,null,"{""title"": ""Federal Register :: Request Access""}",
rag_kits,Cerebrum-Blocks/block_store/kits/rag_kits/raw_regulations/SEC/183_SEC_Regulation_G_Disclosure_of_Non-GAAP_Financial_Measures.txt,C:/Users/shimm/Cerebrum-Blocks/block_store/kits/rag_kits/raw_regulations/SEC/183_SEC_Regulation_G_Disclosure_of_Non-GAAP_Financial_Measures.txt,1126,.txt,text/plain,b68256501bf2049f1e2a1ba4cc1715eba09a585b76cbe29d8dd635ea3a0a55b2,null,"{""encoding"": ""utf-8"", ""sample_lines"": 5}",
rag_kits,Cerebrum-Blocks/block_store/kits/rag_kits/raw_regulations/SEC/184_SEC_Regulation_FD_Fair_Disclosure.html,C:/Users/shimm/Cerebrum-Blocks/block_store/kits/rag_kits/raw_regulations/SEC/184_SEC_Regulation_FD_Fair_Disclosure.html,10596,.html,text/html,d9944b6ed919d753e5cc3ae63310efddf62e9ab501958472502ba99e9551ddc9,null,"{""title"": ""Federal Register :: Request Access""}",
rag_kits,Cerebrum-Blocks/block_store/kits/rag_kits/raw_regulations/SEC/184_SEC_Regulation_FD_Fair_Disclosure.txt,C:/Users/shimm/Cerebrum-Blocks/block_store/kits/rag_kits/raw_regulations/SEC/184_SEC_Regulation_FD_Fair_Disclosure.txt,1126,.txt,text/plain,b68256501bf2049f1e2a1ba4cc1715eba09a585b76cbe29d8dd635ea3a0a55b2,null,"{""encoding"": ""utf-8"", ""sample_lines"": 5}",
rag_kits,Cerebrum-Blocks/block_store/kits/rag_kits/raw_regulations/SEC/185_SEC_Regulation_Crowdfunding_Exemptions_for_Crowdfunding.html,C:/Users/shimm/Cerebrum-Blocks/block_store/kits/rag_kits/raw_regulations/SEC/185_SEC_Regulation_Crowdfunding_Exemptions_for_Crowdfunding.html,10596,.html,text/html,6c18b1ecf5d6f9f93f837e8f0c473e154cdf29558394ac6f72741147eaad65a7,null,"{""title"": ""Federal Register :: Request Access""}",
rag_kits,Cerebrum-Blocks/block_store/kits/rag_kits/raw_regulations/SEC/185_SEC_Regulation_Crowdfunding_Exemptions_for_Crowdfunding.txt,C:/Users/shimm/Cerebrum-Blocks/block_store/kits/rag_kits/raw_regulations/SEC/185_SEC_Regulation_Crowdfunding_Exemptions_for_Crowdfunding.txt,1126,.txt,text/plain,b68256501bf2049f1e2a1ba4cc1715eba09a585b76cbe29d8dd635ea3a0a55b2,null,"{""encoding"": ""utf-8"", ""sample_lines"": 5}",
rag_kits,Cerebrum-Blocks/block_store/kits/rag_kits/raw_regulations/SEC/186_SEC_Regulation_Best_Interest_Standards_of_Conduct_for_Broker-Dealers.html,C:/Users/shimm/Cerebrum-Blocks/block_store/kits/rag_kits/raw_regulations/SEC/186_SEC_Regulation_Best_Interest_Standards_of_Conduct_for_Broker-Dealers.html,10596,.html,text/html,6c18b1ecf5d6f9f93f837e8f0c473e154cdf29558394ac6f72741147eaad65a7,null,"{""title"": ""Federal Register :: Request Access""}",
rag_kits,Cerebrum-Blocks/block_store/kits/rag_kits/raw_regulations/SEC/186_SEC_Regulation_Best_Interest_Standards_of_Conduct_for_Broker-Dealers.txt,C:/Users/shimm/Cerebrum-Blocks/block_store/kits/rag_kits/raw_regulations/SEC/186_SEC_Regulation_Best_Interest_Standards_of_Conduct_for_Broker-Dealers.txt,1126,.txt,text/plain,b68256501bf2049f1e2a1ba4cc1715eba09a585b76cbe29d8dd635ea3a0a55b2,null,"{""encoding"": ""utf-8"", ""sample_lines"": 5}",
rag_kits,Cerebrum-Blocks/block_store/kits/rag_kits/raw_regulations/SEC/187_SEC_Regulation_SCI_Systems_Compliance_and_Integrity.html,C:/Users/shimm/Cerebrum-Blocks/block_store/kits/rag_kits/raw_regulations/SEC/187_SEC_Regulation_SCI_Systems_Compliance_and_Integrity.html,10596,.html,text/html,d9944b6ed919d753e5cc3ae63310efddf62e9ab501958472502ba99e9551ddc9,null,"{""title"": ""Federal Register :: Request Access""}",
rag_kits,Cerebrum-Blocks/block_store/kits/rag_kits/raw_regulations/SEC/187_SEC_Regulation_SCI_Systems_Compliance_and_Integrity.txt,C:/Users/shimm/Cerebrum-Blocks/block_store/kits/rag_kits/raw_regulations/SEC/187_SEC_Regulation_SCI_Systems_Compliance_and_Integrity.txt,1126,.txt,text/plain,b68256501bf2049f1e2a1ba4cc1715eba09a585b76cbe29d8dd635ea3a0a55b2,null,"{""encoding"": ""utf-8"", ""sample_lines"": 5}",
rag_kits,Cerebrum-Blocks/block_store/kits/rag_kits/raw_regulations/SEC/188_SEC_Regulation_AB_Asset-Backed_Securities.html,C:/Users/shimm/Cerebrum-Blocks/block_store/kits/rag_kits/raw_regulations/SEC/188_SEC_Regulation_AB_Asset-Backed_Securities.html,10596,.html,text/html,32dbf09453171b655e277cf8680eef96148cdce60a59fd12f826b32bf24585ab,null,"{""title"": ""Federal Register :: Request Access""}",
rag_kits,Cerebrum-Blocks/block_store/kits/rag_kits/raw_regulations/SEC/188_SEC_Regulation_AB_Asset-Backed_Securities.txt,C:/Users/shimm/Cerebrum-Blocks/block_store/kits/rag_kits/raw_regulations/SEC/188_SEC_Regulation_AB_Asset-Backed_Securities.txt,1126,.txt,text/plain,b68256501bf2049f1e2a1ba4cc1715eba09a585b76cbe29d8dd635ea3a0a55b2,null,"{""encoding"": ""utf-8"", ""sample_lines"": 5}",
rag_kits,Cerebrum-Blocks/block_store/kits/rag_kits/raw_regulations/SEC/189_SEC_Regulation_AC_Analyst_Certification.html,C:/Users/shimm/Cerebrum-Blocks/block_store/kits/rag_kits/raw_regulations/SEC/189_SEC_Regulation_AC_Analyst_Certification.html,10596,.html,text/html,32dbf09453171b655e277cf8680eef96148cdce60a59fd12f826b32bf24585ab,null,"{""title"": ""Federal Register :: Request Access""}",
rag_kits,Cerebrum-Blocks/block_store/kits/rag_kits/raw_regulations/SEC/189_SEC_Regulation_AC_Analyst_Certification.txt,C:/Users/shimm/Cerebrum-Blocks/block_store/kits/rag_kits/raw_regulations/SEC/189_SEC_Regulation_AC_Analyst_Certification.txt,1126,.txt,text/plain,b68256501bf2049f1e2a1ba4cc1715eba09a585b76cbe29d8dd635ea3a0a55b2,null,"{""encoding"": ""utf-8"", ""sample_lines"": 5}",
rag_kits,Cerebrum-Blocks/block_store/kits/rag_kits/raw_regulations/SEC/190_SEC_Regulation_S-T_General_Rules_for_Electronic_Filings.html,C:/Users/shimm/Cerebrum-Blocks/block_store/kits/rag_kits/raw_regulations/SEC/190_SEC_Regulation_S-T_General_Rules_for_Electronic_Filings.html,10596,.html,text/html,32dbf09453171b655e277cf8680eef96148cdce60a59fd12f826b32bf24585ab,null,"{""title"": ""Federal Register :: Request Access""}",
rag_kits,Cerebrum-Blocks/block_store/kits/rag_kits/raw_regulations/SEC/190_SEC_Regulation_S-T_General_Rules_for_Electronic_Filings.txt,C:/Users/shimm/Cerebrum-Blocks/block_store/kits/rag_kits/raw_regulations/SEC/190_SEC_Regulation_S-T_General_Rules_for_Electronic_Filings.txt,1126,.txt,text/plain,b68256501bf2049f1e2a1ba4cc1715eba09a585b76cbe29d8dd635ea3a0a55b2,null,"{""encoding"": ""utf-8"", ""sample_lines"": 5}",
rag_kits,Cerebrum-Blocks/block_store/kits/rag_kits/raw_regulations/SEC/191_SEC_Regulation_BTR_Blackout_Trading_Restrictions.html,C:/Users/shimm/Cerebrum-Blocks/block_store/kits/rag_kits/raw_regulations/SEC/191_SEC_Regulation_BTR_Blackout_Trading_Restrictions.html,10596,.html,text/html,d9944b6ed919d753e5cc3ae63310efddf62e9ab501958472502ba99e9551ddc9,null,"{""title"": ""Federal Register :: Request Access""}",
rag_kits,Cerebrum-Blocks/block_store/kits/rag_kits/raw_regulations/SEC/191_SEC_Regulation_BTR_Blackout_Trading_Restrictions.txt,C:/Users/shimm/Cerebrum-Blocks/block_store/kits/rag_kits/raw_regulations/SEC/191_SEC_Regulation_BTR_Blackout_Trading_Restrictions.txt,1126,.txt,text/plain,b68256501bf2049f1e2a1ba4cc1715eba09a585b76cbe29d8dd635ea3a0a55b2,null,"{""encoding"": ""utf-8"", ""sample_lines"": 5}",
rag_kits,Cerebrum-Blocks/block_store/kits/rag_kits/raw_regulations/SEC/192_SEC_Regulation_SBSR_Security-Based_Swap_Reporting.html,C:/Users/shimm/Cerebrum-Blocks/block_store/kits/rag_kits/raw_regulations/SEC/192_SEC_Regulation_SBSR_Security-Based_Swap_Reporting.html,10596,.html,text/html,6c18b1ecf5d6f9f93f837e8f0c473e154cdf29558394ac6f72741147eaad65a7,null,"{""title"": ""Federal Register :: Request Access""}",
rag_kits,Cerebrum-Blocks/block_store/kits/rag_kits/raw_regulations/SEC/192_SEC_Regulation_SBSR_Security-Based_Swap_Reporting.txt,C:/Users/shimm/Cerebrum-Blocks/block_store/kits/rag_kits/raw_regulations/SEC/192_SEC_Regulation_SBSR_Security-Based_Swap_Reporting.txt,1126,.txt,text/plain,b68256501bf2049f1e2a1ba4cc1715eba09a585b76cbe29d8dd635ea3a0a55b2,null,"{""encoding"": ""utf-8"", ""sample_lines"": 5}",
universal_reference_data,Cerebrum-Blocks/block_store/kits/universal_reference_data/countries.json,C:/Users/shimm/Cerebrum-Blocks/block_store/kits/universal_reference_data/countries.json,6397,.json,application/json,fbf4e7544e876b08cb87c422127253f7b0f3344c57131164b1bb43de5ff8bc92,null,"{""rows"": null, ""type"": ""dict"", ""keys"": [""countries""]}",
universal_reference_data,Cerebrum-Blocks/block_store/kits/universal_reference_data/currencies.json,C:/Users/shimm/Cerebrum-Blocks/block_store/kits/universal_reference_data/currencies.json,3456,.json,application/json,ac321a7cdbf16ef693b019130403c991dcc3d2cf5a41b3ab97e9349a5995c472,null,"{""rows"": null, ""type"": ""dict"", ""keys"": [""currencies""]}",
universal_reference_data,Cerebrum-Blocks/block_store/kits/universal_reference_data/timezones.json,C:/Users/shimm/Cerebrum-Blocks/block_store/kits/universal_reference_data/timezones.json,4679,.json,application/json,32a5ca5282d26236069de68d575ba15a901a976f873b2b0f1047325253b4ef0f,null,"{""rows"": null, ""type"": ""dict"", ""keys"": [""timezones""]}",
universal_reference_data,Cerebrum-Blocks/block_store/kits/universal_reference_data/units.json,C:/Users/shimm/Cerebrum-Blocks/block_store/kits/universal_reference_data/units.json,2959,.json,application/json,9d8a2c4a7eb3e711ee2993b8333e128d08db78947c425b7a292917e36c10eab6,null,"{""rows"": null, ""type"": ""dict"", ""keys"": [""units""]}",
universal_ingestion_tests,Cerebrum-Blocks/block_store/kits/universal_ingestion_tests/json_edge_cases.json,C:/Users/shimm/Cerebrum-Blocks/block_store/kits/universal_ingestion_tests/json_edge_cases.json,1832,.json,application/json,be0b478d5308f43a04c95f3d9f703d2bb9b095a8cb6cfbde77cb1ba877c3907f,null,"{""rows"": null, ""type"": ""dict"", ""keys"": [""arrays"", ""booleans"", ""dates"", ""null_value"", ""numbers"", ""objects"", ""special_keys"", ""strings""]}",
universal_ingestion_tests,Cerebrum-Blocks/block_store/kits/universal_ingestion_tests/validation_cases.json,C:/Users/shimm/Cerebrum-Blocks/block_store/kits/universal_ingestion_tests/validation_cases.json,1162,.json,application/json,545ea39c333b6acf4668b28eaaa31e71ef533f59a56a0ba2660235beaa5be848,null,"{""rows"": null, ""type"": ""dict"", ""keys"": [""invalid_emails"", ""invalid_ip_addresses"", ""invalid_urls"", ""valid_credit_cards"", ""valid_dates"", ""valid_emails"", ""valid_ip_addresses"", ""valid_phone_numbers"", ""valid_urls"", ""valid_uuids""]}",
universal_api_reference,Cerebrum-Blocks/block_store/kits/universal_api_reference/file_extensions.json,C:/Users/shimm/Cerebrum-Blocks/block_store/kits/universal_api_reference/file_extensions.json,3711,.json,application/json,8125e786ca922a2532a70f2fcf98e3b4d6ff5054ba63371d7b6c284ab2ca7333,null,"{""rows"": null, ""type"": ""dict"", ""keys"": [""extensions""]}",
universal_api_reference,Cerebrum-Blocks/block_store/kits/universal_api_reference/http_status_codes.json,C:/Users/shimm/Cerebrum-Blocks/block_store/kits/universal_api_reference/http_status_codes.json,4983,.json,application/json,07c6e1acfe45de787128d62cec20256a9fb38bf3dd9f0fa0bfba44e1936f9380,null,"{""rows"": null, ""type"": ""dict"", ""keys"": [""status_codes""]}",
financeops_demo_fixtures,Cerebrum-Blocks/block_store/kits/financeops_demo_fixtures/transactions.json,C:/Users/shimm/Cerebrum-Blocks/block_store/kits/financeops_demo_fixtures/transactions.json,2486,.json,application/json,07c658838b0510804e90012b4a447a2799a0ad45b0ed73e9f46c2353d972c0d6,null,"{""rows"": null, ""type"": ""dict"", ""keys"": [""transactions""]}",
financeops_demo_fixtures,Cerebrum-Blocks/block_store/kits/financeops_demo_fixtures/users.json,C:/Users/shimm/Cerebrum-Blocks/block_store/kits/financeops_demo_fixtures/users.json,2330,.json,application/json,5788c0dbf3fc473a3a9a04c950832ba18b57a4bcd4e80dc6a395de45325434ca,null,"{""rows"": null, ""type"": ""dict"", ""keys"": [""users""]}",
