Question,Answer
Who owns my project after it's been contributed to FINOS?,"After a project is contributed to FINOS, it is governed under the Community Specification License (CSL) 1.0, ensuring its availability to the public.  

The original intellectual property rights remain with the contributor or copyright holder, while the contributed content is available under CSL terms for modification and use.  

Project governance is managed by FINOS through working groups, maintainers, and the CDM Steering Working Group, which oversees change approval and integration."
Why does FINOS use the Apache License? Does our project have to?,"Why does FINOS use the Apache License?  
FINOS uses the Apache License 2.0 because it is a permissive open-source license that facilitates broad use, modification, and distribution of the code while ensuring that derivative works maintain proper attribution to the original authors. It also includes a patent grant, reducing legal risk for contributors and users.  

Does our project have to use the Apache License?  
No, your project does not have to use the Apache License. While FINOS recommends the Apache 2.0 license for consistency and compatibility within its ecosystem, projects may use alternative licenses if approved by the FINOS Governing Board. However, the license choice should align with FINOS' objective of promoting open-source collaboration and interoperability."
Can I advertise my participation in a FINOS project?,"Participation in a FINOS project can be publicly acknowledged.  

FINOS encourages contributors to promote their involvement as it helps foster open-source collaboration and recognizes individual and organizational efforts.  

Contributions can be listed on resumes, LinkedIn profiles, and other professional platforms, provided the role is accurately described without implying exclusive ownership of the project."
Are there any FINOS guidelines about company branding in the contributed source code?,"FINOS provides guidelines regarding company branding in contributed source code.  

Company branding, such as logos, trademarks, or proprietary identifiers, should generally be avoided in the source code to maintain neutrality and prevent potential conflicts.  

References to contributing organizations can be included in documentation or comments, provided they follow the FINOS contribution guidelines and do not interfere with the functionality or neutrality of the code."
"Are Mailing lists open to the public, or is it only visible by participants?","Mailing lists in FINOS are generally open to the public.  

Public access to mailing lists promotes transparency, allowing the broader community to stay informed and engage with discussions related to FINOS projects.  

While most mailing list archives are publicly accessible, some specific mailing lists may be restricted to participants based on the nature of the discussions or working group requirements."
"Who can commit to my project, after it's been contributed?","Participants who have signed the Contributor License Agreement (CLA) can commit to the project after contributing.  

Their names are added to the Participants.md file through a Pull Request.  

Maintainers of the CDM Steering Working Group approve merging proposed changes into the repository."
Does the Foundation provide developers for my project?,"The Foundation does not provide developers for contributed projects.

The development work is expected to be carried out by the project contributors and maintainers.

Contributors from the community, including participants from member and non-member organizations, are encouraged to provide development support.

FINOS supports the project by providing governance, infrastructure, and community engagement."
Are there any restrictions on how many projects I can host with the Foundation?,"There are no restrictions on how many projects can be hosted with the Foundation.

Multiple projects can be contributed as long as they comply with the FINOS governance and contribution guidelines.

Each project must follow the defined processes for proposal, approval, and maintenance.

The Foundation ensures that all hosted projects align with the open-source principles and the broader goals of FINOS."
What is a good granularity for a project?,"A good granularity for a project is defined by its ability to be achieved in small, incremental units.

Each contribution should be a complete, releasable unit that adds value without breaking existing functionality.

Projects should be designed so that their scope can be easily managed and reviewed in a single sprint.

Larger changes that cannot be completed in one sprint should be decomposed into smaller user stories or tasks."
What are the most commonly used languages across FINOS projects?,"The most commonly used languages across FINOS projects include Java, C#, Scala, Kotlin, TypeScript, and Python.

The choice of programming language depends on the nature of the project and its objectives.

Different projects may use different languages, and contributors are encouraged to work in the languages best suited to their contributions.

FINOS promotes interoperability and encourages the use of multiple languages where appropriate to meet project goals."
What is the proportion of member vs. non-member contributors to FINOS projects?,"The proportion of member versus non-member contributors to FINOS projects is not explicitly specified.

Both member and non-member contributors can participate by signing the Contributor License Agreement (CLA).

Contributions are evaluated based on merit and compliance with FINOS guidelines, regardless of the contributor’s membership status.

Community involvement is encouraged from a diverse group of contributors, ensuring a broad range of perspectives and expertise."
Does FINOS offer compliance tools?,"FINOS offers compliance tools through its digital regulatory reporting initiatives and open-source compliance frameworks.

These tools are designed to help the financial industry meet regulatory obligations more effectively.

Contributors can leverage these tools to ensure that their projects align with industry standards and compliance requirements.

FINOS continues to enhance its compliance offerings based on community feedback and evolving regulatory standards."
Can FINOS redistribute binaries to collect community feedback before contributing a project?,"FINOS does not explicitly redistribute binaries to collect community feedback before contributing a project.

Projects contributed to FINOS undergo a formal review and approval process before they are hosted.

Community feedback is typically collected through code reviews, pull requests, and project discussions.

FINOS ensures that all contributions meet its governance and quality standards before acceptance."
Where can I see the upcoming schedule of FINOS meetings so that I can participate?,"The upcoming schedule of FINOS meetings is available on the FINOS Community Calendar.

Participants can email help@finos.org to request meeting invitations.

The calendar provides details about upcoming project meetings, working groups, and community events.

Participants are encouraged to join relevant meetings to stay informed and engage with the FINOS community."
Is attendance to FINOS project and SIG meetings open to the public?,"Attendance to FINOS project and SIG meetings is generally open to the public.

Anyone interested in contributing or learning about the projects can join the meetings.

Some working group meetings may be restricted to project maintainers or contributors for specific discussions.

Public access ensures transparency and encourages broader participation from the community."
May non project maintainers attend and participate in project meetings?,"Non-project maintainers may attend and participate in project meetings.

They can contribute by providing feedback, suggesting improvements, and participating in discussions.

Formal contributions and decision-making, however, are typically reviewed and approved by project maintainers.

Maintainers ensure that contributions align with the project’s goals and quality standards."
"What level of detail is expected in minutes, especially regarding attribution of speakers?","Minutes are expected to provide a summary of decisions and key discussion points.

Detailed attribution of speakers is not mandatory unless specifically requested.

Minutes should focus on capturing action items, outcomes, and any unresolved issues.

Attribution may be included when it adds context or clarity to the discussion summary."
How does attribution work in minutes? Will my name be included in the public minutes? My employer’s?,"Attribution in minutes typically includes the names of participants and contributors.

The inclusion of the employer’s name is not mandatory and may be added only if explicitly noted.

Public minutes aim to reflect contributions fairly while respecting the privacy of participants.

Sensitive information or affiliations may be excluded to maintain confidentiality when necessary."
Are meetings recorded?,"Meetings may be recorded for documentation and future reference purposes.

Recording helps ensure that discussions and decisions are accurately captured.

Recordings are typically made available to project participants and contributors.

In some cases, recordings may be shared with the broader community to promote transparency."
"How does product qualification (payout) work, and what attributes influence it?","Product qualification (payout) works by applying Qualification functions that assess whether a financial product meets specific criteria defined in the Common Domain Model (CDM).

The qualification process evaluates the product's attributes, including asset type, payout structure, and economic terms, to determine whether it aligns with industry standards or regulatory requirements.

Payouts are modeled as parametric descriptions of financial obligations between parties, and Qualification functions analyze conditions such as asset classification, effective date, and termination provisions.

If a product meets the qualification criteria, a Global Key is generated using a hash algorithm, providing a unique identifier that ensures traceability and data integrity.

The qualification outcome is recorded in the event history, linking the qualified product to the original contract and maintaining a comprehensive audit trail for regulatory and reporting purposes."
"How is the lifecycle of a financial product, such as an interest rate swap, represented?","The lifecycle of a financial product, such as an interest rate swap, is represented in the Common Domain Model (CDM) through a sequence of lifecycle events that modify the TradeState over time.

When the interest rate swap is initiated, a ContractFormation event creates the initial TradeState, capturing key attributes such as notional amount, fixed and floating rate legs, and payment schedules.

As the swap progresses, periodic Interest Payment Events and Reset Events are triggered to update the floating leg payments and account for market rate fluctuations.

Modifications, such as amendments or term extensions, are recorded as ContractModification Events, which update the TradeState to reflect the new economic terms.

If the swap terminates early, a Termination Event modifies the TradeState to mark the contract as terminated, while novation or transfer events update the counterparty relationships if ownership changes.

Each of these events is captured in the event history, ensuring that the lifecycle of the interest rate swap is accurately tracked and auditable, while maintaining a complete audit trail for regulatory and reporting purposes."
"What is a WorkflowStep, and how is it related to a business event?","A WorkflowStep in the Common Domain Model (CDM) represents a discrete step in the lifecycle of a trade, contract, or transaction, capturing the details of the state transition triggered by a business event.

Each WorkflowStep contains information about the proposed changes to the TradeState, the validation results of those changes, and the resulting TradeState after the event is applied.

A business event, such as trade execution, modification, termination, or novation, triggers a WorkflowStep that updates the TradeState and records the details of the action taken.

The WorkflowStep includes key attributes such as the proposed event, the timestamp of the action, the parties involved, and any necessary approvals or validation results.

By linking WorkflowStep instances together, CDM maintains a complete and auditable record of the transaction lifecycle, ensuring that all state transitions and business events are traceable and compliant with regulatory requirements."
How does the model handle complex trade structures like baskets or portfolios?,"The model handles complex trade structures like baskets or portfolios by representing them as composite products that consist of multiple underlying components, each modeled as an individual TradeState.

A basket or portfolio is treated as a Collection of TradeStates, where each underlying asset, derivative, or financial instrument is represented as a separate component with its own attributes, lifecycle events, and payout terms.

The Collection is linked through a parent-child relationship, where the parent TradeState represents the basket or portfolio, and the child TradeStates capture the details of the individual instruments.

When a business event occurs at the basket or portfolio level, such as a rebalancing or partial termination, the WorkflowStep applies the corresponding state transitions to the affected TradeStates within the Collection.

By maintaining a hierarchical structure, the model ensures that modifications, valuations, and settlement events applied to the basket or portfolio are accurately reflected across all underlying components, preserving consistency and traceability throughout the transaction lifecycle."
"What is a Business event, and how is it used in the context of trade processing?","A business event in the Common Domain Model (CDM) represents a significant occurrence in the lifecycle of a trade or contract that triggers a change in the TradeState.

Business events include actions such as trade execution, modification, novation, termination, and settlement, which result in state transitions that update the attributes of the underlying TradeState.

When a business event occurs, it generates a WorkflowStep that captures the proposed event, validates the changes, and applies the appropriate state transitions to the TradeState.

Each business event is recorded in the event history, ensuring that all modifications and updates are traceable and auditable throughout the transaction lifecycle.

By maintaining a structured record of business events and their corresponding WorkflowSteps, the model ensures that trade processing remains consistent, transparent, and compliant with regulatory and operational standards."
"What is a Trade State, and how does it evolve through the lifecycle of a transaction?","A TradeState in the Common Domain Model (CDM) represents the current state of a trade or contract at a specific point in its lifecycle, capturing essential attributes such as economic terms, parties involved, and contract status.

The TradeState evolves through a series of lifecycle events, such as execution, modification, novation, termination, and settlement, each of which updates the TradeState to reflect the new conditions of the trade.

When a trade is initiated, a ContractFormation event creates the initial TradeState, which defines the terms and conditions of the trade.

As the trade progresses, events such as modifications, resets, and payments trigger WorkflowSteps that apply state transitions to update the TradeState, ensuring that changes to terms, counterparty information, and economic conditions are accurately recorded.

If the trade reaches maturity or is terminated early, a Termination Event modifies the TradeState to mark the trade as terminated, completing the transaction lifecycle.

Each update to the TradeState is captured as part of the event history, providing a transparent and auditable record of all changes throughout the lifecycle of the transaction."
"How does the model manage the workflow of corporate actions, such as dividends or stock splits?","The model manages the workflow of corporate actions, such as dividends or stock splits, by representing them as lifecycle events that trigger state transitions in the TradeState.

When a corporate action occurs, a CorporateActionEvent is generated, capturing the details of the event, such as the type of action, the affected securities, and the date of record.

For dividends, the model applies a Payout Event to the TradeState, reflecting the payment to shareholders and updating the account balances accordingly.

In the case of stock splits or reverse splits, the model triggers a Quantity Adjustment Event that modifies the quantity and price per share in the TradeState, ensuring that the economic value remains consistent.

Each corporate action is captured as a WorkflowStep, which records the proposed changes, validates them, and applies the appropriate updates to the TradeState.

By maintaining a structured record of corporate actions and their corresponding state transitions, the model ensures that all changes are accurately reflected and traceable throughout the transaction lifecycle."
"How does the qualification of events work, and how can it be related to reporting action types?","The qualification of events works by evaluating whether a business event meets the defined criteria specified in the Qualification functions within the Common Domain Model (CDM).

When an event occurs, such as trade execution, modification, or termination, the Qualification functions analyze the event attributes, such as asset type, counterparties, and event type, to determine if the event qualifies under the applicable rules and standards.

Once the event is qualified, it is mapped to a corresponding Reporting Action Type, which classifies the event according to regulatory or operational reporting requirements.

Reporting Action Types, such as new trade, modification, termination, or corporate action, ensure that the event is correctly reported to trade repositories, clearinghouses, or regulatory bodies.

The relationship between event qualification and reporting action types ensures that each event is appropriately categorized, maintaining consistency and compliance with reporting obligations.

By automating the qualification and reporting process, the model improves accuracy, reduces manual errors, and ensures that all events are captured and classified correctly for downstream reporting."
How does the qualification of the product work and what are the main ones?,"The qualification of a product in the Common Domain Model (CDM) works by applying Qualification functions that assess whether a financial product meets predefined criteria based on its attributes and economic terms.

When a product, such as a derivative, loan, or security, is introduced into the system, the Qualification functions evaluate its attributes, including asset type, payout structure, contract terms, and counterparty relationships, to determine if the product qualifies under applicable standards or classifications.

The main product qualifications include:

productType qualification, which identifies the specific category of the financial product, such as an interest rate swap, equity option, or credit default swap.

transferability qualification, which determines whether the product is transferable or non-transferable based on its terms and conditions.

compliance qualification, which checks whether the product complies with regulatory standards and jurisdictional requirements.

taxonomy qualification, which maps the product to industry-recognized classifications to facilitate consistent reporting and processing.

Once a product meets the necessary qualifications, it is assigned a Global Key to ensure traceability and consistency across its lifecycle, allowing for seamless integration with downstream systems and processes."
What are the key challenges in implementing a standardized model across an organization?,"One key challenge in implementing a standardized model across an organization is ensuring compatibility with existing systems, as legacy infrastructure may require significant customization to align with the new model.

Another challenge is achieving organization-wide adoption, where different departments may have varying workflows, data formats, and business processes, making it difficult to standardize practices.

Maintaining data consistency and integrity across multiple platforms poses additional difficulties, especially when data sources are fragmented or when different teams interpret data differently.

High implementation costs and the need for specialized expertise can also be a barrier, as integrating a standardized model often involves retraining staff and modifying operational workflows.

Ensuring compliance with regulatory requirements and adapting the model to evolving industry standards adds complexity, requiring ongoing maintenance and updates to reflect changes in market practices."
How does the system ensure data consistency across different lifecycle events of a trade?,"The system ensures data consistency across different lifecycle events of a trade by maintaining a unified TradeState that is updated through a series of well-defined WorkflowSteps.

Each lifecycle event, such as trade execution, modification, novation, or termination, triggers a WorkflowStep that validates the proposed changes and applies the corresponding state transitions to the TradeState.

EventPrimitive ensures that each event is processed sequentially, capturing the proposed changes, validating the data, and recording the resulting TradeState to reflect the updated terms and conditions.

By maintaining a complete and auditable event history, the system ensures that all state transitions are traceable and that each update is consistently applied throughout the trade’s lifecycle.

The use of a Global Key, generated through a hash algorithm, links related TradeStates and WorkflowSteps, ensuring that data consistency is preserved across different platforms and processes."
What role does the model play in standardizing trade representation across different systems?,"The model plays a critical role in standardizing trade representation across different systems by providing a unified TradeState structure that captures all essential attributes and lifecycle events of a trade in a consistent format.

It uses a common data model that defines standard components such as economic terms, parties involved, and payout structures, ensuring that trade data is represented uniformly regardless of the system or platform.

By mapping trade attributes to industry-standard formats such as FpML, FIX, and ISO 20022, the model ensures seamless interoperability between systems, allowing trade data to be exchanged without the need for extensive reformatting.

The model’s WorkflowStep and EventPrimitive mechanisms standardize the way lifecycle events are processed and recorded, ensuring that state transitions and business events are applied consistently across different systems.

By maintaining a complete audit trail of all trade modifications and updates, the model enhances data integrity and reduces operational risk, enabling organizations to achieve greater efficiency and compliance in trade processing."
How does the model handle the differences between cleared and uncleared trades?,"The model handles the differences between cleared and uncleared trades by tracking the clearing status within the TradeState and applying lifecycle events differently based on whether the trade is cleared or uncleared.

For cleared trades, a Novation Event is triggered when the original bilateral trade is replaced with two separate trades involving the central counterparty (CCP), updating the TradeState to reflect the cleared status.

Cleared trades also undergo margining and collateral management processes, where variation margin and initial margin requirements are tracked and adjusted as market conditions change.

For uncleared trades, the TradeState remains bilateral, and lifecycle events such as modifications, terminations, and resets directly update the original trade without involving a CCP.

Collateral for uncleared trades is managed based on bilateral agreements, such as ISDA Credit Support Annexes (CSAs), with margin calls and collateral adjustments handled according to negotiated terms.

By distinguishing between cleared and uncleared trades at the TradeState level, the model ensures that the appropriate processes, margining requirements, and reporting obligations are consistently applied throughout the trade’s lifecycle."
"What is the process for novation, and what are the differences between partial novation and full novation?","The process for novation in the Common Domain Model (CDM) involves replacing an existing bilateral contract between two parties with a new contract or set of contracts, typically involving a central counterparty (CCP) or a new counterparty.

Novation is triggered by a Novation Event, which terminates the original contract and creates new TradeStates that reflect the updated contractual relationships.

During the novation process, the original trade is replaced by two or more new trades that mirror the original terms but involve the CCP or the new counterparty as an intermediary or replacement.

In a full novation, the entire contract is transferred to the new counterparty, terminating the original trade and creating a new TradeState that reflects the new counterparty’s obligations.

In a partial novation, only a portion of the contract’s rights and obligations are transferred to the new counterparty, resulting in the original contract being amended to reflect the reduced exposure, while a new TradeState is created for the novated portion.

Both types of novation are recorded as WorkflowSteps that capture the state transitions, ensuring that the event history maintains a complete and auditable record of the changes."
How does the model facilitate cross-border trading and reporting?,"The model facilitates cross-border trading and reporting by providing a standardized representation of trade data that aligns with international industry standards such as FpML, FIX, and ISO 20022.

It uses a common data structure to capture the attributes of a trade, including asset type, counterparties, economic terms, and lifecycle events, ensuring that data can be seamlessly exchanged across jurisdictions and systems.

By mapping trade attributes to the appropriate reporting formats and regulatory frameworks, the model ensures that trades executed across borders meet the reporting requirements of multiple regulatory authorities.

Lifecycle events, such as execution, modification, novation, and termination, are recorded as WorkflowSteps, which maintain an auditable trail of state transitions and ensure that regulatory reports are generated accurately.

The model’s Qualification and Validation functions check that trade data complies with jurisdiction-specific rules and reporting obligations, reducing the risk of errors and ensuring compliance with international regulations.

Through consistent data representation and standardized event processing, the model enhances the efficiency, accuracy, and transparency of cross-border trading and reporting processes."
"How is collateral management represented, and what are the key processes involved?","Collateral management in the Common Domain Model (CDM) is represented through a structured set of objects that capture the key attributes, processes, and lifecycle events associated with managing collateral for cleared and uncleared trades.

Collateral agreements, such as Credit Support Annexes (CSAs) or margin agreements, are linked to the TradeState and define the terms for margining, including initial margin (IM), variation margin (VM), eligible collateral types, and haircut requirements.

When a collateral event occurs, such as a margin call or collateral substitution, a CollateralEvent is triggered, updating the TradeState and reflecting the changes in the collateral position.

Collateral transfer and reconciliation processes are modeled as WorkflowSteps that validate the proposed changes, apply state transitions, and record the updated collateral balance in the event history.

Key processes involved in collateral management include:

collateral posting and collection, where margin calls are triggered based on market movements and exposure changes, ensuring that collateral is posted or collected in line with contractual obligations.

collateral substitution, where one type of collateral is replaced with another while maintaining equivalent value, triggering a WorkflowStep to update the TradeState.

margin reconciliation, where periodic checks are conducted to compare collateral records between counterparties and identify discrepancies.

close-out netting, where collateral balances are settled or offset in the event of default or contract termination, ensuring that outstanding exposures are minimized.

By maintaining a consistent and auditable record of collateral events and their corresponding state transitions, the model ensures that collateral management processes are transparent, efficient, and compliant with regulatory requirements."
"What role does technology, such as distributed ledger or smart contracts, play in automating processes?","Technology, such as distributed ledger technology (DLT) and smart contracts, plays a critical role in automating processes within the Common Domain Model (CDM) by enhancing transparency, efficiency, and accuracy in trade processing and lifecycle management.

Distributed ledger technology provides a decentralized and immutable record of transactions, ensuring that trade data and lifecycle events are consistently synchronized across multiple parties. This reduces the risk of discrepancies and eliminates the need for manual reconciliation.

Smart contracts automate the execution of business logic by encoding the terms and conditions of a trade or collateral agreement into self-executing code. When predefined conditions are met, the smart contract automatically triggers actions such as trade settlement, margin calls, or collateral transfers, reducing operational friction and minimizing errors.

Lifecycle events, such as trade modifications, terminations, and corporate actions, can be automatically validated and recorded on a distributed ledger, ensuring that state transitions are captured accurately and maintaining an auditable trail of all changes.

Collateral management processes, including margin calls and substitutions, can be automated through smart contracts, which enforce the terms of collateral agreements and ensure that obligations are met without manual intervention.

By integrating distributed ledger technology and smart contracts into the trade processing framework, the model ensures greater transparency, reduces counterparty risk, and enhances the efficiency and scalability of post-trade processes."
How does the model manage regulatory requirements across different jurisdictions?,"The model manages regulatory requirements across different jurisdictions by incorporating Qualification and Validation functions that assess whether a trade, event, or product complies with jurisdiction-specific rules and reporting obligations.

Each trade is evaluated against predefined regulatory criteria, which are encoded within the model to ensure that attributes such as asset type, counterparty classification, and event type meet the requirements of the relevant jurisdiction.

When a lifecycle event occurs, such as trade execution, modification, or termination, the model triggers a WorkflowStep that validates the proposed changes and applies the corresponding state transitions while ensuring compliance with jurisdictional standards.

The model maps trade attributes and lifecycle events to industry-standard reporting formats, such as FpML, FIX, and ISO 20022, ensuring that data can be submitted in the appropriate format required by different regulatory authorities.

By maintaining an auditable event history that captures all state transitions and regulatory checks, the model ensures that trades executed across multiple jurisdictions comply with local regulatory frameworks and reporting requirements.

Automated rule checks and compliance monitoring reduce the risk of errors and improve operational efficiency, enabling organizations to meet regulatory obligations while maintaining data consistency across systems and processes."
How does the model improve the accuracy and timeliness of data submissions?,"The model improves the accuracy and timeliness of data submissions by embedding validation logic and state transition rules directly within the trade lifecycle, ensuring that data integrity is maintained at every stage.

When a trade event occurs, such as execution, modification, or termination, the model triggers a WorkflowStep that applies predefined validation checks to confirm that the data meets format, consistency, and compliance standards before submission.

Data mapping functions convert trade attributes into industry-standard formats, such as FpML, FIX, and ISO 20022, ensuring that submissions comply with the specific requirements of trade repositories and regulatory bodies.

By automating the submission process and reducing manual intervention, the model minimizes the risk of human error and accelerates the reporting timeline.

Each state transition and associated data submission is recorded in an auditable event history, providing a transparent and traceable record of all changes and submissions.

Through automated validation, standardized data transformation, and consistent workflow management, the model enhances the accuracy and timeliness of data submissions while ensuring compliance with regulatory requirements."
"How does the model integrate with existing market infrastructure, such as clearing houses or trade repositories?","The model integrates with existing market infrastructure, such as clearing houses and trade repositories, by mapping trade attributes and lifecycle events to industry-standard messaging formats, such as FpML, FIX, and ISO 20022.

When a trade event occurs, such as execution, novation, or termination, the model triggers a WorkflowStep that captures the changes in the TradeState and generates the appropriate messages required for submission to clearing houses and trade repositories.

For cleared trades, a Novation Event replaces the original bilateral trade with two separate trades involving the central counterparty (CCP), and the updated TradeState is transmitted to the clearing house to reflect the novated contract.

For uncleared trades, the model maintains bilateral contract information and sends relevant messages to trade repositories for regulatory reporting and transaction confirmation.

Collateral and margining processes are also managed through WorkflowSteps that align with clearing house margin requirements and update collateral positions accordingly.

By maintaining a standardized data representation and automating the generation of industry-compliant messages, the model ensures seamless integration with market infrastructure, reducing operational risk and improving the accuracy and efficiency of trade processing and reporting."
What are the benefits of using a common model for post-trade processing?,"Using a common model for post-trade processing provides several benefits by enhancing consistency, efficiency, and transparency across the trade lifecycle.

One key benefit is data standardization, where a unified representation of trade attributes, lifecycle events, and counterparties ensures that data remains consistent across different systems and platforms, reducing discrepancies and the need for manual reconciliation.

Another benefit is process automation, as the model uses WorkflowSteps and EventPrimitive to apply state transitions and validate trade modifications automatically, minimizing human error and accelerating post-trade processes.

Regulatory compliance is improved by embedding validation rules and mapping trade data to industry-standard formats such as FpML, FIX, and ISO 20022, ensuring that regulatory reporting requirements are consistently met across jurisdictions.

Operational efficiency is enhanced by reducing duplication of processes and enabling seamless communication between trading parties, clearing houses, and trade repositories, leading to faster settlement and reduced operational costs.

Finally, auditability and transparency are strengthened through a complete event history that tracks all state transitions and modifications, providing a clear and traceable record of the trade lifecycle for regulatory review and internal auditing."
How does the model handle reconciliation processes between trading parties?,"The model handles reconciliation processes between trading parties by using a standardized representation of trade attributes and lifecycle events that ensures consistency across different systems.

When a trade event occurs, such as execution, modification, or termination, the model generates a WorkflowStep that updates the TradeState and records the resulting changes. These updates include detailed information about the economic terms, counterparty relationships, and trade status.

The model facilitates reconciliation by comparing the TradeState records maintained by each counterparty, identifying discrepancies between the reported trade attributes or lifecycle events. Automated validation functions ensure that data inconsistencies, such as mismatched trade details or incorrect event sequencing, are flagged for review.

Discrepancies are resolved through a Matching Process that validates and aligns the TradeState across both parties, ensuring that modifications, novations, and terminations are accurately reflected in each counterparty’s records.

Collateral and margin reconciliation processes are also managed by matching collateral balances and verifying that margin calls, substitutions, and adjustments are consistently recorded by both parties.

By maintaining a complete audit trail of WorkflowSteps and TradeState updates, the model ensures that reconciliation processes are transparent, traceable, and compliant with regulatory standards."
What role does the model play in automating corporate actions and other lifecycle events?,"The model plays a key role in automating corporate actions and other lifecycle events by representing them as structured lifecycle events that trigger state transitions in the TradeState.

When a corporate action, such as a dividend payment, stock split, or merger, occurs, the model generates a CorporateActionEvent that captures the details of the event, including the type of action, the affected instruments, and the effective date.

The CorporateActionEvent triggers a WorkflowStep that validates the proposed changes and applies the appropriate state transitions to update the TradeState. This ensures that all impacted positions, quantities, and payouts are adjusted accurately to reflect the corporate action.

For lifecycle events such as modifications, terminations, and novations, the model uses EventPrimitive to apply consistent state transitions and automatically update the TradeState, reducing manual intervention and minimizing errors.

Collateral management and margin adjustments related to corporate actions are also automated through predefined processes that align with the terms of the contract and applicable regulatory requirements.

By maintaining a complete and auditable record of all lifecycle events and their corresponding state transitions, the model ensures that corporate actions and other trade events are accurately processed, reducing operational risk and improving overall efficiency."
How does the model ensure transparency and traceability of financial transactions?,"The model ensures transparency and traceability of financial transactions by maintaining a structured and auditable event history that records all state transitions and modifications applied to the TradeState.

Each lifecycle event, such as execution, modification, termination, or novation, is captured as a WorkflowStep that documents the proposed changes, validates them, and applies the corresponding updates to the TradeState.

A unique Global Key, generated through a hash algorithm, links related TradeStates and WorkflowSteps, ensuring that all transactions and associated events can be traced back to their origin.

The model provides a digital representation of legal agreements and economic terms, ensuring that the terms and conditions governing each transaction are accurately reflected in the trade data.

By embedding validation rules and regulatory checks in the model, it ensures that all state transitions comply with applicable standards and reporting requirements, further enhancing the traceability of transactions.

Through consistent data representation, event recording, and audit trail maintenance, the model enables full transparency and traceability of financial transactions across the entire lifecycle."
"What are the key differences in handling various asset classes, such as equities, fixed income, and derivatives?","The model handles various asset classes, such as equities, fixed income, and derivatives, by representing them through specialized data structures that capture the unique attributes and lifecycle events associated with each class.

For equities, the model tracks attributes such as quantity, price, corporate actions, and dividend payments. Lifecycle events include trade execution, corporate actions such as stock splits and mergers, and settlement, which update the TradeState to reflect changes in position and ownership.

For fixed income instruments, the model captures attributes such as face value, coupon rate, payment schedule, and maturity date. Lifecycle events include interest payments, principal repayment, and modifications due to changes in terms or ratings, ensuring that the TradeState remains aligned with the bond’s economic terms.

For derivatives, the model models complex payout structures, strike prices, expiration dates, and underlying references. Lifecycle events include resets, option exercises, novations, and terminations, which update the TradeState based on the derivative’s evolving conditions.

Collateral and margining processes differ across asset classes, with fixed income and derivatives requiring margin adjustments and collateral tracking, whereas equities generally involve simpler settlement processes.

By using specialized data structures and customized lifecycle event processing for each asset class, the model ensures that the unique characteristics and processing requirements of equities, fixed income, and derivatives are handled accurately and consistently."
"What are the key steps involved in the clearing process, and how is it represented in the lifecycle of a trade?","The clearing process involves a series of key steps that are represented as lifecycle events in the TradeState, ensuring that the trade is accurately processed and settled through a central counterparty (CCP).

The first step is trade capture and validation, where the trade details, including asset type, price, quantity, and counterparties, are recorded in the initial TradeState after execution. The model validates the trade to ensure that it meets the requirements for clearing.

Next, a novation event occurs, where the original bilateral trade between the counterparties is replaced by two separate trades involving the CCP. This event modifies the TradeState by creating two new TradeStates, one between the original buyer and the CCP, and the other between the CCP and the original seller.

Following novation, margin and collateral management is initiated, where variation margin and initial margin requirements are calculated and adjusted based on market movements. A CollateralEvent updates the TradeState to reflect the collateral balances and ensures that margin requirements are met.

Daily mark-to-market processes adjust the trade value to reflect current market conditions, triggering Lifecycle Events that update the TradeState and ensure that margin calls or additional collateral postings are applied if necessary.

Finally, the settlement process occurs, where payment obligations are fulfilled, and the TradeState is updated to reflect the completed settlement. In the event of trade termination or maturity, a Termination Event modifies the TradeState to mark the contract as terminated.

By capturing each of these steps as WorkflowSteps and maintaining a complete event history, the model ensures that the clearing process is accurately represented and auditable throughout the lifecycle of the trade."
"How does the allocation process work, and what factors determine how trades are allocated across different accounts?","The allocation process works by assigning portions of a trade to multiple accounts or counterparties based on predefined criteria, ensuring that the trade is distributed in accordance with the investment strategy and client mandates.

When a block trade is executed, the initial TradeState captures the aggregated trade details, including the total quantity, price, and other economic terms. The allocation process is then triggered as a Lifecycle Event, which modifies the TradeState to reflect the breakdown of the trade across different accounts.

Allocation instructions specify how the trade should be divided, taking into account factors such as account size, risk tolerance, investment objectives, and regulatory constraints. These instructions can be predefined or dynamically generated based on market conditions and portfolio requirements.

Proportional allocation is a common method, where the trade is distributed proportionally based on the account’s target allocation or available capital. Alternatively, allocation may be determined by specific account mandates or discretionary portfolio management decisions.

Once the allocation is complete, the model generates new TradeStates for each allocated portion, ensuring that the economic terms and lifecycle events of the original trade are accurately reflected in the individual account records.

The allocation process is recorded as a WorkflowStep, maintaining a complete and auditable trail that captures the allocation instructions, resulting TradeStates, and any validation or compliance checks applied during the process."
"What triggers the early termination of a contract, and how is this process managed?","The early termination of a contract is triggered by predefined conditions specified in the termination provisions of the contract, such as default, mutual agreement, regulatory changes, or the exercise of termination rights by either party.

When an early termination event occurs, a Termination Event is generated, capturing the details of the event, including the reason for termination, the affected TradeState, and the effective termination date.

The Termination Event triggers a WorkflowStep that validates the proposed termination, applies the necessary state transitions, and updates the TradeState to reflect the contract’s terminated status.

For derivatives and other collateralized contracts, the model initiates a close-out netting process, which calculates any outstanding obligations, variation margin adjustments, and collateral returns to settle the contract.

The results of the termination, including settlement amounts and final positions, are recorded in the event history, ensuring that all actions and state changes related to the early termination are traceable and auditable.

By maintaining a structured and standardized process for managing early terminations, the model ensures that all contract terminations are handled consistently and in compliance with applicable regulations and contractual terms."
"How is novation processed, and what are the roles of the original and new counterparties?","Novation is processed by replacing an existing bilateral contract between two counterparties with a new contract or set of contracts, typically involving a central counterparty (CCP) or a new counterparty.

The novation process begins when a Novation Event is triggered, capturing the details of the original contract, the new counterparty, and the terms of the novated trade. This event terminates the original TradeState and creates new TradeStates reflecting the updated contractual relationships.

In the case of central clearing, the original bilateral trade between the two counterparties is replaced by two separate contracts: one between the original buyer and the CCP, and the other between the CCP and the original seller. This ensures that the CCP becomes the counterparty to both sides of the trade, reducing counterparty risk.

For bilateral novation, where a new counterparty replaces one of the original parties, the original contract is terminated and replaced by a new contract between the remaining original counterparty and the new counterparty. The terms of the new contract typically mirror the original contract, with necessary adjustments to account for the change in counterparties.

The original counterparty’s role is to consent to the termination of the initial contract and ensure that all obligations up to the point of novation are fulfilled. The new counterparty assumes the rights and obligations of the original party, taking over future contractual responsibilities.

The novation process is recorded as a WorkflowStep, capturing the details of the terminated and newly created TradeStates, ensuring that the event history maintains a complete and auditable record of the novation."
"How does the model manage the workflow for trade termination events, such as early termination or exercise of options?","The model manages the workflow for trade termination events, such as early termination or exercise of options, by treating them as lifecycle events that trigger state transitions in the TradeState.

Early termination is captured through a Termination Event, where EventPrimitive generates a BusinessEvent that updates the TradeState to reflect the terminated status and records the final settlement terms.

For option exercise, the model uses an ExerciseEvent, triggered by an ExerciseInstruction, which modifies the TradeState to indicate that the option has been exercised and applies the corresponding payout adjustments.

Each of these events is processed as a WorkflowStep that validates the proposed changes, applies the appropriate state transitions, and updates the TradeState to reflect the new contract status.

The WorkflowStep records the details of the termination or exercise, including the effective date, counterparties involved, and any resulting changes to the contract’s economic terms.

By maintaining a complete and auditable history of all state transitions, the model ensures that trade termination events are accurately processed, traceable, and compliant with regulatory and operational requirements."
How are settlement instructions generated and processed after a clearing event?,"Settlement instructions are generated and processed after a clearing event through a structured series of lifecycle events that ensure accurate and timely completion of payment and delivery obligations.

Once a trade is cleared, a Novation Event occurs, replacing the original bilateral trade with two separate contracts involving the central counterparty (CCP). The TradeState is updated to reflect the new contractual relationships and the CCP's involvement.

Following the clearing event, the model generates SettlementInstructions using the economic terms and payment schedules specified in the TradeState. These instructions detail the settlement amounts, payment dates, delivery obligations, and the relevant financial institutions involved.

The SettlementInstruction Event triggers a WorkflowStep that validates the instructions, ensuring that the terms comply with market standards, counterparty agreements, and regulatory requirements. Validation checks include verifying trade details, payment amounts, currency specifications, and applicable settlement venues.

Once validated, the instructions are submitted to the appropriate payment or settlement systems, such as central securities depositories (CSDs) or payment networks. The model tracks the status of each settlement instruction, updating the TradeState to reflect successful or failed settlements.

Any discrepancies or settlement failures trigger exception management processes, initiating reconciliation and corrective actions. The event history captures all settlement-related activities, providing a transparent and auditable record of the transaction lifecycle.

By automating the generation, validation, and processing of settlement instructions, the model ensures accurate and efficient completion of cleared trades while minimizing operational risk."
What are the key considerations when managing the allocation of trades in a portfolio?,"When managing the allocation of trades in a portfolio, several key considerations ensure that trades are distributed efficiently, accurately, and in alignment with client mandates and investment objectives.

The first consideration is account eligibility, which involves determining whether each account in the portfolio is permitted to participate in the trade based on regulatory constraints, investment guidelines, and client-specific mandates.

Risk management is another critical factor, as allocations must be made in a way that maintains the desired risk profile of the portfolio. This includes ensuring that exposure limits, sector concentrations, and diversification requirements are met after the allocation.

Proportionality and fairness play an essential role, where trade allocations are distributed proportionally based on account size, available capital, or target asset allocation to ensure equitable treatment across participating accounts.

Compliance with regulatory and fiduciary standards is a necessary consideration, ensuring that allocations follow best practices, adhere to regulatory requirements, and align with fiduciary obligations.

Operational efficiency is important to minimize errors and streamline the allocation process by using automated systems that generate, validate, and execute trade allocations accurately and in a timely manner.

Post-allocation reconciliation ensures that allocated trades match the intended instructions and that any discrepancies are identified and resolved promptly. This step maintains data consistency and ensures compliance with reporting and audit requirements.

By addressing these key considerations, the model ensures that trade allocations are performed consistently, transparently, and in accordance with client mandates and regulatory standards."
"How is the termination of a contract due to default handled, and what are the consequences for the involved parties?","The termination of a contract due to default is handled through a structured process that ensures the appropriate resolution of obligations and records the resulting changes to the TradeState.

When a default event occurs, such as a failure to meet payment obligations, breach of contract terms, or insolvency, a Termination Event is triggered, capturing the details of the default, including the date, reason, and affected TradeState.

The Termination Event generates a WorkflowStep that validates the default conditions, applies the necessary state transitions, and updates the TradeState to reflect the terminated status of the contract.

Following termination, the model initiates a close-out netting process, where all outstanding obligations between the counterparties are calculated, offset, and settled. The net amount owed by either party is determined and included in the final settlement.

Collateral management is also impacted by a default termination, where any posted collateral is re-evaluated, and excess collateral may be returned, or additional payments may be required to cover outstanding exposures.

For the defaulting party, the consequences may include financial penalties, loss of collateral, and potential legal action to recover damages. The non-defaulting party may need to manage operational and financial risks resulting from the terminated contract.

All actions related to the default termination, including collateral adjustments, netting results, and settlement details, are recorded in the event history, providing a complete and auditable record of the termination process."
What are the key differences in how Exchange-Traded Derivatives (ETD) and Over-The-Counter (OTC) derivatives are represented and processed?,"Exchange-Traded Derivatives (ETD) and Over-The-Counter (OTC) derivatives are represented and processed differently due to variations in their trading environments, regulatory frameworks, and lifecycle management processes.

ETDs are standardized contracts traded on regulated exchanges, where the terms and conditions, such as contract size, expiration date, and settlement terms, are predefined by the exchange. The model represents ETDs with fixed attributes and standard lifecycle events that apply uniformly across all trades, simplifying the processing and reducing customization.

OTC derivatives, on the other hand, are customized contracts negotiated directly between counterparties, allowing for greater flexibility in defining economic terms, payout structures, and risk management provisions. The model represents OTC derivatives by capturing bespoke contract details in the TradeState, allowing for a broader range of attributes and lifecycle events.

The clearing process also differs between ETDs and OTC derivatives. ETDs are cleared through a central counterparty (CCP), where a Novation Event replaces the original trade with two separate contracts, reducing counterparty risk. The model applies standardized margin and collateral management processes to ETDs, ensuring compliance with exchange rules.

For OTC derivatives, clearing may be optional or mandated under regulatory requirements, and bilateral margin agreements, such as Credit Support Annexes (CSAs), govern the collateral and margining processes. The model handles these complexities by incorporating collateral management processes and customized margining rules within the TradeState.

Regulatory reporting and compliance requirements also vary between ETDs and OTC derivatives. ETDs follow exchange-mandated reporting standards, while OTC derivatives require detailed transaction reporting to trade repositories under frameworks such as Dodd-Frank, EMIR, and MiFID II. The model accommodates these differences by mapping trade attributes to the appropriate reporting formats and ensuring compliance with jurisdiction-specific requirements.

By maintaining distinct representations for ETDs and OTC derivatives, the model ensures that their unique characteristics, processing workflows, and regulatory requirements are accurately reflected throughout the trade lifecycle."
"How does the model manage Positions, including adjustments and settlements?","The model manages positions by maintaining a TradeState that tracks the current status of a trade, capturing all relevant attributes, including quantity, price, counterparties, and economic terms.

When a trade is executed, the initial TradeState records the details of the transaction and establishes the opening position. As the trade progresses, position adjustments occur through lifecycle events such as modifications, partial terminations, corporate actions, or resets.

Position adjustments are captured as WorkflowSteps that apply state transitions to the TradeState, updating attributes such as quantity, price, or collateral balances to reflect the modified terms. These adjustments ensure that position changes are accurately recorded and reflected in the TradeState.

For settlements, the model generates SettlementInstructions that specify the payment or delivery obligations between counterparties based on the terms of the contract. A Settlement Event updates the TradeState to reflect the fulfillment of these obligations and the closing or partial reduction of the position.

Corporate actions, such as dividends, stock splits, and mergers, trigger Quantity Adjustment Events that modify the position by adjusting the quantity and economic terms while maintaining consistency with the original contract.

Margin and collateral adjustments also impact positions, where variation margin and initial margin are recalculated to reflect changes in exposure or market conditions. A CollateralEvent updates the TradeState to capture these adjustments and ensures that margin requirements are met.

By maintaining a complete and auditable event history, the model ensures that all position adjustments and settlements are traceable, accurate, and compliant with regulatory and operational standards."
How does the model handle the reallocation of Positions after a novation event?,"The model handles the reallocation of positions after a novation event by generating new TradeStates that reflect the updated contractual relationships and reallocating the original position between the affected parties.

When a novation event occurs, the original bilateral contract between the counterparties is terminated and replaced by two or more new contracts, typically involving a central counterparty (CCP) or a new counterparty. This triggers a Novation Event that captures the details of the original contract, the new counterparties, and the terms of the novated trades.

The Novation Event generates WorkflowSteps that apply state transitions to terminate the original TradeState and create new TradeStates that reallocate the original position to the new counterparties. For cleared trades, the original position is split into two separate positions—one between the original buyer and the CCP and the other between the CCP and the original seller.

Position reallocation is performed by updating attributes such as quantity, price, and settlement terms in the new TradeStates, ensuring that the economic value and risk profile of the original position are preserved.

Collateral and margin adjustments are also processed as part of the novation, where the original margin and collateral positions are transferred or recalculated to reflect the updated positions and new counterparties. These adjustments are captured as CollateralEvents that modify the TradeState accordingly.

The event history records all position reallocations and novation-related changes, ensuring that the reallocation process is transparent, auditable, and compliant with regulatory and operational requirements."
"What are the common causes for early termination of a contract, and how are these recorded?","Early termination of a contract can be caused by several factors, each triggering a termination event that is recorded as part of the contract's lifecycle.

One common cause is default by one of the counterparties, such as failure to meet payment obligations, breach of contract terms, or insolvency. In such cases, a Termination Event is triggered, capturing the details of the default and updating the TradeState to reflect the contract’s terminated status.

Mutual agreement between counterparties is another cause of early termination, where both parties agree to terminate the contract before its scheduled maturity. This type of termination is recorded through a bilateral Termination Event that modifies the TradeState to indicate that the contract has been mutually closed.

Regulatory or legal changes that affect the enforceability of the contract may also lead to early termination. When a regulatory event occurs, the model generates a Regulatory Termination Event, ensuring that the contract is terminated in compliance with applicable laws.

Market events, such as extreme price movements or unforeseen changes in market conditions, may trigger the activation of automatic termination clauses embedded in the contract. These events are recorded through an Automatic Termination Event that updates the TradeState.

Option exercise or early redemption clauses can also result in early termination, where a counterparty exercises the right to close the contract before maturity. The ExerciseEvent captures the details of the option exercise and modifies the TradeState accordingly.

Each termination event is processed as a WorkflowStep that validates the termination conditions, applies the necessary state transitions, and updates the TradeState. The event history records all early terminations, ensuring that the reasons, dates, and outcomes are traceable and auditable."
How does the system ensure that all parties are informed and updated during a novation event?,"The system ensures that all parties are informed and updated during a novation event by generating a series of WorkflowSteps that capture and communicate the details of the event, along with the resulting changes to the TradeState.

When a novation event occurs, the system terminates the original bilateral contract and creates new TradeStates reflecting the updated relationships between the involved parties, typically replacing the original trade with two separate trades involving a central counterparty (CCP) or a new counterparty.

The novation process generates Notification Events that inform the original counterparties and the new counterparties of the changes, including the effective date of the novation, the modified economic terms, and the new contractual obligations.

These Notification Events trigger WorkflowSteps that validate the novation, apply state transitions to update the TradeState, and distribute confirmation messages to all relevant parties, ensuring that they are aware of the modifications.

Standardized message formats, such as FpML, FIX, or ISO 20022, are used to transmit novation notifications, ensuring that the information is communicated consistently and in compliance with market standards.

Each notification and confirmation is recorded in the event history, providing an auditable trail that verifies that all parties have been informed and that the novation was processed accurately and transparently."
"What is the role of a central counterparty (CCP) in the clearing process, and how does it affect the trade's lifecycle?","The central counterparty (CCP) plays a critical role in the clearing process by acting as an intermediary between the original counterparties to a trade, mitigating counterparty risk, and ensuring the smooth processing of post-trade activities.

When a trade is submitted for clearing, the CCP steps in as the buyer to the seller and the seller to the buyer through a novation event. This replaces the original bilateral trade with two separate contracts—one between the original buyer and the CCP and another between the CCP and the original seller. The novation event modifies the TradeState to reflect the new contractual relationships and updates the parties involved.

The CCP guarantees the performance of both sides of the trade by assuming the counterparty risk, reducing the likelihood of default and ensuring that trade obligations are fulfilled even if one party defaults. This is achieved by requiring initial margin and variation margin from both parties to cover potential losses due to market fluctuations.

Lifecycle events such as margin adjustments, position updates, and corporate actions are managed by the CCP, which continuously monitors market conditions and adjusts margin requirements accordingly. A CollateralEvent updates the TradeState to reflect any changes in margin and collateral balances.

The CCP also performs daily mark-to-market processes, where the trade value is adjusted to reflect current market prices, ensuring that the margin posted by both parties remains sufficient to cover potential exposures.

At the end of the trade lifecycle, the CCP oversees the settlement process, ensuring that payment and delivery obligations are fulfilled. A Settlement Event updates the TradeState to reflect the successful completion of the contract.

By assuming counterparty risk, enforcing margin requirements, and managing settlement processes, the CCP enhances the stability, transparency, and efficiency of the post-trade lifecycle, reducing systemic risk in financial markets."
How are collateral requirements adjusted following a clearing or novation event?,"Collateral requirements are adjusted following a clearing or novation event by recalculating the initial and variation margin to reflect the updated risk profile and counterparty exposure after the event.

When a clearing or novation event occurs, the original bilateral contract is replaced by new contracts, typically involving a central counterparty (CCP). This event triggers a CollateralEvent that recalculates the margin requirements for the newly created TradeStates.

Initial margin is recalculated based on the potential future exposure (PFE) of the novated trades, ensuring that sufficient collateral is posted to cover possible losses under adverse market conditions. The model uses predefined margin algorithms and risk models to determine the required margin, considering factors such as volatility, liquidity, and trade duration.

Variation margin is also adjusted to reflect changes in the market value of the positions. As part of the novation process, the CCP marks the positions to market and calculates the difference between the current market value and the original trade value. Any resulting margin call requires counterparties to either post additional collateral or receive a return of excess collateral.

Collateral substitution or reallocation may occur to optimize the use of posted collateral, ensuring that the collateral remains aligned with the updated contract terms and risk exposure. A CollateralSubstitution Event updates the TradeState to capture any changes to the type, quantity, or value of the posted collateral.

The results of the collateral adjustments are recorded as part of the event history, ensuring that all changes in margin and collateral positions following the clearing or novation event are accurately captured, traceable, and compliant with regulatory and operational requirements."
"What is the process for executing a partial termination, and how does it differ from a full termination?","The process for executing a partial termination involves reducing the notional amount or quantity of an existing contract while keeping the remaining portion of the trade active. This is handled through a Quantity Change Event that modifies the TradeState to reflect the reduced exposure.

When a partial termination is initiated, a Termination Event is generated that captures the details of the partial termination, including the amount or quantity being terminated and the effective date. The model triggers a Split Primitive that creates a new TradeState with the reduced quantity while maintaining the original terms for the remaining portion of the contract.

The updated TradeState reflects the modified position, with the terminated portion treated as a closed-out position. The original TradeState is adjusted to reflect the change in exposure, while the terminated portion is recorded separately as a closed contract.

In contrast, a full termination completely closes out the contract by reducing the notional amount or quantity to zero. A full termination triggers a Termination Event that modifies the TradeState to indicate that the contract is fully terminated, with no remaining obligations between the counterparties.

The key difference between partial and full termination is that partial termination leaves a residual position in the TradeState that continues to be tracked, while full termination results in the complete closure of the contract. Both types of termination are captured as WorkflowSteps, ensuring that all changes are traceable and compliant with operational and regulatory requirements."
How does the early termination of a contract impact the associated collateral and margin requirements?,"The early termination of a contract impacts the associated collateral and margin requirements by triggering a reassessment of the exposure and recalculating the margin obligations to reflect the reduced or eliminated risk.

When an early termination occurs, a Termination Event is generated that captures the details of the termination, including the termination date and the affected TradeState. This event initiates a CollateralEvent that updates the collateral and margin requirements associated with the terminated contract.

Variation margin, which reflects the mark-to-market value of the contract, is adjusted to account for any outstanding exposure that is closed out as part of the termination process. If the terminated contract was in a loss position, additional margin may be required to cover the settlement amount. Conversely, if the terminated position was in a gain position, excess margin may be returned to the counterparty.

Initial margin, which is posted to cover potential future exposure, is recalculated to reflect the reduced portfolio risk following the termination. Since the contract is no longer active, the initial margin associated with that position is released or reallocated to cover remaining positions in the portfolio.

Close-out netting is performed to offset any remaining obligations between counterparties, reducing the overall exposure and ensuring that outstanding amounts are settled appropriately. The resulting net exposure determines whether any remaining collateral needs to be adjusted or returned.

The final adjustments to the collateral and margin balances are recorded in the event history, ensuring that the impact of the early termination on collateral and margin requirements is traceable and compliant with regulatory and operational standards."
What is the common domain model?,"The Common Domain Model (CDM) is a standardized and machine-readable model designed for financial products, business events, and legal agreements.

It provides a unified framework to define and execute processes across different asset classes and operational workflows.

CDM aims to create a consistent and transparent representation of financial transactions, enabling automation and reducing operational risk.

It is developed under open governance by FINOS to ensure industry-wide collaboration and adoption."
What are the core benefits of the common domain model,"The core benefits of the Common Domain Model include improving standardization and reducing operational inefficiencies.

It enhances transparency by creating a single representation of financial products and processes, facilitating automation.

CDM reduces reconciliation costs by ensuring consistency across systems and minimizing discrepancies.

It also supports regulatory compliance by providing a clear audit trail of transactional data."
What is the purpose of the common domain model,"The purpose of the Common Domain Model is to promote standardization and interoperability in financial markets.

It aims to create a single, extensible model that can be adopted across institutions, reducing fragmentation.

By offering a common language for financial transactions, CDM helps market participants streamline their operations.

It also supports the digitization of financial processes, enhancing efficiency and reducing manual errors."
What is the design priciple of the common domain model,"The design principles of the Common Domain Model emphasize normalization, composability, and modularity.

Normalization is achieved by abstracting common components across products and asset classes.

Composability allows financial objects to be constructed from fundamental building blocks, ensuring reusability.

Modularization organizes the model into logical layers, enhancing clarity and facilitating partial adoption."
What is the scope of the common domain model,"The scope of the Common Domain Model includes defining financial products, business events, and legal agreements.

It covers a wide range of asset classes, including derivatives, securities, and financing transactions.

CDM also extends to post-trade processing, ensuring consistent handling of events across the transaction lifecycle.

The model is designed to be adaptable, enabling future extensions and support for emerging asset classes."
What are the components of the common domain model,"The components of the Common Domain Model include data types, attributes, enumerations, and validation rules.

Financial products are modeled as composable objects that capture the characteristics of different asset classes.

Business events are represented using primitive events, which define operations such as amendments, terminations, and payments.

Legal agreements are constructed using election components that define the terms governing financial transactions."
What is FINOS CDM Distribution,"FINOS CDM Distribution is the release and dissemination of the Common Domain Model by the Fintech Open Source Foundation (FINOS).

The distribution includes the model’s source code, documentation, and validation tools, enabling community collaboration.

CDM is made available under an open-source license, allowing financial institutions and technology providers to adopt and extend the model.

FINOS ensures that the CDM distribution aligns with the community's standards and follows established governance processes."
Please give me an explnantion of Product model of the common domain model,"The Product model of the Common Domain Model (CDM) defines the structure and attributes of financial products.

It provides a standardized way to represent tradable products, contract terms, and related data elements.

The model ensures that financial products are described consistently across different asset classes and transaction types.

By using a composable approach, the Product model captures the complexity of financial instruments while maintaining flexibility."
What is TradableProduct in product model of the common domain model,"TradableProduct in the Product model of the CDM represents a financial product that can be traded between counterparties.

It defines the characteristics of the product, including the underlying asset, terms, and trading conditions.

TradableProduct serves as the core building block for defining transaction details and lifecycle events.

It can be composed with other components to capture various product-specific attributes."
What is Counterparty in product model of the common domain model,"Counterparty in the Product model of the CDM identifies the parties involved in a financial transaction.

It specifies the roles of the parties, such as buyer, seller, guarantor, or other relevant participants.

Counterparty information is essential for defining legal and operational obligations in a trade.

It ensures that transactions are properly recorded and validated within the model."
What is TradeLot in product model of the common domain model,"TradeLot in the Product model of the CDM represents the division of a trade into multiple smaller units.

It captures the quantity, price, and associated terms for each lot in the trade.

TradeLot is useful for managing partial executions, allocations, and batch processing.

It ensures that the terms of each lot are accurately tracked and recorded."
What is PriceQuantity in product model of the common domain model,"PriceQuantity in the Product model of the CDM defines the relationship between the price and quantity of a financial product.

It specifies how the price is determined for a given quantity of the traded product.

PriceQuantity is used in various contexts, including trade execution, valuation, and risk management.

It supports different pricing models and quantity measurement conventions."
What is measure in product model of the common domain model,"Measure in the Product model of the CDM defines a quantifiable attribute of a financial product.

It captures details such as the unit of measurement and the value associated with that attribute.

Measures are used to express quantities, prices, and other numerical data points.

They enable consistent representation of different metrics across the model."
What is price in product model of the common domain model,"Price in the Product model of the CDM represents the monetary value assigned to a financial product.

It captures information such as the currency, price type, and applicable conditions.

Price is essential for determining trade values, settlement amounts, and market valuations.

The model allows for multiple price types to be defined for different transaction scenarios.

"
What is quantity in product model of the common domain model,"Quantity in the Product model of the CDM denotes the amount of a financial product being traded or managed.

It specifies the unit of measure and the value associated with the quantity.

Quantity is used in various contexts, including trade execution, settlement, and risk assessment.

Accurate representation of quantity ensures proper validation and processing of transactions."
What is Observable in product model of the common domain model,"Observable in the Product model of the CDM refers to a market-related variable used to determine product behavior.

It includes attributes such as reference rates, asset prices, or indices.

Observable data is critical for pricing, valuation, and risk management processes.

The CDM ensures that observables are consistently defined and mapped to relevant product attributes."
What is SettlementTerms in product model of the common domain model,"SettlementTerms in the Product model of the CDM define the conditions under which a trade is settled.

They include details such as settlement date, method, and relevant financial instructions.

SettlementTerms ensure that trades are executed and finalized according to agreed-upon terms.

They facilitate the automation of post-trade processes and reduce settlement risk."
What is BuyerSeller in product model of the common domain model,"BuyerSeller in the Product model of the CDM identifies the parties involved in a trade.

It assigns the roles of buyer and seller to the respective counterparties.

BuyerSeller information is essential for determining the flow of ownership and payment obligations.

The model ensures that these roles are consistently represented across transactions."
What is Financial Product in product model of the common domain model,"Financial Product in the Product model of the CDM is the highest-level abstraction representing tradable assets.

It encompasses all types of products, including derivatives, securities, and structured products.

Financial Product serves as the parent object for various specialized product types.

It provides a standardized structure for modeling diverse financial instruments.

"
What is Contractual Product in product model of the common domain model,"Contractual Product in the Product model of the CDM represents a subset of financial products with defined legal terms.

It captures pre-execution product characteristics that govern the behavior of the product.

Contractual Product is commonly used in derivatives and financing agreements.

It ensures that contract terms are accurately reflected and enforceable in trade processing."
What is Economic Terms in product model of the common domain model,"Economic Terms in the Product model of the CDM define the key economic parameters of a financial product.

They include attributes such as pricing mechanisms, payment schedules, and conditions.

Economic Terms ensure that the product’s financial behavior is consistently modeled.

They provide the basis for valuation, risk analysis, and compliance processes."
What is Payout in product model of the common domain model,"Payout in the Product model of the CDM describes the terms and conditions under which payments occur.

It captures details such as payment frequency, amount, and calculation methodology.

Payouts are critical for modeling the cash flow behavior of financial products.

The model ensures that payout terms are correctly applied across different asset classes."
What is Reusable in product model of the common domain model,"Reusable in the Product model of the CDM refers to components that can be applied across multiple products.

It includes generic data types, attributes, and functions that support modularity.

Reusable components promote consistency and reduce redundancy in model design.

They enable flexible and scalable modeling of diverse financial instruments."
What is Underlier in product model of the common domain model,"Underlier in the Product model of the CDM identifies the underlying asset or reference entity.

It is used in derivative products, structured products, and securitized instruments.

Underlier information is essential for determining product behavior and valuation.

The model ensures that underliers are consistently mapped to related product attributes.

"
What is Data Templates in product model of the common domain model,"Data Templates in the Product model of the CDM provide predefined structures for common product types.

They include standardized templates for derivatives, securities, and financing products.

Data Templates facilitate faster and more accurate modeling of new financial instruments.

They ensure consistency across different implementations of the CDM."
What is Products with Identifiers in product model of the common domain model,"Products with Identifiers in the Product model of the CDM capture the identification of financial products.

Identifiers include ISINs, CUSIPs, and other industry-standard codes.

Accurate identification of products supports regulatory compliance and trade validation.

The model ensures that product identifiers are consistently maintained and validated."
What is Product Qualification in product model of the common domain model,"Product Qualification in the Product model of the CDM determines the classification and eligibility of financial products.

It applies rules and criteria to assess whether a product meets specific conditions.

Product Qualification is useful for regulatory reporting, risk assessment, and trade validation.

The model supports dynamic qualification processes that adapt to changing market conditions."
Please give me an explnantion of Event model of the common domain model,"The Event model of the Common Domain Model (CDM) defines the processes and states that occur throughout a trade's lifecycle.

It captures the sequence of business events, state transitions, and actions applied to financial products.

The Event model ensures that each event is tracked and represented consistently across different stages.

By standardizing events, the model enables seamless automation and reduces operational risks."
What is Trade State in event model of the common domain model,"Trade State in the Event model of the CDM represents the current status of a trade at any given point.

It captures information about the trade’s attributes, lifecycle events, and counterparties.

Trade State reflects changes caused by events such as amendments, terminations, and resets.

Accurate trade state management ensures that all actions are recorded and validated."
What is Trade in event model of the common domain model,
What is State in event model of the common domain model,"State in the Event model of the CDM defines the condition of a trade, product, or agreement after an event.

It tracks the changes resulting from operations such as resets, novations, and terminations.

State management ensures that all transitions are captured and documented in a consistent manner.

The Event model uses state information to determine the next applicable actions."
What is Reset in event model of the common domain model,"Reset in the Event model of the CDM modifies the attributes of a trade or product based on predefined conditions.

It is commonly used in derivative contracts to update reference rates, payments, and other terms.

Reset ensures that changes are applied according to the product’s contractual terms.

The Event model validates and records reset operations to maintain trade integrity."
What is Transfer in event model of the common domain model,"Transfer in the Event model of the CDM represents the movement of value or assets between parties.

It includes payments, settlements, and margin transfers.

Transfer ensures that all financial obligations are met according to the agreed terms.

The model captures and validates transfer events to ensure consistency."
What is Primitive Operator in event model of the common domain model,"Primitive Operator in the Event model of the CDM defines the fundamental actions applied to a trade or state.

These include operations such as creating, updating, and terminating a trade.

Primitive Operators form the basis for constructing more complex business events.

The model ensures that primitive operations comply with defined rules and conditions."
What is Primitive Function in event model of the common domain model,"Primitive Function in the Event model of the CDM specifies the functional logic that governs state changes.

It processes data inputs and generates outputs that reflect the modified state.

Primitive Functions enable automation of complex event sequences.

The model ensures that functions are executed consistently across all events."
What is Primitive Instruction in event model of the common domain model,"Primitive Instruction in the Event model of the CDM defines a specific command to apply a primitive operator.

It describes the conditions, parameters, and actions required to execute a change.

Primitive Instructions facilitate the systematic application of event logic.

They ensure that event outcomes align with predefined rules and constraints."
What is Primitive Composition in event model of the common domain model,"Primitive Composition in the Event model of the CDM combines multiple primitive operators to create a higher-level event.

It defines the order, dependencies, and relationships between operations.

Primitive Composition enables the creation of complex business events.

The model ensures that compositions follow a structured and repeatable pattern."
What is Business Event in event model of the common domain model,"Business Event in the Event model of the CDM describes a real-world occurrence that affects a trade or state.

It includes actions such as execution, amendment, termination, and settlement.

Business Events provide a structured framework for capturing operational changes.

The model ensures that all business events follow defined processes and logic."
What is Event Composition in event model of the common domain model,"Event Composition in the Event model of the CDM organizes multiple related events into a coherent sequence.

It defines the order, dependencies, and conditions governing event execution.

Event Composition supports complex workflows and multi-step processes.

The model ensures that composed events maintain consistency and logical flow."
What is Event Qualification in event model of the common domain model,"Event Qualification in the Event model of the CDM determines whether a proposed event is valid for execution.

It applies predefined rules and criteria to assess the event’s feasibility.

Event Qualification helps prevent invalid or redundant actions.

The model ensures that only qualified events proceed to execution."
What is Intent in event model of the common domain model,"Intent in the Event model of the CDM captures the purpose or objective behind an event.

It defines the desired outcome and guides the execution of related actions.

Intent is used to validate that event sequences align with business objectives.

The model ensures that intents are clearly defined and consistently applied."
What is Workflow in event model of the common domain model,"Workflow in the Event model of the CDM describes the sequence of steps required to execute a business process.

It defines the order, dependencies, and criteria for advancing through different stages.

Workflow management ensures that business processes are followed accurately.

The model supports flexible workflows that adapt to different trade scenarios."
What is Workflow Step Business Event in event model of the common domain model,"Workflow Step Business Event in the Event model of the CDM represents an individual step within a workflow.

It captures a specific action or change applied to a trade or state.

Workflow Steps ensure that each stage of a business process is recorded and validated.

The model provides a framework for tracking progress and resolving exceptions."
What is Proposed Event in event model of the common domain model,"Proposed Event in the Event model of the CDM identifies a potential change that has not yet been executed.

It includes the event’s intent, conditions, and expected outcomes.

Proposed Events undergo qualification before being applied to the trade state.

The model ensures that only valid proposals advance to execution."
What is Next Event in event model of the common domain model,"Next Event in the Event model of the CDM identifies the subsequent action required in a workflow.

It determines the logical progression of events based on the current state.

Next Event ensures that workflows proceed smoothly and without errors.

The model dynamically adjusts next events based on changing conditions."
What is Previous Workflow Step in event model of the common domain model,"Previous Workflow Step in the Event model of the CDM captures the last completed step in a workflow.

It records the details and outcomes of the preceding event.

Previous Workflow Steps provide context for determining subsequent actions.

The model maintains a historical record of all workflow activities."
What is Action in event model of the common domain model,"Action in the Event model of the CDM defines the specific task or operation performed within an event.

It describes the changes applied to the trade state and the conditions governing them.

Actions ensure that events are executed accurately and consistently.

The model validates and records actions to maintain trade integrity."
Please explain The Use of Agreements in Financial Markets,"The use of agreements in financial markets establishes the legal framework for transactions and defines the rights and obligations of the parties involved.

Agreements provide a standardized structure for documenting terms, conditions, and compliance requirements.

They ensure that financial transactions are executed and settled according to agreed-upon terms.

By formalizing these arrangements, agreements help mitigate legal and operational risks."
Please explain Legal Agreements in the CDM,"Legal Agreements in the CDM capture the terms and conditions that govern financial transactions.

They define the contractual framework between counterparties and specify obligations, rights, and event triggers.

Legal Agreements ensure consistency in representing financial products and managing contractual terms.

The model supports a range of agreements, including master agreements, annexes, and transaction-level documents."
What is scope of legal agreements of common domain model,"The scope of legal agreements in the Common Domain Model (CDM) covers various types of contracts used in financial markets.

It includes master agreements, such as ISDA agreements, as well as collateral agreements and credit support documents.

The scope also extends to trade confirmations and product-specific schedules.

The model ensures that all types of legal agreements are captured with a consistent and flexible structure."
What is Design Principles of legal agreements of common domain model,"The design principles of legal agreements in the CDM emphasize modularity, composability, and normalization.

Modularity allows agreements to be broken down into reusable components, enhancing consistency.

Composability ensures that complex agreements can be built from simpler building blocks.

Normalization abstracts common components across agreements to promote standardization and reduce redundancy."
What is Agreement Identification of legal agreements of common domain model,"Agreement Identification in the legal agreements of the CDM provides a unique reference for each contract.

It captures details such as agreement type, version, and effective date.

Unique identification ensures accurate referencing and traceability of agreements.

The model supports multiple identifiers to align with industry standards and regulatory requirements.

"
What is Related Agreement of legal agreements of common domain model,"Related Agreement in the legal agreements of the CDM defines the linkage between different agreements.

It captures references to agreements that modify or extend the terms of the primary contract.

Related agreements ensure that dependencies and interconnections are properly recorded.

The model supports managing relationships between master agreements, annexes, and amendments."
What is Umbrella Agreement of legal agreements of common domain model,"Umbrella Agreement in the legal agreements of the CDM represents a master contract that governs multiple transactions.

It defines the overarching terms that apply to a series of related financial contracts.

Umbrella agreements reduce the need for repetitive documentation and ensure consistency.

The model captures the scope, applicability, and terms of the umbrella agreement."
What is Agreement Content of legal agreements of common domain model,"Agreement Content in the legal agreements of the CDM details the specific terms and conditions of a contract.

It includes clauses, definitions, and schedules that define the agreement’s operational framework.

Agreement Content ensures that all relevant contractual elements are captured accurately.

The model provides a structured way to represent agreement content for automated processing."
What is Agreement of legal agreements of common domain model,"Agreement in the legal agreements of the CDM serves as the parent object that captures the core details of a legal document.

It includes attributes such as agreement type, parties, effective date, and applicable terms.

Agreement provides a unified framework for managing various types of financial contracts.

The model ensures that agreement data is stored, retrieved, and validated consistently."
What is Counterparty of legal agreements of common domain model,"Counterparty in the legal agreements of the CDM identifies the parties involved in a financial contract.

It specifies the roles of the parties, including their obligations and entitlements.

Counterparty details are essential for defining the legal and operational aspects of agreements.

The model ensures that counterparties are properly recorded and linked to relevant agreements.

"
What is Modelling Approach of legal agreements of common domain model,"The modeling approach of legal agreements in the CDM follows an entity-relationship framework.

Agreements, counterparties, and associated terms are modeled as distinct but interconnected entities.

This approach ensures flexibility in representing complex agreement structures.

The model maintains consistency by adhering to established design principles."
What is Election Structure of legal agreements of common domain model,"Election Structure in the legal agreements of the CDM defines the choices or options exercised by the parties.

It captures selections related to payment terms, collateral arrangements, and dispute resolution mechanisms.

Election Structure ensures that the chosen terms are properly documented and enforced.

The model supports dynamic election structures that adapt to changing conditions."
Why a Process Model,"A Process Model is necessary to standardize and automate complex financial workflows.

It provides a consistent framework for executing, validating, and tracking financial processes.

The Process Model reduces operational risks by ensuring that actions are performed in accordance with predefined rules.

It also enhances efficiency by automating repetitive tasks and minimizing manual intervention."
What Is the Process Model,"The Process Model in the Common Domain Model (CDM) defines the sequence of operations that occur during the lifecycle of a financial transaction.

It models business processes such as trade validation, settlement, and margin management.

The Process Model captures input data, processes it through defined steps, and generates the corresponding output.

It ensures that each process follows a structured and logical flow."
How Does the Process Model Work,"The Process Model works by defining a set of steps, conditions, and actions that apply to a financial transaction.

Each step in the model applies a specific operation that modifies the state of the transaction.

The model validates input data, processes events, and updates the trade state accordingly.

It ensures that all steps are executed in the correct order and that process integrity is maintained."
What is the scope of process model in common domain model,"The scope of the Process Model in the CDM encompasses the entire lifecycle of financial transactions.

It covers pre-trade, post-trade, and settlement processes for various asset classes.

The model supports processes related to event management, data validation, and workflow automation.

It ensures that all operational aspects of a trade are captured and executed consistently."
What is the Coverage of process model in common domain model,"The coverage of the Process Model in the CDM includes trade execution, amendments, resets, and terminations.

It supports the processing of events such as novation, assignment, and margin adjustments.

The model also covers settlement processes, including payment, delivery, and confirmation.

It ensures that all relevant processes are standardized and interoperable."
What is the Granularity of process model in common domain model,"The granularity of the Process Model in the CDM defines the level of detail captured in each process.

It breaks down complex operations into smaller, manageable steps.

Each step represents a discrete action or validation that contributes to the overall process.

This approach enhances transparency and facilitates error detection and resolution."
What is the Validation Process of process model in common domain model,"The validation process of the Process Model in the CDM ensures that all inputs and conditions are correctly verified.

It applies validation rules to confirm that trade data meets predefined criteria.

Validation checks include data consistency, compliance with contractual terms, and regulatory requirements.

Errors identified during validation trigger corrective actions or notifications.

"
What is the Product Validation of process model in common domain model,"Product validation in the Process Model of the CDM verifies that financial products comply with defined standards.

It checks attributes such as pricing models, payment schedules, and risk factors.

Product validation ensures that trade data accurately reflects the terms of the underlying contract.

The model maintains consistency by applying validation rules uniformly across products.

"
What is the Calculation Process of process model in common domain model,"The calculation process of the Process Model in the CDM computes values such as payment amounts, interest accruals, and margin requirements.

It applies mathematical formulas and business logic to derive accurate results.

The model supports complex calculations that account for variable inputs and changing market conditions.

Accurate calculations ensure that financial obligations are correctly assessed and recorded."
What is the Base Libraries - Vector Math of process model in common domain model,"The base libraries - Vector Math in the Process Model of the CDM provide mathematical functions for processing multi-dimensional data.

These libraries enable operations such as matrix multiplication, vector addition, and transformation.

Vector Math libraries support financial calculations that involve multiple variables and scenarios.

They enhance computational efficiency and accuracy in large-scale data processing."
What is the Base Libraries - Date Math of process model in common domain model,"The base libraries - Date Math in the Process Model of the CDM handle date-related calculations.

They perform operations such as date addition, subtraction, and comparison.

Date Math libraries ensure that time-sensitive events and schedules are processed accurately.

They support date calculations required for trade settlement, payment processing, and accruals.

"
What is the Base Libraries - Daycounting of process model in common domain model,"The base libraries - Daycounting in the Process Model of the CDM calculate time intervals for interest and accrual calculations.

They apply industry-standard conventions such as Actual/360, Actual/365, and 30/360.

Daycounting libraries ensure consistency in computing period-specific payments and adjustments.

They support accurate interest and payment calculations across different asset classes."
What is the Floating Rate Option/Index Features of process model in common domain model,"Floating Rate Option/Index Features in the Process Model of the CDM define reference rates used in floating rate contracts.

They capture details such as rate sources, reset frequencies, and fallback provisions.

Floating Rate Options are used in derivatives, bonds, and other interest-bearing products.

The model ensures that rate calculations and adjustments align with contract terms."
What is the Fixed Amount and Floating Amount Definitions of process model in common domain model,"Fixed Amount and Floating Amount Definitions in the Process Model of the CDM describe the payment structures in financial contracts.

Fixed Amounts specify predetermined payment values, while Floating Amounts vary based on reference rates.

The model captures the terms, calculation methods, and conditions associated with each amount type.

This ensures that payment obligations are accurately represented and executed."
What is the Year Fraction of process model in common domain model,"Year Fraction in the Process Model of the CDM calculates the proportion of a year applicable to a given period.

It applies day count conventions to determine the fraction of the year for interest accruals.

Year Fraction calculations are critical for determining payment amounts and interest rates.

The model ensures consistency in applying year fraction methodologies across products."
What is the Utility Function of process model in common domain model,"Utility Function in the Process Model of the CDM provides reusable operations that support core business processes.

They include functions for data validation, error handling, and value transformation.

Utility Functions enhance efficiency by standardizing common operations.

The model ensures that utility functions are consistently applied across workflows."
What is the Equity Performance of process model in common domain model,"Equity Performance in the Process Model of the CDM measures the returns and performance of equity assets.

It calculates metrics such as dividends, price changes, and total returns.

Equity Performance supports risk assessment, portfolio management, and valuation processes.

The model ensures that equity-related calculations are accurately represented."
What is the Billing of process model in common domain model,"Billing in the Process Model of the CDM manages the calculation and generation of invoices for financial services.

It tracks fees, payments, and outstanding balances.

Billing processes ensure that financial obligations are accurately recorded and reported.

The model supports automated billing workflows that enhance operational efficiency."
What is the Primitive Creation of process model in common domain model,"Primitive Creation in the Process Model of the CDM defines the initialization of new objects in the model.

It captures the attributes, values, and relationships associated with the newly created entity.

Primitive Creation ensures that all objects are properly instantiated and validated.

The model supports consistent creation of objects across different processes."
What is reference data model in common domain model,"The Reference Data Model in the Common Domain Model (CDM) defines the standard set of reference values used across financial products and processes.

It includes data such as currency codes, country identifiers, and legal entity identifiers.

The Reference Data Model ensures consistency by mapping these values to industry standards.

It facilitates seamless integration and interoperability between different systems."
What is Mapping (Synonym) in common domian model,"Mapping (Synonym) in the Common Domain Model (CDM) defines the relationships between CDM components and equivalent elements in other industry standards.

It provides a translation layer that links CDM attributes to corresponding terms used in formats such as FpML, FIX, and ISO 20022.

Mapping ensures interoperability by enabling seamless data exchange between CDM and external systems.

It reduces implementation effort by aligning CDM structures with widely accepted industry formats."
